-- phpMyAdmin SQL Dump
-- version 5.1.1
-- https://www.phpmyadmin.net/
--
-- Servidor: 127.0.0.1
-- Tiempo de generación: 04-03-2023 a las 22:09:49
-- Versión del servidor: 10.4.21-MariaDB
-- Versión de PHP: 7.3.31

SET SQL_MODE = "NO_AUTO_VALUE_ON_ZERO";
START TRANSACTION;
SET time_zone = "+00:00";


/*!40101 SET @OLD_CHARACTER_SET_CLIENT=@@CHARACTER_SET_CLIENT */;
/*!40101 SET @OLD_CHARACTER_SET_RESULTS=@@CHARACTER_SET_RESULTS */;
/*!40101 SET @OLD_COLLATION_CONNECTION=@@COLLATION_CONNECTION */;
/*!40101 SET NAMES utf8mb4 */;

--
-- Base de datos: `ferresystem`
--

-- --------------------------------------------------------

--
-- Estructura de tabla para la tabla `articulos`
--

CREATE TABLE `articulos` (
  `idarticulo` int(11) NOT NULL,
  `proveedor` int(11) DEFAULT NULL,
  `codigobarras` bigint(20) DEFAULT 0,
  `nombreart` varchar(100) DEFAULT NULL,
  `descripcion` longtext DEFAULT NULL,
  `clasificacion` int(11) NOT NULL,
  `iva` tinyint(4) DEFAULT NULL,
  `costo` float DEFAULT 0,
  `estado` tinyint(4) DEFAULT 0,
  `fecha_alta` date DEFAULT NULL,
  `fec_ult_compra` date DEFAULT NULL
) ENGINE=InnoDB DEFAULT CHARSET=utf8;

--
-- Volcado de datos para la tabla `articulos`
--

INSERT INTO `articulos` (`idarticulo`, `proveedor`, `codigobarras`, `nombreart`, `descripcion`, `clasificacion`, `iva`, `costo`, `estado`, `fecha_alta`, `fec_ult_compra`) VALUES
(11, 1, 4893055007096, 'Kit de herramientas', 'probando', 1, 10, 7800, 0, '2021-01-16', '2021-01-16'),
(12, 1, 4893055002060, 'Presilladora', NULL, 1, 10, 10200, 0, '2021-01-16', '2021-01-16'),
(13, 1, 4893055050023, 'Presilladora Pequena', 'Este producto sirve para muchas cosas xD', 1, 10, 7200, 0, '2021-01-16', '2021-01-16'),
(14, 1, 6935695121119, 'Clips ', NULL, 1, 10, 0, 0, '2021-01-16', '2021-01-16'),
(15, 1, 6935695121188, 'Clips Square', NULL, 1, 10, 5000, 0, '2021-01-16', '2021-01-16'),
(16, 1, 6904654645584, 'Grampa  KOFA', NULL, 1, 10, 1450, 0, '2021-01-16', '2021-01-16'),
(17, 1, 6923041321269, 'Tachuela KOFA', NULL, 1, 10, 0, 0, '2021-01-16', '2021-01-16'),
(18, 1, 7891027245429, 'Lapiz de Papel Tilibra N2', NULL, 1, 10, 0, 0, '2021-01-16', '2021-01-16'),
(19, 1, 7891027245351, 'Lapiz de Papel Jolie', NULL, 1, 10, 0, 0, '2021-01-16', '2021-01-16'),
(20, 1, 4006381128261, 'Lapiz de Papel Stabilo HB 2 1/2', 'Este articulo sirve para escribir de la mejor manera posible', 1, 10, 10000, 0, '2021-01-16', '2021-01-16'),
(23, 1, 7891360548263, 'Lapiz de papel Faber Castell 2HB sin borrador', NULL, 1, 10, 0, 0, '2021-01-16', '2021-01-16'),
(24, 1, 0, 'Lapiz de Papel Faber Castell 2B con borrador', NULL, 1, 10, 817, 0, '2021-01-16', '2021-01-16'),
(25, 1, 7891360424444, 'Lapiz de papel Faber Castell con tabla y borrador', NULL, 1, 10, 0, 0, '2021-01-16', '2021-01-16'),
(26, 1, 7891360424413, 'Lapiz de papel Faber Castell con tabla sin borrador', NULL, 1, 10, 0, 0, '2021-01-16', '2021-01-16'),
(27, 1, 7891360424420, 'Lapiz de Papel Faber Castell banderita sin borrador', NULL, 1, 10, 0, 0, '2021-01-16', '2021-01-16'),
(28, 1, 7891360548256, 'Lapiz de papel Faber Castell 2HB con borrador', NULL, 1, 10, 0, 0, '2021-01-16', '2021-01-16'),
(29, 1, 8595147801129, 'Lapiz de Papel Stabilo HB2 con borrador', NULL, 1, 10, 0, 0, '2021-01-16', '2021-01-16'),
(30, 1, 8595147801136, 'Lapiz de Papel Stabilo HB 2 1/2 con borrador', NULL, 1, 10, 0, 0, '2021-01-16', '2021-01-16'),
(31, 1, 8595147801112, 'Lapiz de papel Stabilo HB 2 1/2 con borrador', NULL, 1, 10, 0, 0, '2021-01-16', '2021-01-16'),
(32, 1, 8595147801143, 'Lapiz de papel Stabilo HB 2 con borrador', NULL, 1, 10, 0, 0, '2021-01-16', '2021-01-16'),
(33, 1, 4006381527750, 'Lapiz de papel Stabilo HB2 con borrador', NULL, 1, 10, 0, 0, '2021-01-16', '2021-01-16'),
(34, 1, 4006381527798, 'Lapiz de papel Stabilo HB2 con borrador', NULL, 1, 10, 0, 0, '2021-01-16', '2021-01-16'),
(35, 1, 4006381527781, 'Lapiz de papel Stabilo HB2 con borrador', NULL, 1, 10, 0, 0, '2021-01-16', '2021-01-16'),
(36, 1, 4006381527774, 'Lapiz de papel Stabilo HB2 con borrador', NULL, 1, 10, 0, 0, '2021-01-16', '2021-01-16'),
(37, 1, 4006381527767, 'Lapiz de papel Stabilo HB2 con borrador', NULL, 1, 10, 0, 0, '2021-01-16', '2021-01-16'),
(38, 1, 4006381527743, 'Lapiz de papel Stabilo HB2 con borrador', NULL, 1, 10, 0, 0, '2021-01-16', '2021-01-16'),
(39, 1, 4006381117975, 'Lapiz de bibujo 2B 1 1/2 ', NULL, 1, 10, 0, 0, '2021-01-16', '2021-01-16'),
(40, 1, 4006381118095, 'Lapiz de dibujo 4B0 ', NULL, 1, 10, 0, 0, '2021-01-16', '2021-01-16'),
(41, 1, 4006381170321, 'Lapiz de dibujo 6B', NULL, 1, 10, 0, 0, '2021-01-16', '2021-01-16'),
(42, 1, 4006381170314, 'Lapiz de dibujo 5B', NULL, 1, 10, 0, 0, '2021-01-16', '2021-01-16'),
(43, 1, 8595147804045, 'Lapiz de diseno 8B', NULL, 1, 10, 0, 0, '2021-01-16', '2021-01-16'),
(44, 1, 8595147804038, 'lapiz de diseno 7B', NULL, 1, 10, 0, 0, '2021-01-16', '2021-01-16'),
(45, 1, 4006381117852, 'lapiz de diseno B2', NULL, 1, 10, 0, 0, '2021-01-16', '2021-01-16'),
(46, 1, 4006381118033, 'lapiz de diseno', NULL, 1, 10, 0, 0, '2021-01-16', '2021-01-16'),
(47, 1, 4006381117944, 'Lapiz de diseno HB 2 1/2 ', NULL, 1, 10, 0, 0, '2021-01-16', '2021-01-16'),
(48, 1, 4006381119047, 'Marcador Permanente Stabilo Punta Gruesa', NULL, 1, 10, 0, 0, '2021-01-16', '2021-01-16'),
(49, 1, 4006381119061, 'Marcador Permanente Stabilo Punta Gruesa', NULL, 1, 10, 0, 0, '2021-01-16', '2021-01-16'),
(50, 1, 4006381327954, 'Marcador Permanente Stabilo Punta fina', NULL, 1, 10, 0, 0, '2021-01-16', '2021-01-16'),
(51, 1, 4006381136396, 'Marcador Permanente Stabilo Punta Fina', NULL, 1, 10, 0, 0, '2021-01-16', '2021-01-16'),
(52, 1, 6935695111035, 'Alfiler sin cabeza', NULL, 1, 10, 0, 0, '2021-01-16', '2021-01-16'),
(53, 1, 6932163410829, 'Tinta para almohadilla ', NULL, 1, 10, 0, 0, '2021-01-16', '2021-01-16'),
(54, 1, 483055018986, 'Porta cinta', NULL, 1, 10, 0, 0, '2021-01-16', '2021-01-16'),
(55, 1, 4893055200145, 'Pinche', NULL, 1, 10, 0, 0, '2021-01-16', '2021-01-16'),
(56, 1, 6932163411499, 'Almohadilla', NULL, 1, 10, 0, 0, '2021-01-16', '2021-01-16'),
(57, 1, 8881688393422, 'Juguete Telefono', NULL, 1, 10, 0, 0, '2021-01-16', '2021-01-16'),
(58, 1, 8888803212033, 'Tablet de Juguete', NULL, 1, 10, 0, 0, '2021-01-16', '2021-01-16'),
(59, 1, 6908110676402, 'Tumba de Juguete', NULL, 1, 10, 0, 0, '2021-01-16', '2021-01-16'),
(60, 1, 7840033987120, 'Bibliorato Lomo fino ', NULL, 1, 10, 7050, 0, '2021-01-16', '2021-01-16'),
(62, 1, 7840303548020, 'Bibliorato diseno vaquero', NULL, 1, 10, 0, 0, '2021-01-16', '2021-01-16'),
(63, 1, 7840303391138, 'Bibliorato tres anillos', NULL, 1, 10, 0, 0, '2021-01-16', '2021-01-16'),
(64, 1, 7840294004802, 'Bibliorato Avon', NULL, 1, 10, 0, 0, '2021-01-16', '2021-01-16'),
(65, 1, 7898449082892, 'Plancheta stalo', NULL, 1, 10, 0, 0, '2021-01-16', '2021-01-16'),
(66, 1, 4716982042445, 'Carpeta Data Bank a4', NULL, 1, 10, 0, 0, '2021-01-16', '2021-01-16'),
(67, 1, 4716982049475, 'Carpeta Data Bank a4', NULL, 1, 10, 0, 0, '2021-01-16', '2021-01-16'),
(68, 1, 4716982042452, 'Carpeta Data Bank a4', NULL, 1, 10, 0, 0, '2021-01-16', '2021-01-16'),
(69, 1, 4716982141988, 'Carpeta Data Bank a4', NULL, 1, 10, 0, 0, '2021-01-16', '2021-01-16'),
(70, 1, 4716982042551, 'Carpeta Data Bank Oficio', NULL, 1, 10, 0, 0, '2021-01-16', '2021-01-16'),
(71, 1, 4716982042643, 'Carpeta Data Bank Oficio', NULL, 1, 10, 0, 0, '2021-01-16', '2021-01-16'),
(72, 1, 7840303318296, 'Carpeta tapa transparente oficio', NULL, 1, 10, 3020, 0, '2021-01-16', '2021-01-16'),
(73, 1, 7891027140878, 'Carpeta con goma tilibra para hombre ben 10', NULL, 1, 10, 0, 0, '2021-01-16', '2021-01-16'),
(74, 1, 7891027132071, 'Carpeta con goma tilibra para hombre racing', NULL, 1, 10, 0, 0, '2021-01-16', '2021-01-16'),
(75, 1, 7891027121136, 'Carpeta con goma tilibra para mujer', NULL, 1, 10, 0, 0, '2021-01-16', '2021-01-16'),
(76, 1, 7840303391060, 'Carpeta T/D Forro cuerina Duson', NULL, 1, 10, 10874, 0, '2021-01-16', '2021-01-16'),
(77, 1, 7501014650012, 'Plastilina Modelina', NULL, 1, 10, 4400, 0, '2021-01-16', '2021-01-16'),
(78, 1, 7897464700231, 'Crayola Koala 12 unidades', NULL, 1, 10, 0, 0, '2021-01-16', '2021-01-16'),
(79, 1, 4006381492355, 'Marcador Stabilo Boss                                                                               ', NULL, 1, 10, 0, 0, '2021-01-16', '2021-01-16'),
(80, 1, 4006381492386, 'Marcador Stabilo Boss', NULL, 1, 10, 0, 0, '2021-01-16', '2021-01-16'),
(81, 1, 4006381492324, 'Marcador Stabilo Boss', NULL, 1, 10, 0, 0, '2021-01-16', '2021-01-16'),
(82, 1, 4006381492294, 'Marcador Stabilo Boss', NULL, 1, 10, 0, 0, '2021-01-16', '2021-01-16'),
(83, 1, 4006381333641, 'Marcador Stabilo Boss', NULL, 1, 10, 0, 0, '2021-01-16', '2021-01-16'),
(84, 1, 4, 'Flauta', NULL, 1, 10, 0, 0, '2021-01-16', '2021-01-16'),
(85, 1, 0, 'Boligrafo Stabilo galaxy 818', NULL, 1, 10, 0, 0, '2021-01-16', '2021-01-16'),
(86, 1, 0, 'Boligrafo Stabilo galaxy 818', NULL, 1, 10, 0, 0, '2021-01-16', '2021-01-16'),
(87, 1, 0, 'Boligrafo Stabilo galaxy 818', NULL, 1, 10, 0, 0, '2021-01-16', '2021-01-16'),
(88, 1, 0, 'Boligrafo Stabilo galaxy 818M', NULL, 1, 10, 0, 0, '2021-01-16', '2021-01-16'),
(89, 1, 0, 'Boligrafo Stabilo galaxy 818M', NULL, 1, 10, 0, 0, '2021-01-16', '2021-01-16'),
(90, 1, 0, 'Boligrafo Stabilo galaxy 818F', NULL, 1, 10, 0, 0, '2021-01-16', '2021-01-16'),
(91, 1, 0, 'Boligrafo Stabilo galaxy 818F', NULL, 1, 10, 0, 0, '2021-01-16', '2021-01-16'),
(92, 1, 0, 'Boligrafo Stabilo galaxy 818M', NULL, 1, 10, 0, 0, '2021-01-16', '2021-01-16'),
(93, 1, 0, 'Boligrafo Stabilo galaxy 818F', NULL, 1, 10, 0, 0, '2021-01-16', '2021-01-16'),
(94, 1, 0, 'Boligrafo Stabilo galaxy 818F', NULL, 1, 10, 0, 0, '2021-01-16', '2021-01-16'),
(95, 1, 0, 'Boligrafo Stabilo excel 828N', NULL, 1, 10, 0, 0, '2021-01-16', '2021-01-16'),
(96, 1, 0, 'Boligrafo Stabilo excel 828M', NULL, 1, 10, 0, 0, '2021-01-16', '2021-01-16'),
(97, 1, 0, 'Boligrafo Stabilo excel 828N', NULL, 1, 10, 0, 0, '2021-01-16', '2021-01-16'),
(98, 1, 0, 'Boligrafo Stabilo excel 828M', NULL, 1, 10, 0, 0, '2021-01-16', '2021-01-16'),
(99, 1, 0, 'Boligrafo Stabilo excel 828N', NULL, 1, 10, 0, 0, '2021-01-16', '2021-01-16'),
(100, 1, 0, 'Boligrafo Stabilo liner 808F', NULL, 2, 10, 0, 0, '2021-01-16', '2021-01-16'),
(101, 1, 0, 'Boligrafo Stabilo liner 808F', NULL, 2, 10, 0, 0, '2021-01-16', '2021-01-16'),
(102, 1, 0, 'Boligrafo Stabilo liner 808F', NULL, 2, 10, 0, 0, '2021-01-16', '2021-01-16'),
(103, 1, 0, 'Boligrafo Stabilo liner 808M', NULL, 2, 10, 0, 0, '2021-01-16', '2021-01-16'),
(104, 1, 0, 'Boligrafo Stabilo liner 808F', NULL, 2, 10, 0, 0, '2021-01-16', '2021-01-16'),
(105, 1, 0, 'Boligrafo Stabilo liner 808M', NULL, 2, 10, 0, 0, '2021-01-16', '2021-01-16'),
(106, 1, 0, 'Boligrafo Stabilo LINER 808F', NULL, 2, 10, 0, 0, '2021-01-16', '2021-01-16'),
(107, 1, 0, 'Boligrafo Stabilo liner 808F', NULL, 2, 10, 0, 0, '2021-01-16', '2021-01-16'),
(108, 1, 7896342902217, 'Borrador MErcur de 40', NULL, 2, 10, 0, 0, '2021-01-16', '2021-01-16'),
(109, 1, 7896342902200, 'Borrador Mercur de 20', NULL, 2, 10, 0, 0, '2021-01-16', '2021-01-16'),
(110, 1, 7896342902224, 'Borrador Mercur de 60', NULL, 2, 10, 0, 0, '2021-01-16', '2021-01-16'),
(111, 1, 7891360641209, 'Borrador de Faber Castell Grande', NULL, 2, 10, 3183, 0, '2021-01-16', '2021-01-16'),
(112, 1, 7891027245306, 'Borrador tilibra Jolie', NULL, 2, 10, 0, 0, '2021-01-16', '2021-01-16'),
(113, 1, 9556091511907, 'borrador stabilo', NULL, 2, 10, 0, 0, '2021-01-16', '2021-01-16'),
(114, 1, 9556091108145, 'Borrador stabilo', NULL, 2, 10, 0, 0, '2021-01-16', '2021-01-16'),
(115, 1, 9556091108145, 'Borrador stabilo', NULL, 2, 10, 0, 0, '2021-01-16', '2021-01-16'),
(116, 1, 9556091108145, 'Borrador stabilo', NULL, 2, 10, 0, 0, '2021-01-16', '2021-01-16'),
(117, 1, 9556091108145, 'borrador stabilo', NULL, 2, 10, 0, 0, '2021-01-16', '2021-01-16'),
(118, 1, 9556091108145, 'Borrador stabilo ', NULL, 2, 10, 0, 0, '2021-01-16', '2021-01-16'),
(119, 1, 1183, 'borrador stabilo chico', NULL, 2, 10, 0, 0, '2021-01-16', '2021-01-16'),
(120, 1, 8801067040433, 'Marcador gemini de dos puntas', NULL, 2, 10, 3250, 0, '2021-01-16', '2021-01-16'),
(121, 1, 7754111654449, 'Marcador permanente Faber Castell', NULL, 2, 10, 0, 0, '2021-01-16', '2021-01-16'),
(122, 1, 7754111654227, 'Marcador permanente faber castell ', NULL, 2, 10, 1600, 0, '2021-01-16', '2021-01-16'),
(123, 1, 7754111654111, 'Marcador permanente faber castell', NULL, 2, 10, 1600, 0, '2021-01-16', '2021-01-16'),
(124, 1, 7754111654333, 'Marcador permanente faber castell', NULL, 2, 10, 1600, 0, '2021-01-16', '2021-01-16'),
(125, 1, 7891360436522, 'marcador faber castell grueso', NULL, 2, 10, 0, 0, '2021-01-16', '2021-01-16'),
(126, 1, 734484149923, 'marcador para pizarra acrilica', NULL, 2, 10, 0, 0, '2021-01-16', '2021-01-16'),
(127, 1, 734484149947, 'marcador para pizarra acrilico', NULL, 2, 10, 0, 0, '2021-01-16', '2021-01-16'),
(128, 1, 734484149930, 'marcador para pizarra acrilico', NULL, 2, 10, 0, 0, '2021-01-16', '2021-01-16'),
(129, 1, 734484149916, 'marcador para pizarra acrilico', NULL, 2, 10, 0, 0, '2021-01-16', '2021-01-16'),
(130, 1, 7754111532037, 'Boligrafo Faber Castell', NULL, 2, 10, 0, 0, '2021-01-16', '2021-01-16'),
(131, 1, 7754111532013, 'boligrafo faber castell', NULL, 2, 10, 700, 0, '2021-01-16', '2021-01-16'),
(132, 1, 4006381111683, 'stabilo pen 68 grueso por paquete', NULL, 2, 10, 0, 0, '2021-01-16', '2021-01-16'),
(133, 1, 4006381493499, 'Stabilo point 88 por paquete', NULL, 2, 10, 0, 0, '2021-01-16', '2021-01-16'),
(134, 1, 4006381438599, 'stabilo point 88 fluor', NULL, 2, 10, 0, 0, '2021-01-16', '2021-01-16'),
(135, 1, 4006381367196, 'Stabilo point 88 mini por paquete', NULL, 2, 10, 0, 0, '2021-01-16', '2021-01-16'),
(136, 1, 4006381506076, 'stabilo point 88 estuche colorido', NULL, 2, 10, 0, 0, '2021-01-16', '2021-01-16'),
(137, 1, 4006381360692, 'stabilo point 88 estuche comun', NULL, 2, 10, 0, 0, '2021-01-16', '2021-01-16'),
(138, 1, 6939540575782, 'tijerita escolar office', NULL, 2, 10, 0, 0, '2021-01-16', '2021-01-16'),
(139, 1, 71641355491, 'marcador sharpie', NULL, 2, 10, 0, 0, '2021-01-16', '2021-01-16'),
(140, 1, 71641355545, 'Marcador sharpie', NULL, 2, 10, 0, 0, '2021-01-16', '2021-01-16'),
(141, 1, 71641355583, 'marcador sharpie ', NULL, 2, 10, 0, 0, '2021-01-16', '2021-01-16'),
(142, 1, 71641355514, 'marcador sharpie ', NULL, 2, 10, 0, 0, '2021-01-16', '2021-01-16'),
(143, 1, 71641355521, 'marcador sharpie', NULL, 2, 10, 0, 0, '2021-01-16', '2021-01-16'),
(144, 1, 8906001224075, 'corrector a cinta', NULL, 2, 10, 0, 0, '2021-01-16', '2021-01-16'),
(145, 1, 4716493732330, 'corrector lapiz faber castell', NULL, 2, 10, 3300, 0, '2021-01-16', '2021-01-16'),
(146, 1, 0, 'Pilot faber castell fino', NULL, 2, 10, 0, 0, '2021-01-16', '2021-01-16'),
(147, 1, 0, 'boligrafo big ', NULL, 2, 10, 0, 0, '2021-01-16', '2021-01-16'),
(148, 1, 0, 'boligrafo big', NULL, 2, 10, 0, 0, '2021-01-16', '2021-01-16'),
(149, 1, 7840303724011, 'boligrafo duson', NULL, 2, 10, 0, 0, '2021-01-16', '2021-01-16'),
(150, 1, 0, 'sacapuntas con basurero faber castell', NULL, 2, 10, 0, 0, '2021-01-16', '2021-01-16'),
(151, 1, 0, 'click mariposa', NULL, 2, 10, 0, 0, '2021-01-16', '2021-01-16'),
(152, 1, 0, 'sacapuntas metalico doble', NULL, 2, 10, 0, 0, '2021-01-16', '2021-01-16'),
(153, 1, 0, 'sacapuntas con borrador stabilo', NULL, 2, 10, 0, 0, '2021-01-16', '2021-01-16'),
(154, 1, 0, 'sacapuntas con borrador faber castell', NULL, 2, 10, 0, 0, '2021-01-16', '2021-01-16'),
(155, 1, 7891360629566, 'Borrador faber castell ', NULL, 2, 10, 1379, 0, '2021-01-16', '2021-01-16'),
(156, 1, 0, 'planillero boligel duson', NULL, 2, 10, 0, 0, '2021-01-16', '2021-01-16'),
(157, 1, 0, 'planillero duson', NULL, 2, 10, 0, 0, '2021-01-16', '2021-01-16'),
(158, 1, 0, 'planillero duson', NULL, 2, 10, 0, 0, '2021-01-16', '2021-01-16'),
(159, 1, 0, 'planillero duson', NULL, 2, 10, 0, 0, '2021-01-16', '2021-01-16'),
(160, 1, 0, 'planillero duson ', NULL, 2, 10, 0, 0, '2021-01-16', '2021-01-16'),
(161, 1, 0, 'planillero duson', NULL, 2, 10, 0, 0, '2021-01-16', '2021-01-16'),
(162, 1, 7891360628811, 'lapiz borracha', NULL, 2, 10, 0, 0, '2021-01-16', '2021-01-16'),
(163, 1, 7891360472636, 'minas 05', NULL, 2, 10, 0, 0, '2021-01-16', '2021-01-16'),
(164, 1, 7891360472742, 'minas 07', NULL, 2, 10, 0, 0, '2021-01-16', '2021-01-16'),
(165, 1, 0, 'boligrafo big punta fina', NULL, 2, 10, 0, 0, '2021-01-16', '2021-01-16'),
(167, 1, 4006381333276, 'Stabilo Pen 68 ', NULL, 2, 10, 0, 0, '2021-01-16', '2021-01-16'),
(168, 1, 4006381333269, 'Stabilo Pen 68 ', NULL, 2, 10, 0, 0, '2021-01-16', '2021-01-16'),
(169, 1, 4006381333382, 'Stabilo Pen 68 ', NULL, 2, 10, 0, 0, '2021-01-16', '2021-01-16'),
(170, 1, 4006381333368, 'Stabilo Pen 68 ', NULL, 2, 10, 0, 0, '2021-01-16', '2021-01-16'),
(171, 1, 4006381333290, 'Stabilo Pen 68 ', NULL, 2, 10, 0, 0, '2021-01-16', '2021-01-16'),
(172, 1, 6988901514496, 'rompecabezas abc', NULL, 2, 10, 0, 0, '2021-01-16', '2021-01-16'),
(173, 1, 5, 'Tembleque chico', NULL, 2, 10, 0, 0, '2021-01-16', '2021-01-16'),
(174, 1, 88102, 'Rompecabezas de goma eva', NULL, 2, 10, 0, 0, '2021-01-16', '2021-01-16'),
(175, 1, 921, 'rompecabezas goma eva figuras geometricas', NULL, 2, 10, 0, 0, '2021-01-16', '2021-01-16'),
(176, 1, 901, 'rompecabezas goma eva abecedario', NULL, 2, 10, 0, 0, '2021-01-16', '2021-01-16'),
(178, 1, 3, 'colchetes N6', NULL, 2, 10, 0, 0, '2021-01-16', '2021-01-16'),
(179, 1, 1, 'colchetes N3', NULL, 2, 10, 0, 0, '2021-01-16', '2021-01-16'),
(180, 1, 2, 'colchetes N5', NULL, 2, 10, 0, 0, '2021-01-16', '2021-01-16'),
(181, 1, 9, 'rompeabezas de madera', NULL, 2, 10, 0, 0, '2021-01-16', '2021-01-16'),
(182, 1, 7840294004772, 'tabla periodica avon', NULL, 2, 10, 0, 0, '2021-01-16', '2021-01-16'),
(183, 1, 7840090004457, 'tijera office Alamo ', NULL, 2, 10, 0, 0, '2021-01-16', '2021-01-16'),
(184, 1, 4893055395858, 'Tijeras Eagle Grande', NULL, 2, 10, 0, 0, '2021-01-16', '2021-01-16'),
(185, 1, 6939540575690, 'triangulo de 45', NULL, 2, 10, 0, 0, '2021-01-16', '2021-01-16'),
(186, 1, 11, 'porta minas de metal stabilo', NULL, 2, 10, 0, 0, '2021-01-16', '2021-01-16'),
(187, 1, 7891360492412, 'lapiz de carpinteria', NULL, 2, 10, 0, 0, '2021-01-16', '2021-01-16'),
(188, 1, 6933256605115, 'porta minas faber castell 0.5', NULL, 2, 10, 0, 0, '2021-01-16', '2021-01-16'),
(189, 1, 6933256605122, 'porta minas faber castell 0.7', NULL, 2, 10, 0, 0, '2021-01-16', '2021-01-16'),
(190, 1, 7891027243944, 'boligrafo tilibra de colores', NULL, 2, 10, 0, 0, '2021-01-16', '2021-01-16'),
(191, 1, 7891360589372, 'crayola faber castell de 15 corto grueso', NULL, 2, 10, 0, 0, '2021-01-16', '2021-01-16'),
(192, 1, 7891360610472, 'marcador faber castell de 6', NULL, 2, 10, 0, 0, '2021-01-16', '2021-01-16'),
(193, 1, 7891360577485, 'Marcador Faber castell de 12', NULL, 2, 10, 12600, 0, '2021-01-16', '2021-01-16'),
(194, 1, 7891360638735, 'lapices de colores faber castell bicolor de 12', NULL, 2, 10, 11100, 0, '2021-01-16', '2021-01-16'),
(195, 1, 7891360577546, 'lapices de colores faber castell de 12 ', NULL, 2, 10, 10300, 0, '2021-01-16', '2021-01-16'),
(196, 1, 7891360638605, 'lapices de colores de 24 colores faber castell acuarelado', NULL, 2, 10, 30200, 0, '2021-01-16', '2021-01-16'),
(197, 1, 7891360638445, 'Lapices de colores de 24 faber castell ', NULL, 2, 10, 18300, 0, '2021-01-16', '2021-01-16'),
(198, 1, 7891360520481, 'crayola faber casetll de 12 unidades largo', NULL, 2, 10, 0, 0, '2021-01-16', '2021-01-16'),
(199, 1, 7891360520528, 'crayola faber castell 12 unidades corto', NULL, 2, 10, 0, 0, '2021-01-16', '2021-01-16'),
(200, 1, 7891360638667, 'lapices de colores faber castell de 6 corto', NULL, 3, 10, 0, 0, '2021-01-16', '2021-01-16'),
(201, 1, 7891360611318, 'marcadores faber castell de 24', NULL, 3, 10, 0, 0, '2021-01-16', '2021-01-16'),
(202, 1, 7754111001212, 'Marcador faber castell de 12 fiesta', NULL, 3, 10, 7900, 0, '2021-01-16', '2021-01-16'),
(203, 1, 7840303105117, 'seÃ±alador duson', NULL, 3, 10, 0, 0, '2021-01-16', '2021-01-16'),
(204, 1, 7891360331100, 'marcador jumbo faber castell de 6', NULL, 3, 10, 0, 0, '2021-01-16', '2021-01-16'),
(205, 1, 9788430300631, 'diccionario sopena mini espanol', NULL, 3, 10, 0, 0, '2021-01-16', '2021-01-16'),
(206, 1, 9788430300556, 'diccionario sopena grande espanol', NULL, 3, 10, 0, 0, '2021-01-16', '2021-01-16'),
(207, 1, 0, 'diccionario guarani pequeÃ±o', NULL, 3, 10, 9950, 0, '2021-01-16', '2021-01-16'),
(208, 1, 0, 'Diccionario guarani grande', NULL, 3, 10, 17200, 0, '2021-01-16', '2021-01-16'),
(209, 1, 9789501111583, 'diccionario sigmar sinonimos antonimos', NULL, 3, 10, 0, 0, '2021-01-16', '2021-01-16'),
(210, 1, 7840303140255, 'lapices de colores duson de 24 acuareado', NULL, 3, 10, 0, 0, '2021-01-16', '2021-01-16'),
(211, 1, 7840303140248, 'lapices de colores duson de 24 ', NULL, 3, 10, 0, 0, '2021-01-16', '2021-01-16'),
(212, 1, 7840303140194, 'lapices de colores duson de 36 acuarelado', NULL, 3, 10, 0, 0, '2021-01-16', '2021-01-16'),
(213, 1, 6954884577407, 'marcadores fiber marker de 12', NULL, 3, 10, 0, 0, '2021-01-16', '2021-01-16'),
(214, 1, 6954884549459, 'marcadores color pencil de 12', NULL, 3, 10, 0, 0, '2021-01-16', '2021-01-16'),
(215, 1, 0, 'reglas waleu figuras geometricas ', NULL, 3, 10, 0, 0, '2021-01-16', '2021-01-16'),
(216, 1, 6939540583220, 'reglas office abecedario', NULL, 3, 10, 0, 0, '2021-01-16', '2021-01-16'),
(217, 1, 6939540589116, 'reglas office abecedario', NULL, 3, 10, 0, 0, '2021-01-16', '2021-01-16'),
(218, 1, 6939540589116, 'reglas office abecedario', NULL, 3, 10, 0, 0, '2021-01-16', '2021-01-16'),
(219, 1, 6939540573078, 'escuadra office de 45', NULL, 3, 10, 0, 0, '2021-01-16', '2021-01-16'),
(220, 1, 6939540573047, 'escuadra office de 60', NULL, 3, 10, 0, 0, '2021-01-16', '2021-01-16'),
(221, 1, 6939540578363, 'set de geometria office', NULL, 3, 10, 0, 0, '2021-01-16', '2021-01-16'),
(222, 1, 13, 'regla de madera de 30 cm', NULL, 3, 10, 0, 0, '2021-01-16', '2021-01-16'),
(223, 1, 14, 'regla de cristal de 30cm', NULL, 3, 10, 850, 0, '2021-01-16', '2021-01-16'),
(224, 1, 12, 'regla tabla de multiplicar de 30', NULL, 3, 10, 0, 0, '2021-01-16', '2021-01-16'),
(225, 1, 16, 'regla de cristal de 20cm', NULL, 3, 10, 0, 0, '2021-01-16', '2021-01-16'),
(226, 1, 6954884546359, 'regla ruler de 15', NULL, 3, 10, 0, 0, '2021-01-16', '2021-01-16'),
(227, 1, 6939540573085, 'regla ruler de 20 flexible', NULL, 3, 10, 0, 0, '2021-01-16', '2021-01-16'),
(228, 1, 7891027231620, 'regla de 30 cm tilibra jolie', NULL, 3, 10, 0, 0, '2021-01-16', '2021-01-16'),
(229, 1, 7891027231903, 'regla de 30 cm tilibra racing', NULL, 3, 10, 0, 0, '2021-01-16', '2021-01-16'),
(230, 1, 6954884577605, 'regla de metal de 30 ibama', NULL, 3, 10, 0, 0, '2021-01-16', '2021-01-16'),
(231, 1, 15, 'escalimetro', NULL, 3, 10, 0, 0, '2021-01-16', '2021-01-16'),
(232, 1, 17, 'mini escalimetro', NULL, 3, 10, 0, 0, '2021-01-16', '2021-01-16'),
(233, 1, 3154142786111, 'regla maped de 30', NULL, 3, 10, 0, 0, '2021-01-16', '2021-01-16'),
(234, 1, 23296, 'regla de 15 con diseno', NULL, 3, 10, 0, 0, '2021-01-16', '2021-01-16'),
(235, 1, 7891027231934, 'sacapuntas con basurero tilibra racing', NULL, 3, 10, 0, 0, '2021-01-16', '2021-01-16'),
(236, 1, 7891395008916, 'pincel tigre n6 corto', NULL, 3, 10, 0, 0, '2021-01-16', '2021-01-16'),
(237, 1, 7891395008923, 'pincel tigre n8 corto', NULL, 3, 10, 0, 0, '2021-01-16', '2021-01-16'),
(238, 1, 7891395012081, 'pincel tigre NÂ°0 largo', NULL, 3, 10, 0, 0, '2021-01-16', '2021-01-16'),
(239, 1, 7891395012098, 'pincel tigre NÂ°2 largo', NULL, 3, 10, 0, 0, '2021-01-16', '2021-01-16'),
(240, 1, 0, 'pincel talbot', NULL, 3, 10, 0, 0, '2021-01-16', '2021-01-16'),
(241, 1, 7891395012104, 'pincel tigre NÂ°4 largo', NULL, 3, 10, 0, 0, '2021-01-16', '2021-01-16'),
(242, 1, 4971850174806, 'Calculadora casio HR-8TM', NULL, 3, 10, 0, 0, '2021-01-16', '2021-01-16'),
(243, 1, 4971850090359, 'Calculadora casio fx-991ES PLUS', NULL, 3, 10, 125000, 0, '2021-01-16', '2021-01-16'),
(244, 1, 4891223812282, 'Calculadora Truly 812A-12', NULL, 3, 10, 0, 0, '2021-01-16', '2021-01-16'),
(245, 1, 4891223836080, 'Calculadora truly 836', NULL, 3, 10, 0, 0, '2021-01-16', '2021-01-16'),
(246, 1, 4971850032304, 'Calculadora casio GX-14B', NULL, 3, 10, 0, 0, '2021-01-16', '2021-01-16'),
(247, 1, 4719859980635, 'Silicona liquida de 250 ml', NULL, 3, 10, 0, 0, '2021-01-16', '2021-01-16'),
(248, 1, 7772115250023, 'Isocola agricolor de 80g', NULL, 3, 10, 4050, 0, '2021-01-16', '2021-01-16'),
(249, 1, 6932149419709, 'Plasticola offic de 80g', NULL, 3, 10, 0, 0, '2021-01-16', '2021-01-16'),
(250, 1, 7840303140811, 'Plasticola duson de 90g', NULL, 3, 10, 2765, 0, '2021-01-16', '2021-01-16'),
(251, 1, 7897562206499, 'Plasticola maxi  250g', NULL, 3, 10, 0, 0, '2021-01-16', '2021-01-16'),
(252, 1, 7896342446452, 'Plasticola mercur 500g', NULL, 3, 10, 0, 0, '2021-01-16', '2021-01-16'),
(253, 1, 7891360460329, 'Tempera faber castell 6 Guaches', NULL, 3, 10, 7000, 0, '2021-01-16', '2021-01-16'),
(254, 1, 7897562200480, 'Plasticola maxi 90g', NULL, 3, 10, 0, 0, '2021-01-16', '2021-01-16'),
(255, 1, 7897464700590, 'Pintura a dedo koala', NULL, 3, 10, 0, 0, '2021-01-16', '2021-01-16'),
(256, 1, 7891153006406, 'Cola glitter acrilex', NULL, 3, 10, 0, 0, '2021-01-16', '2021-01-16'),
(257, 1, 7891153006420, 'Cola glitter acrilex', NULL, 3, 10, 0, 0, '2021-01-16', '2021-01-16'),
(258, 1, 7891153006369, 'Cola glitter acrilex', NULL, 3, 10, 0, 0, '2021-01-16', '2021-01-16'),
(259, 1, 7891153006383, 'Cola glitter acrilex', NULL, 3, 10, 0, 0, '2021-01-16', '2021-01-16'),
(260, 1, 7891153006345, 'Cola glitter acrilex', NULL, 3, 10, 0, 0, '2021-01-16', '2021-01-16'),
(261, 1, 7891153122588, 'Glitter 3D acrilex', NULL, 3, 10, 0, 0, '2021-01-16', '2021-01-16'),
(262, 1, 7891153015323, 'Acripuff acrilex', NULL, 3, 10, 0, 0, '2021-01-16', '2021-01-16'),
(263, 1, 7891153048147, 'Acripuff acrilex', NULL, 3, 10, 0, 0, '2021-01-16', '2021-01-16'),
(264, 1, 7891153032696, 'Acripuff acrilex', NULL, 3, 10, 0, 0, '2021-01-16', '2021-01-16'),
(265, 1, 7891153015309, 'Acripuff acrilex', NULL, 3, 10, 0, 0, '2021-01-16', '2021-01-16'),
(266, 1, 7891153048208, 'Acripuff aclilex', NULL, 3, 10, 0, 0, '2021-01-16', '2021-01-16'),
(267, 1, 7891153015248, 'Acripuff acrilex', NULL, 3, 10, 0, 0, '2021-01-16', '2021-01-16'),
(268, 1, 7891153048185, 'Acripuff acrilex', NULL, 3, 10, 0, 0, '2021-01-16', '2021-01-16'),
(269, 1, 7891153122540, 'Glitter acrilex', NULL, 3, 10, 0, 0, '2021-01-16', '2021-01-16'),
(270, 1, 7891153121598, 'Relevo 3D', NULL, 3, 10, 0, 0, '2021-01-16', '2021-01-16'),
(271, 1, 7891153038988, 'Relevo 3D', NULL, 3, 10, 0, 0, '2021-01-16', '2021-01-16'),
(272, 1, 7891153122502, 'Glitter 3D ', NULL, 3, 10, 0, 0, '2021-01-16', '2021-01-16'),
(273, 1, 7891153121529, 'Relevo 3D', NULL, 3, 10, 0, 0, '2021-01-16', '2021-01-16'),
(274, 1, 7891153121505, 'Relevo 3D', NULL, 3, 10, 0, 0, '2021-01-16', '2021-01-16'),
(275, 1, 7891153020129, 'Tempera guache 250 ml', NULL, 3, 10, 0, 0, '2021-01-16', '2021-01-16'),
(276, 1, 7891153020167, 'Tempera guache', NULL, 3, 10, 0, 0, '2021-01-16', '2021-01-16'),
(277, 1, 7891153020198, 'Tempera guache 250 ml', NULL, 3, 10, 0, 0, '2021-01-16', '2021-01-16'),
(278, 1, 1474639014770000503, 'Cartucho 122 xl ', NULL, 3, 10, 0, 0, '2021-01-16', '2021-01-16'),
(279, 1, 1475639014770100404, 'Cartucho 122xl a color', NULL, 3, 10, 0, 0, '2021-01-16', '2021-01-16'),
(280, 1, 829160902227, 'Cartucho hp 22', NULL, 3, 10, 0, 0, '2021-01-16', '2021-01-16'),
(281, 1, 6940247610959, ' Plantilla sistema dijestivo', NULL, 3, 10, 0, 0, '2021-01-16', '2021-01-16'),
(282, 1, 6940247610973, 'Plantilla america del sur ', NULL, 3, 10, 0, 0, '2021-01-16', '2021-01-16'),
(283, 1, 6940247610966, 'Plantilla del ser humano', NULL, 3, 10, 0, 0, '2021-01-16', '2021-01-16'),
(284, 1, 7772115250016, 'isocola agricolor de 40g', NULL, 3, 10, 2650, 0, '2021-01-16', '2021-01-16'),
(285, 1, 26, 'nota de venta chico', NULL, 3, 10, 0, 0, '2021-01-16', '2021-01-16'),
(286, 1, 27, 'nota de venta grande', NULL, 3, 10, 0, 0, '2021-01-16', '2021-01-16'),
(287, 1, 18, 'cinta adhesiva 50mm', NULL, 3, 10, 3630, 0, '2021-01-16', '2021-01-16'),
(288, 1, 0, 'cinta adhesiva marron de 50mm ', NULL, 3, 10, 3630, 0, '2021-01-16', '2021-01-16'),
(289, 1, 20, 'cinta adhesiva de 100mm', NULL, 3, 10, 6600, 0, '2021-01-16', '2021-01-16'),
(290, 1, 21, 'cinta adhesiva mediana', NULL, 3, 10, 0, 0, '2021-01-16', '2021-01-16'),
(291, 1, 22, 'cinta pequena', NULL, 3, 10, 0, 0, '2021-01-16', '2021-01-16'),
(292, 1, 23, 'cinta pega doble gruesa', NULL, 3, 10, 9900, 0, '2021-01-16', '2021-01-16'),
(293, 1, 24, 'cinta de papel fino', NULL, 3, 10, 0, 0, '2021-01-16', '2021-01-16'),
(294, 1, 7840788547334, 'papel para fax', NULL, 3, 10, 0, 0, '2021-01-16', '2021-01-16'),
(295, 1, 9023800533029, 'cinta kores', NULL, 3, 10, 0, 0, '2021-01-16', '2021-01-16'),
(296, 1, 25, 'cinta decorativa', NULL, 3, 10, 500, 0, '2021-01-16', '2021-01-16'),
(297, 1, 28, 'talonario para rifas', NULL, 3, 10, 1100, 0, '2021-01-16', '2021-01-16'),
(298, 1, 7840303371086, 'talonario de recibo duson de 50 hojas', NULL, 3, 10, 3273, 0, '2021-01-16', '2021-01-16'),
(299, 1, 30, 'recibo de dinero avon', NULL, 3, 10, 0, 0, '2021-01-16', '2021-01-16'),
(300, 1, 7840303371093, 'talonario de pagare de 50 hojas', NULL, 3, 10, 4180, 0, '2021-01-16', '2021-01-16'),
(301, 1, 7891153041810, 'acrilex para tejido', NULL, 3, 10, 0, 0, '2021-01-16', '2021-01-16'),
(302, 1, 7891153041360, 'acrilex para tejido', NULL, 3, 10, 0, 0, '2021-01-16', '2021-01-16'),
(303, 1, 7891153041308, 'acrilex para tejido', NULL, 3, 10, 0, 0, '2021-01-16', '2021-01-16'),
(304, 1, 7891153041353, 'acrilex para tejido', NULL, 3, 10, 0, 0, '2021-01-16', '2021-01-16'),
(305, 1, 7891153041469, 'acrilex para tejido', NULL, 3, 10, 0, 0, '2021-01-16', '2021-01-16'),
(306, 1, 7891153041261, 'acrilex para tejido', NULL, 3, 10, 0, 0, '2021-01-16', '2021-01-16'),
(307, 1, 7891153000404, 'acrilex para tejido', NULL, 3, 10, 0, 0, '2021-01-16', '2021-01-16'),
(308, 1, 7891153041247, 'acrilex para tejido', NULL, 3, 10, 0, 0, '2021-01-16', '2021-01-16'),
(309, 1, 7891153000541, 'acrilex para tejido', NULL, 3, 10, 0, 0, '2021-01-16', '2021-01-16'),
(310, 1, 7891153072173, 'acrilex para tejido', NULL, 3, 10, 0, 0, '2021-01-16', '2021-01-16'),
(311, 1, 7891153041599, 'acrilex para tejido', NULL, 3, 10, 0, 0, '2021-01-16', '2021-01-16'),
(312, 1, 7891153041407, 'acrilex para tejido', NULL, 3, 10, 0, 0, '2021-01-16', '2021-01-16'),
(313, 1, 7891153041711, 'acrilex para tejido', NULL, 3, 10, 0, 0, '2021-01-16', '2021-01-16'),
(314, 1, 7891113552059, 'hilo para bordar', NULL, 3, 10, 0, 0, '2021-01-16', '2021-01-16'),
(315, 1, 7891113552738, 'hilo para bordar', NULL, 3, 10, 0, 0, '2021-01-16', '2021-01-16'),
(316, 1, 7891113552769, 'hilo para bordar', NULL, 3, 10, 0, 0, '2021-01-16', '2021-01-16'),
(317, 1, 7891113552011, 'hilo para bordar', NULL, 3, 10, 0, 0, '2021-01-16', '2021-01-16'),
(318, 1, 7891113551908, 'hilo para bordar', NULL, 3, 10, 0, 0, '2021-01-16', '2021-01-16'),
(319, 1, 7891113552363, 'hilo para bordar', NULL, 3, 10, 0, 0, '2021-01-16', '2021-01-16'),
(320, 1, 7891113552417, 'hilo para bordar', NULL, 3, 10, 0, 0, '2021-01-16', '2021-01-16'),
(321, 1, 7891113552448, 'hilo para bordar', NULL, 3, 10, 0, 0, '2021-01-16', '2021-01-16'),
(322, 1, 7891113552264, 'hilo para bordar', NULL, 3, 10, 0, 0, '2021-01-16', '2021-01-16'),
(323, 1, 7891113552578, 'hilo para bordar', NULL, 3, 10, 0, 0, '2021-01-16', '2021-01-16'),
(324, 1, 7891113552585, 'hilo para bordar', NULL, 3, 10, 0, 0, '2021-01-16', '2021-01-16'),
(325, 1, 7891113552646, 'hilo para bordar', NULL, 3, 10, 0, 0, '2021-01-16', '2021-01-16'),
(326, 1, 7891113552691, 'hilo para bordar', NULL, 3, 10, 0, 0, '2021-01-16', '2021-01-16'),
(327, 1, 7891113552165, 'hilo para bordar', NULL, 3, 10, 0, 0, '2021-01-16', '2021-01-16'),
(328, 1, 49, 'funda de papel a4', NULL, 3, 10, 0, 0, '2021-01-16', '2021-01-16'),
(329, 1, 50, 'funda de papel oficio', NULL, 3, 10, 0, 0, '2021-01-16', '2021-01-16'),
(330, 1, 47, 'Hoja Cambiable oficio cuadriculado c/u', NULL, 3, 10, 0, 0, '2021-01-16', '2021-01-16'),
(331, 1, 42117650, 'resaltador stabilo mini', NULL, 3, 10, 0, 0, '2021-01-16', '2021-01-16'),
(332, 1, 0, 'resaltador stabilo mini', NULL, 3, 10, 0, 0, '2021-01-16', '2021-01-16'),
(333, 1, 0, 'resaltador stabilo mini con diseno', NULL, 3, 10, 0, 0, '2021-01-16', '2021-01-16'),
(334, 1, 0, 'resaltador stabilo mini con diseno', NULL, 3, 10, 0, 0, '2021-01-16', '2021-01-16'),
(335, 1, 0, 'resaltador stabilo mini con diseno', NULL, 3, 10, 0, 0, '2021-01-16', '2021-01-16'),
(336, 1, 0, 'Resaltador monami grueso', NULL, 3, 10, 2108, 0, '2021-01-16', '2021-01-16'),
(337, 1, 0, 'resaltador stabilo mini', NULL, 3, 10, 0, 0, '2021-01-16', '2021-01-16'),
(338, 1, 0, 'marcador monami grueso', NULL, 3, 10, 0, 0, '2021-01-16', '2021-01-16'),
(339, 1, 4006381333689, 'Marcador Stabilo Boss', NULL, 3, 10, 0, 0, '2021-01-16', '2021-01-16'),
(340, 1, 4006381333672, 'Marcador Stabilo Boss', NULL, 3, 10, 0, 0, '2021-01-16', '2021-01-16'),
(341, 1, 4006381333627, 'Marcador Stabilo Boss', NULL, 3, 10, 0, 0, '2021-01-16', '2021-01-16'),
(342, 1, 500000, 'Libro de catedra ', NULL, 3, 10, 0, 0, '2021-01-16', '2021-01-16'),
(343, 1, 7840303373004, 'carpeta de dibujo N2 duson con hoja ', NULL, 3, 10, 0, 0, '2021-01-16', '2021-01-16'),
(344, 1, 7840303373004, 'carpeta de dibujo n2 duson con hoja ', NULL, 3, 10, 0, 0, '2021-01-16', '2021-01-16'),
(345, 1, 7840303373004, 'carpeta de dibujo n2 duson con hoja ', NULL, 3, 10, 0, 0, '2021-01-16', '2021-01-16'),
(346, 1, 7754111649070, 'resaltador faber castell ', NULL, 3, 10, 0, 0, '2021-01-16', '2021-01-16'),
(347, 1, 7754111649155, 'resaltador faber castell', NULL, 3, 10, 0, 0, '2021-01-16', '2021-01-16'),
(348, 1, 6940079103797, 'sacapuntas con basurero doble agujero', NULL, 3, 10, 0, 0, '2021-01-16', '2021-01-16'),
(349, 1, 0, 'tijeras de arte por unidad', NULL, 3, 10, 0, 0, '2021-01-16', '2021-01-16'),
(350, 1, 6939540575607, 'tijera de arte por paquete', NULL, 3, 10, 0, 0, '2021-01-16', '2021-01-16'),
(351, 1, 7840303105094, 'memos de dos colores', NULL, 3, 10, 0, 0, '2021-01-16', '2021-01-16'),
(352, 1, 6939540583114, 'memos de unicolores', NULL, 3, 10, 0, 0, '2021-01-16', '2021-01-16'),
(353, 1, 6939540583138, 'memos de corazon', NULL, 3, 10, 0, 0, '2021-01-16', '2021-01-16'),
(354, 1, 0, 'Abaco de plastico ', NULL, 3, 10, 5000, 0, '2021-01-16', '2021-01-16'),
(355, 1, 2160400102983, 'Rompe cabezas de 45 piezas ', NULL, 3, 10, 0, 0, '2021-01-16', '2021-01-16'),
(356, 1, 7843708360877, 'juego didactico  de cubo', NULL, 3, 10, 0, 0, '2021-01-16', '2021-01-16'),
(357, 1, 2160400103027, 'Rompecabezas de 60 piezas ', NULL, 3, 10, 0, 0, '2021-01-16', '2021-01-16'),
(358, 1, 7898160909317, 'Alfombra goma eva 36 piezas ', NULL, 3, 10, 0, 0, '2021-01-16', '2021-01-16'),
(359, 1, 66102, 'Alfombra de goma eva 36 piezas ', NULL, 3, 10, 0, 0, '2021-01-16', '2021-01-16'),
(360, 1, 2160500100544, 'Sonajero de 2 piezas', NULL, 3, 10, 0, 0, '2021-01-16', '2021-01-16'),
(361, 1, 2160500100551, 'Sonajero de 3 piezas ', NULL, 3, 10, 0, 0, '2021-01-16', '2021-01-16'),
(362, 1, 88304, 'Juego didactico de G. eva letras ', NULL, 3, 10, 0, 0, '2021-01-16', '2021-01-16'),
(363, 1, 6917040660849, 'juego didactico red cubo', NULL, 3, 10, 0, 0, '2021-01-16', '2021-01-16'),
(364, 1, 3881, 'rompecabeza balde', NULL, 3, 10, 0, 0, '2021-01-16', '2021-01-16'),
(365, 1, 0, 'juego didactico abaco', NULL, 3, 10, 0, 0, '2021-01-16', '2021-01-16'),
(366, 1, 2160400105038, 'rompecabezas de 60 piezas', NULL, 3, 10, 0, 0, '2021-01-16', '2021-01-16'),
(367, 1, 2160400102341, 'rompecabezas de 125 piezas', NULL, 3, 10, 0, 0, '2021-01-16', '2021-01-16'),
(368, 1, 7837, 'rompecabezas de 32 piezas ', NULL, 3, 10, 0, 0, '2021-01-16', '2021-01-16'),
(369, 1, 2111500100010, 'adornos decorativos de goma eva lunas y estrellas', NULL, 3, 10, 0, 0, '2021-01-16', '2021-01-16'),
(370, 1, 2111500100041, 'adornos decorativos de goma eva de corazones', NULL, 3, 10, 0, 0, '2021-01-16', '2021-01-16'),
(371, 1, 2111500100058, 'adorno decorativo de goma eva estrellas', NULL, 3, 10, 0, 0, '2021-01-16', '2021-01-16'),
(372, 1, 2160400102334, 'rompecabezas de 124 piezas', NULL, 3, 10, 0, 0, '2021-01-16', '2021-01-16'),
(373, 1, 0, 'Copias', NULL, 3, 10, 200, 0, '2021-01-16', '2021-01-16'),
(374, 1, 1654490033100, 'arenero pequeno', NULL, 3, 10, 0, 0, '2021-01-16', '2021-01-16'),
(375, 1, 2160400102167, 'rompecabezas de 44 piezas', NULL, 3, 10, 0, 0, '2021-01-16', '2021-01-16'),
(376, 1, 3317, 'bloque de 29 piezas pequeÃ±as', NULL, 3, 10, 0, 0, '2021-01-16', '2021-01-16'),
(377, 1, 3331, 'rompecabezas de 40 piezas', NULL, 3, 10, 0, 0, '2021-01-16', '2021-01-16'),
(378, 1, 2111700102357, 'adorno decorativo de goma eva', NULL, 3, 10, 0, 0, '2021-01-16', '2021-01-16'),
(379, 1, 6950856854736, 'carpeta decorativa de plastico', NULL, 3, 10, 0, 0, '2021-01-16', '2021-01-16'),
(380, 1, 2160400100606, 'rompecabezas de 55 piezas', NULL, 3, 10, 0, 0, '2021-01-16', '2021-01-16'),
(381, 1, 2160400100941, 'rompecabezas de 120 piezas', NULL, 3, 10, 0, 0, '2021-01-16', '2021-01-16'),
(382, 1, 7896042048666, 'merendero flor', NULL, 3, 10, 0, 0, '2021-01-16', '2021-01-16'),
(383, 1, 7896042048659, 'merendero pelota', NULL, 3, 10, 0, 0, '2021-01-16', '2021-01-16'),
(384, 1, 7897659632903, 'merendero con hoppie', NULL, 3, 10, 0, 0, '2021-01-16', '2021-01-16'),
(385, 1, 7897659616088, 'merendero con hoppie', NULL, 3, 10, 0, 0, '2021-01-16', '2021-01-16'),
(386, 1, 7896042042015, 'merendero cars', NULL, 3, 10, 0, 0, '2021-01-16', '2021-01-16'),
(387, 1, 4716528065907, 'juguete caja registradora', NULL, 3, 10, 0, 0, '2021-01-16', '2021-01-16'),
(388, 1, 585, 'bloques de construccion', NULL, 3, 10, 0, 0, '2021-01-16', '2021-01-16'),
(389, 1, 2110400100649, 'rompecabezas mediano', NULL, 3, 10, 0, 0, '2021-01-16', '2021-01-16'),
(390, 1, 2110400100755, 'rompecabezas pequeno', NULL, 3, 10, 0, 0, '2021-01-16', '2021-01-16'),
(391, 1, 2110400100779, 'rompecabezas grande', NULL, 3, 10, 0, 0, '2021-01-16', '2021-01-16'),
(392, 1, 0, 'juego de playa', NULL, 3, 10, 0, 0, '2021-01-16', '2021-01-16'),
(393, 1, 2160400101061, 'arenero', NULL, 3, 10, 0, 0, '2021-01-16', '2021-01-16'),
(394, 1, 105, 'juego de playa tortuga', NULL, 3, 10, 0, 0, '2021-01-16', '2021-01-16'),
(395, 1, 531114, 'argolla red', NULL, 3, 10, 0, 0, '2021-01-16', '2021-01-16'),
(396, 1, 7, 'juego de playa red', NULL, 3, 10, 0, 0, '2021-01-16', '2021-01-16'),
(397, 1, 2160400101016, 'juego de playa balde red', NULL, 3, 10, 0, 0, '2021-01-16', '2021-01-16'),
(398, 1, 6908110628616, 'juego de playa castillo', NULL, 3, 10, 0, 0, '2021-01-16', '2021-01-16'),
(399, 1, 5959817323060, 'cartucherra chenson sin diseno', NULL, 3, 10, 0, 0, '2021-01-16', '2021-01-16'),
(400, 1, 5959858581177, 'cartuchera chenson con diseno', NULL, 3, 10, 0, 0, '2021-01-16', '2021-01-16'),
(401, 1, 5959858584017, 'cartuchera chenson con diseno para varon', NULL, 3, 10, 0, 0, '2021-01-16', '2021-01-16'),
(402, 1, 5959858582013, 'cartuchera con diseno para mujer', NULL, 3, 10, 0, 0, '2021-01-16', '2021-01-16'),
(403, 1, 5959858593026, 'cartuchera con diseno para mujer', NULL, 3, 10, 0, 0, '2021-01-16', '2021-01-16'),
(404, 1, 5959858585014, 'cartuchera con diseno para mujer', NULL, 3, 10, 0, 0, '2021-01-16', '2021-01-16'),
(405, 1, 5959817601472, 'cartuchera con diseno para mujer', NULL, 3, 10, 0, 0, '2021-01-16', '2021-01-16'),
(406, 1, 5959817358888, 'cartuchera con diseno para mujer', NULL, 3, 10, 0, 0, '2021-01-16', '2021-01-16'),
(407, 1, 5959817601724, 'cartuchera con diseno para mujer', NULL, 3, 10, 0, 0, '2021-01-16', '2021-01-16'),
(408, 1, 5959887600924, 'mochilla happy girl ', NULL, 3, 10, 0, 0, '2021-01-16', '2021-01-16'),
(409, 1, 5959887601075, 'mochilla floreada', NULL, 3, 10, 0, 0, '2021-01-16', '2021-01-16'),
(410, 1, 5959887600993, 'mochilla mariposa', NULL, 3, 10, 0, 0, '2021-01-16', '2021-01-16'),
(411, 1, 5959887601099, 'mochilla paris', NULL, 3, 10, 0, 0, '2021-01-16', '2021-01-16'),
(412, 1, 5959887601563, 'mochilla love', NULL, 3, 10, 0, 0, '2021-01-16', '2021-01-16'),
(413, 1, 6954305218889, 'cartuchera sofia', NULL, 3, 10, 0, 0, '2021-01-16', '2021-01-16'),
(414, 1, 6954305211774, 'cartuchera frozen', NULL, 3, 10, 0, 0, '2021-01-16', '2021-01-16'),
(415, 1, 646117112528, 'mochilla princesas', NULL, 3, 10, 0, 0, '2021-01-16', '2021-01-16'),
(416, 1, 646117110630, 'mochilla elena', NULL, 3, 10, 0, 0, '2021-01-16', '2021-01-16'),
(417, 1, 646117111613, 'mochilla mi villano favorito', NULL, 3, 10, 0, 0, '2021-01-16', '2021-01-16'),
(418, 1, 646117113594, 'mochilla liga de la justicia', NULL, 3, 10, 0, 0, '2021-01-16', '2021-01-16'),
(419, 1, 646117110838, 'bolson soy luna', NULL, 3, 10, 0, 0, '2021-01-16', '2021-01-16'),
(420, 1, 646117111101, 'bolson soy luna grande', NULL, 3, 10, 0, 0, '2021-01-16', '2021-01-16'),
(421, 1, 646117112818, 'mochilla ariel', NULL, 3, 10, 0, 0, '2021-01-16', '2021-01-16'),
(422, 1, 646117111224, 'mochilla toy story', NULL, 3, 10, 0, 0, '2021-01-16', '2021-01-16'),
(423, 1, 6060995518533, 'mochilla sofia', NULL, 3, 10, 0, 0, '2021-01-16', '2021-01-16'),
(424, 1, 646117113570, 'mochilla con ruedita liga de la justicia', NULL, 3, 10, 0, 0, '2021-01-16', '2021-01-16'),
(425, 1, 646117110500, 'mohilla con ruedita grande', NULL, 3, 10, 0, 0, '2021-01-16', '2021-01-16'),
(426, 1, 200, 'boligrafo big punta fina', NULL, 3, 10, 0, 0, '2021-01-16', '2021-01-16'),
(427, 1, 0, 'boligrafo big', NULL, 3, 10, 0, 0, '2021-01-16', '2021-01-16'),
(428, 1, 0, 'boligrafo big', NULL, 3, 10, 0, 0, '2021-01-16', '2021-01-16'),
(429, 1, 0, 'boligrafo big en colores', NULL, 3, 10, 0, 0, '2021-01-16', '2021-01-16'),
(430, 1, 7840303351026, 'cuaderno universitario de una raya duson tapa flexible', NULL, 3, 10, 0, 0, '2021-01-16', '2021-01-16'),
(431, 1, 7840303541229, 'cuaderno universitario una raya 100 hojas jeans duson', NULL, 3, 10, 0, 0, '2021-01-16', '2021-01-16'),
(432, 1, 7840303541267, 'cuaderno de una raya de 100 hojas jeans duson', NULL, 3, 10, 0, 0, '2021-01-16', '2021-01-16'),
(433, 1, 7891027380465, 'cuaderno de 100 hojas cuadriculado tilibra capricho LOVE', NULL, 3, 10, 0, 0, '2021-01-16', '2021-01-16'),
(435, 1, 7891027137694, 'cuaderno de 100 hojas una raya tilibra capricho witch please', NULL, 3, 10, 0, 0, '2021-01-16', '2021-01-16'),
(436, 1, 7891027110116, 'cuaderno de 100 hojas una raya tilibra jolie classic', NULL, 3, 10, 0, 0, '2021-01-16', '2021-01-16'),
(437, 1, 7891027128296, 'cuaderno de 100 hojas una raya tilibra jolie con purpurina', NULL, 3, 10, 0, 0, '2021-01-16', '2021-01-16'),
(438, 1, 7891027373719, 'cuaderno de 100 hojas una raya tilibra marie', NULL, 3, 10, 0, 0, '2021-01-16', '2021-01-16'),
(439, 1, 7891027132002, 'cuaderno de 100 hojas tilibra racing', NULL, 3, 10, 0, 0, '2021-01-16', '2021-01-16'),
(440, 1, 7891027132590, 'cuaderno de 200 hojas una raya tilibra jolie', NULL, 3, 10, 0, 0, '2021-01-16', '2021-01-16'),
(441, 1, 7891027143879, 'cuaderno de 200 hojas una raya violeta', NULL, 3, 10, 0, 0, '2021-01-16', '2021-01-16'),
(442, 1, 7891027137700, 'cuaderno de 200 hojas tilibra capricho ', NULL, 3, 10, 0, 0, '2021-01-16', '2021-01-16'),
(443, 1, 7891027132590, 'cuaderno de 200 hojas tilibra jolie classic', NULL, 3, 10, 0, 0, '2021-01-16', '2021-01-16'),
(444, 1, 7840303601213, 'cuaderno de 50 hojas duson', NULL, 3, 10, 0, 0, '2021-01-16', '2021-01-16'),
(445, 1, 7840303351019, 'cuaderno universitario de 50 hojas tapa flexible', NULL, 3, 10, 0, 0, '2021-01-16', '2021-01-16'),
(446, 1, 7840303601251, 'cuaderno universitario de 50 hojas cuadriculado TD', NULL, 3, 10, 0, 0, '2021-01-16', '2021-01-16'),
(447, 1, 7840294003522, 'cuaderno universitario de 50 hojas cuadriculado TD avon', NULL, 3, 10, 0, 0, '2021-01-16', '2021-01-16'),
(448, 1, 7840294003522, 'cuaderno universitario de 50 hojas cuadriculado TD paris', NULL, 3, 10, 0, 0, '2021-01-16', '2021-01-16'),
(449, 1, 7840294003522, 'cuaderno universitario de 50 hojas cuadriculado para varon avon', NULL, 3, 10, 0, 0, '2021-01-16', '2021-01-16'),
(450, 1, 7840090002316, 'cuaderno de 500 hojas una raya alamo', NULL, 3, 10, 0, 0, '2021-01-16', '2021-01-16'),
(451, 1, 7891027154752, 'cuaderno de 320 hojas tilibra daysi', NULL, 3, 10, 0, 0, '2021-01-16', '2021-01-16'),
(452, 1, 6926662311107, 'carpeta con 10 fundas trasparentes oficio duson', NULL, 3, 10, 0, 0, '2021-01-16', '2021-01-16'),
(453, 1, 6926662311305, 'Carpeta con 30 fundas oficio duson', NULL, 3, 10, 0, 0, '2021-01-16', '2021-01-16'),
(454, 1, 7840294003010, 'cuaderno tapa  flex de 20 hjs cuadriculado ', NULL, 3, 10, 0, 0, '2021-01-16', '2021-01-16'),
(455, 1, 7840294002990, 'cuaderno tapa  flex de 20 hjs 2 rayas ', NULL, 3, 10, 1, 0, '2021-01-16', '2021-01-16'),
(456, 1, 7891023553146, 'minitermo termolar ', NULL, 3, 10, 0, 0, '2021-01-16', '2021-01-16'),
(457, 1, 7891023562544, 'minitermo termolar ', NULL, 3, 10, 0, 0, '2021-01-16', '2021-01-16'),
(458, 1, 7891023556970, 'termo dama', NULL, 3, 10, 0, 0, '2021-01-16', '2021-01-16'),
(459, 1, 7891023557007, 'termo dama', NULL, 3, 10, 0, 0, '2021-01-16', '2021-01-16'),
(460, 1, 7840303531220, 'cuaderno univ. T.D. 100 hjs 1Raya Duson P/ mujer ', NULL, 3, 10, 0, 0, '2021-01-16', '2021-01-16'),
(461, 1, 7840303531220, 'cuaderno univ. T.D. 100 hjs. 1raya p/ varon ', NULL, 3, 10, 0, 0, '2021-01-16', '2021-01-16'),
(463, 1, 7840303541267, 'cuaderno Univ. 100 hjs. cuadriculado diseÃ±o jean duson ', NULL, 3, 10, 0, 0, '2021-01-16', '2021-01-16'),
(464, 1, 7840294003416, 'cuaderno univ. 1 raya T.Flex 50 hjas. avon p/ varon', NULL, 3, 10, 0, 0, '2021-01-16', '2021-01-16'),
(465, 1, 7840294003416, 'cuaderno univ. T. Flex 1 raya 50 hojas Avon  p/ mujer ', NULL, 3, 10, 0, 0, '2021-01-16', '2021-01-16'),
(466, 1, 7891027127961, 'cuaderno univ. TD 200 hjs p/ hombre tilibra 1 raya', NULL, 3, 10, 0, 0, '2021-01-16', '2021-01-16'),
(467, 1, 7840303541236, 'cuaderno univer. T/D 200 hojas jean una raya duson ', NULL, 3, 10, 0, 0, '2021-01-16', '2021-01-16'),
(468, 1, 7891027139285, 'cuaderno univer T/D 200hojas 1raya tilibra p/ mujer', NULL, 3, 10, 0, 0, '2021-01-16', '2021-01-16'),
(469, 1, 7891027374211, 'cuaderno univer T/D 200 hojas una raya tilibra Marie', NULL, 3, 10, 0, 0, '2021-01-16', '2021-01-16'),
(470, 1, 7891027141493, 'cuaderno univer T/D 200hojas de una raya tilibra neon', NULL, 3, 10, 0, 0, '2021-01-16', '2021-01-16'),
(471, 1, 7840303531237, 'cuaderno univer T/D200hojas una raya duson p/ varon', NULL, 3, 10, 0, 0, '2021-01-16', '2021-01-16'),
(472, 1, 7840303531237, 'cuaderno univer T/D200hojas p/mujer duson', NULL, 3, 10, 0, 0, '2021-01-16', '2021-01-16'),
(473, 1, 7840303541212, 'cuaderno univ. 50 hjs. 1 raya diseÃ±o jeans Duson ', NULL, 3, 10, 0, 0, '2021-01-16', '2021-01-16'),
(474, 1, 7840303541250, 'cuaderno univ. 50 hjs. cuadriculado diseÃ±o jeans Duson', NULL, 3, 10, 8216, 0, '2021-01-16', '2021-01-16'),
(475, 1, 7840294003553, 'Cuaderno Univ. T.D. 200 hojas. 1raya AVON', NULL, 3, 10, 16400, 0, '2021-01-16', '2021-01-16'),
(477, 1, 7840303531213, 'cuaderno univ. T.D. 50 hjs 1raya p/ mujer duson ', NULL, 3, 10, 7678, 0, '2021-01-16', '2021-01-16'),
(478, 1, 7840303531213, 'cuaderno univ. T.D. 50 hjs 1raya p/ varon duson ', NULL, 3, 10, 7678, 0, '2021-01-16', '2021-01-16'),
(479, 1, 7898449081666, 'pizarra acrilica 60x40', NULL, 3, 10, 0, 0, '2021-01-16', '2021-01-16'),
(480, 1, 7840303536034, 'cuaderno chico c/ espiral 100 hjscuadriculado Duson ', NULL, 3, 10, 0, 0, '2021-01-16', '2021-01-16'),
(481, 1, 29, 'dream kitchea juego de cocina ', NULL, 3, 10, 0, 0, '2021-01-16', '2021-01-16'),
(482, 1, 7891027292409, 'cuadernito de bolsillo love pink tilibra ', NULL, 3, 10, 0, 0, '2021-01-16', '2021-01-16'),
(483, 1, 7891027154660, 'cuadernito de bolsillo Dmas tilibra ', NULL, 3, 10, 0, 0, '2021-01-16', '2021-01-16'),
(484, 1, 7891027110048, 'Agendita Tilibra Disney Princess ', NULL, 3, 10, 0, 0, '2021-01-16', '2021-01-16'),
(485, 1, 7891027113698, 'Agendita Tilibra Jolie ', NULL, 3, 10, 0, 0, '2021-01-16', '2021-01-16'),
(486, 1, 7840303318142, 'Cuadernito c/ espiral Duson doble T. Flex 1Raya', NULL, 3, 10, 0, 0, '2021-01-16', '2021-01-16'),
(487, 1, 7840303361339, 'cuadernito c/ espiral duson t. Flex 1raya', NULL, 3, 10, 0, 0, '2021-01-16', '2021-01-16'),
(488, 1, 7891027110239, 'cuaderno de caligrafia ', NULL, 3, 10, 0, 0, '2021-01-16', '2021-01-16'),
(489, 1, 7891027128302, 'cuaderno. univ.T/D  200  hojas 1 raya Jolie s/brillo tilibra', NULL, 3, 10, 0, 0, '2021-01-16', '2021-01-16'),
(490, 1, 7891027128302, 'cuaderno. univ. T/D. 200 hjs  1 raya Jolie C/brillo tilibra ', NULL, 3, 10, 0, 0, '2021-01-16', '2021-01-16'),
(491, 1, 7891027293512, 'cuaderno univ. T/D 200 hjs 1 raya Disney Hadas tilibra  ', NULL, 3, 10, 0, 0, '2021-01-16', '2021-01-16'),
(492, 1, 60, 'Learn y Grow Juego de pizarra con Abecedario', NULL, 3, 10, 0, 0, '2021-01-16', '2021-01-16'),
(493, 1, 53, 'Rscue Center Juego de construccion', NULL, 3, 10, 0, 0, '2021-01-16', '2021-01-16'),
(494, 1, 8883800152832, 'MuÃ±eca de Diney Princesa Aurora', NULL, 3, 10, 0, 0, '2021-01-16', '2021-01-16'),
(495, 1, 7891027137694, 'cuaderno de 100 hojas una raya tilibra capricho ', NULL, 3, 10, 0, 0, '2021-01-16', '2021-01-16'),
(496, 1, 7891027137694, 'cuaderno de 100 hojas una raya tilibra capricho', NULL, 3, 10, 0, 0, '2021-01-16', '2021-01-16'),
(497, 1, 7891027128296, 'cuaderno de 100 hjs. 1raya Jolie Tilibra s/ purpurina ', NULL, 3, 10, 0, 0, '2021-01-16', '2021-01-16'),
(499, 1, 7891027294342, 'cuaderno univ. 80 hojas 1 raya hello tilibra', NULL, 3, 10, 0, 0, '2021-01-16', '2021-01-16'),
(500, 1, 7891027179915, 'cuaderno univ. 80 hojas 1 raya pepper tilibra ', NULL, 4, 10, 0, 0, '2021-01-16', '2021-01-16'),
(501, 1, 7891027293505, 'cuaderno univ. 80 hojas 1 raya disney Hadas tilibra ', NULL, 4, 10, 0, 0, '2021-01-16', '2021-01-16'),
(502, 1, 7891027294328, 'cuaderno univ. 80 hojas 1 raya Aloha tilibra ', NULL, 4, 10, 0, 0, '2021-01-16', '2021-01-16'),
(503, 1, 7891027127954, 'cuaderno  univ . de 80 hojas 1 raya  Dmas tilibra ', NULL, 4, 10, 0, 0, '2021-01-16', '2021-01-16'),
(505, 1, 7891027285500, 'cuaderno univ. de 80 hojas 1 raya Mortal Kombatx tilibra ', NULL, 4, 10, 0, 0, '2021-01-16', '2021-01-16'),
(512, 1, 7840090000701, 'cuaderno T.D 200 hojas 1 raya Alamo plus ', NULL, 4, 10, 0, 0, '2021-01-16', '2021-01-16'),
(513, 1, 7840090000701, 'cuaderno T.D 200 hojas 1 raya Alamo plus ', NULL, 4, 10, 0, 0, '2021-01-16', '2021-01-16'),
(514, 1, 7840090000701, 'cuaderno T.D 200 hojas 1 raya Alamo plus ', NULL, 4, 10, 0, 0, '2021-01-16', '2021-01-16'),
(515, 1, 7840294002297, 'cuaderno T.D 200 hojas 1 raya Avon ', NULL, 4, 10, 0, 0, '2021-01-16', '2021-01-16'),
(516, 1, 7840294002334, 'cuaderno T.D 200 hojas 1 raya Avon', NULL, 4, 10, 0, 0, '2021-01-16', '2021-01-16'),
(517, 1, 7840294002303, 'cuaderno T.D 200 hojas 1 raya Avon ', NULL, 4, 10, 0, 0, '2021-01-16', '2021-01-16'),
(518, 1, 7840294002389, 'cuaderno T.D. 200 hojas 2rayas avon ', NULL, 4, 10, 0, 0, '2021-01-16', '2021-01-16'),
(519, 1, 7840294002426, 'Cuaderno T.D. 200 hojas 2rayas Avon ', NULL, 4, 10, 0, 0, '2021-01-16', '2021-01-16'),
(521, 1, 7840294002785, 'Cuderno T.D. 100 hojas 2rayas Avon ', NULL, 4, 10, 0, 0, '2021-01-16', '2021-01-16'),
(522, 1, 7840090002743, 'Cuaderno T.D. 100 hojas 2rayas Alamo ', NULL, 4, 10, 0, 0, '2021-01-16', '2021-01-16'),
(523, 1, 7840090002743, 'Cuaderno T.D. 100hojas 2rayas Alamo ', NULL, 4, 10, 0, 0, '2021-01-16', '2021-01-16'),
(524, 1, 7840294002815, 'Cuderno T.D. 100hojas 2rayas Avon ', NULL, 4, 10, 0, 0, '2021-01-16', '2021-01-16'),
(526, 1, 7840294002846, 'Cuderno T.D. 100hojas 2rayas Avon ', NULL, 4, 10, 0, 0, '2021-01-16', '2021-01-16'),
(527, 1, 7840294002822, 'Cuaderno T.D. 100hojas 2rayas Avon ', NULL, 4, 10, 0, 0, '2021-01-16', '2021-01-16'),
(528, 1, 7840294002730, 'cuaderno T.D 100 hojas 1 raya avon ', NULL, 4, 10, 0, 0, '2021-01-16', '2021-01-16'),
(529, 1, 7840090002743, 'cuaderno T.D 100 hojas 1 raya alamo', NULL, 4, 10, 0, 0, '2021-01-16', '2021-01-16'),
(530, 1, 7840294002747, 'cuaderno T.D 100 hojas 1 raya avon', NULL, 4, 10, 0, 0, '2021-01-16', '2021-01-16');
INSERT INTO `articulos` (`idarticulo`, `proveedor`, `codigobarras`, `nombreart`, `descripcion`, `clasificacion`, `iva`, `costo`, `estado`, `fecha_alta`, `fec_ult_compra`) VALUES
(532, 1, 7840294002754, 'cuaderno T.D  100 hojas 1 raya avon', NULL, 4, 10, 0, 0, '2021-01-16', '2021-01-16'),
(533, 1, 7840294002723, 'cuaderno T.D de 100 hojas 1 raya avon', NULL, 4, 10, 0, 0, '2021-01-16', '2021-01-16'),
(535, 1, 7840294002631, 'cuaderno T.D 50 hojas 2 rayas avon', NULL, 4, 10, 0, 0, '2021-01-16', '2021-01-16'),
(536, 1, 7840294002617, 'cuaderno T.D 50 hojas 2 rayas avon', NULL, 4, 10, 0, 0, '2021-01-16', '2021-01-16'),
(537, 1, 7840294002570, 'cuaderno T.D  50 hojas 2 rayas avon ', NULL, 4, 10, 0, 0, '2021-01-16', '2021-01-16'),
(538, 1, 7840294002679, 'cuaderno T.D cuadriculado 50 hojas avon ', NULL, 4, 10, 2650, 0, '2021-01-16', '2021-01-16'),
(539, 1, 7840303602036, 'cuaderno T.D  cuadriculado 50 hojas Ã±anduti ', NULL, 4, 10, 0, 0, '2021-01-16', '2021-01-16'),
(542, 1, 7840294003201, ' cuaderno T.D 200 hojas 1 raya para varon avon', NULL, 4, 10, 0, 0, '2021-01-16', '2021-01-16'),
(543, 1, 7840294003171, 'cuaderno T.D 1 raya 100 hojas para varon  avon', NULL, 4, 10, 0, 0, '2021-01-16', '2021-01-16'),
(544, 1, 7840294003188, 'cuaderno T.D  100 hojas 2 rayas para varon avon  ', NULL, 4, 10, 0, 0, '2021-01-16', '2021-01-16'),
(545, 1, 7840294003195, 'cuaderno T.D 100 hojas cuadriculado para varon avon ', NULL, 4, 10, 0, 0, '2021-01-16', '2021-01-16'),
(546, 1, 7840294003140, 'cuaderno T.D 50 hojas 1 raya para varon avon ', NULL, 4, 10, 0, 0, '2021-01-16', '2021-01-16'),
(547, 1, 7840294003157, 'cuaderno T.D 50 hojas 2 rayas para varon avon ', NULL, 4, 10, 2600, 0, '2021-01-16', '2021-01-16'),
(549, 1, 7840294003201, 'cuaderno T.D 200 hojas 1 raya c/diseÃ±o de mujer avon ', NULL, 4, 10, 0, 0, '2021-01-16', '2021-01-16'),
(550, 1, 7840294003218, 'cuaderno T.D 200 hojas 2 rayas para mujer avon', NULL, 4, 10, 0, 0, '2021-01-16', '2021-01-16'),
(551, 1, 7840294003188, 'cuaderno T.D 100 hojas 2 rayas para mujer avon ', NULL, 4, 10, 0, 0, '2021-01-16', '2021-01-16'),
(552, 1, 7840294003171, 'cuaderno T.D 100 hojas 1 raya para mujer avon', NULL, 4, 10, 0, 0, '2021-01-16', '2021-01-16'),
(553, 1, 7840294003140, 'cuaderno T.D 50 hojas 1 raya para mujer avon ', NULL, 4, 10, 0, 0, '2021-01-16', '2021-01-16'),
(554, 1, 7891027291365, 'cuaderno  mini unive. 80 hojas 1 raya SOHO tilibra ', NULL, 4, 10, 0, 0, '2021-01-16', '2021-01-16'),
(555, 1, 7840090006680, 'Papel sifon con diceÃ±o', NULL, 4, 10, 0, 0, '2021-01-16', '2021-01-16'),
(556, 1, 7840294002983, 'cuaderno tapa flex 20 hojas 1 raya ', NULL, 4, 10, 0, 0, '2021-01-16', '2021-01-16'),
(558, 1, 52, 'carpeta creativa ', NULL, 4, 10, 0, 0, '2021-01-16', '2021-01-16'),
(559, 1, 7840294003515, 'Cuaderno Univ. T.D 50 hojas 1 raya AVON ', NULL, 4, 10, 6600, 0, '2021-01-16', '2021-01-16'),
(561, 1, 7898449082588, 'Pizarra corcho Stalo ', NULL, 4, 10, 0, 0, '2021-01-16', '2021-01-16'),
(562, 1, 54, 'Juguete para agua', NULL, 4, 10, 0, 0, '2021-01-16', '2021-01-16'),
(563, 1, 8883801300119, 'MuÃ±eca de Disney  Minnie', NULL, 4, 10, 0, 0, '2021-01-16', '2021-01-16'),
(564, 1, 7891153067247, 'cola para E.V.A e isopor ', NULL, 4, 10, 0, 0, '2021-01-16', '2021-01-16'),
(565, 1, 6908110045208, 'Juego de TÃ©. Tea Service ', NULL, 4, 10, 0, 0, '2021-01-16', '2021-01-16'),
(566, 1, 59, 'Juego de cocina Happy Cooking', NULL, 4, 10, 0, 0, '2021-01-16', '2021-01-16'),
(571, 1, 6971123783726, 'lapiz de papel c/ borrador. unicornio tilibra  ', NULL, 4, 10, 0, 0, '2021-01-16', '2021-01-16'),
(572, 1, 58, 'juego de cocina Kitchen', NULL, 4, 10, 0, 0, '2021-01-16', '2021-01-16'),
(573, 1, 57, 'juego de corona -beautiful ', NULL, 4, 10, 0, 0, '2021-01-16', '2021-01-16'),
(574, 1, 601362, 'movimiento diario ', NULL, 4, 10, 0, 0, '2021-01-16', '2021-01-16'),
(575, 1, 61, 'Registro diario ', NULL, 4, 10, 0, 0, '2021-01-16', '2021-01-16'),
(576, 1, 62, 'Juego de camion  con autitos incluidos ', NULL, 4, 10, 0, 0, '2021-01-16', '2021-01-16'),
(577, 1, 7840404895429, 'Libro diario 50 hojas T/Flex ', NULL, 4, 10, 0, 0, '2021-01-16', '2021-01-16'),
(578, 1, 63, 'kit de herramientas ', NULL, 4, 10, 0, 0, '2021-01-16', '2021-01-16'),
(579, 1, 7840404875834, 'Libro Mayor T. Flex ', NULL, 4, 10, 0, 0, '2021-01-16', '2021-01-16'),
(580, 1, 7840404884522, 'Libro inventario tapa flex ', NULL, 4, 10, 0, 0, '2021-01-16', '2021-01-16'),
(581, 1, 7840303373004, 'carpeta de dibujo n2 duson con hoja', NULL, 4, 10, 0, 0, '2021-01-16', '2021-01-16'),
(582, 1, 7840303373004, 'carpeta de dibujo n2 duson sin hoja', NULL, 4, 10, 0, 0, '2021-01-16', '2021-01-16'),
(583, 1, 7840303373004, 'carpeta de dibujo n2 duson sin hojas', NULL, 4, 10, 0, 0, '2021-01-16', '2021-01-16'),
(584, 1, 7840303373004, 'carpeta de dibujo  n2 duson sin hojas ', NULL, 4, 10, 0, 0, '2021-01-16', '2021-01-16'),
(585, 1, 64, 'Goma eva toallada', NULL, 4, 10, 0, 0, '2021-01-16', '2021-01-16'),
(586, 1, 7840303373011, 'carpeta para dibujo n3 duson con hojas ', NULL, 4, 10, 9460, 0, '2021-01-16', '2021-01-16'),
(587, 1, 65, 'goma eva entoallada ', NULL, 4, 10, 0, 0, '2021-01-16', '2021-01-16'),
(588, 1, 7840303373011, 'carpeta para dibujo n3 duson con hojas ', NULL, 4, 10, 9460, 0, '2021-01-16', '2021-01-16'),
(589, 1, 7840303373011, 'carpeta para dibujo n3 duson con hoja ', NULL, 4, 10, 9460, 0, '2021-01-16', '2021-01-16'),
(590, 1, 7840303373011, 'carpeta para dibujo n3 duson con hoja ', NULL, 4, 10, 9460, 0, '2021-01-16', '2021-01-16'),
(591, 1, 7840303373011, 'carpeta para dibujo n3 duson con hojas ', NULL, 4, 10, 9460, 0, '2021-01-16', '2021-01-16'),
(592, 1, 7840294005250, 'Carpeta para dibujo n3 avon sin hoja ', NULL, 4, 10, 4300, 0, '2021-01-16', '2021-01-16'),
(593, 1, 7840294004413, 'carpeta para dibujo n3 avon sin hojas                  ', NULL, 4, 10, 0, 0, '2021-01-16', '2021-01-16'),
(594, 1, 7840294004420, 'carpeta para dibujo n3 avon sin hojas ', NULL, 4, 10, 0, 0, '2021-01-16', '2021-01-16'),
(596, 1, 7840574001002, 'libro diario T.D  200 hojas          ', NULL, 4, 10, 0, 0, '2021-01-16', '2021-01-16'),
(597, 1, 303100, 'papel vegetal por unidad', NULL, 4, 10, 0, 0, '2021-01-16', '2021-01-16'),
(598, 1, 303100, 'papel vegetal por paquete ', NULL, 4, 10, 0, 0, '2021-01-16', '2021-01-16'),
(599, 1, 1215498465685, 'goma eva cortado con purpurina por unidad ', NULL, 4, 10, 0, 0, '2021-01-16', '2021-01-16'),
(600, 1, 66, 'goma eva cortado por unidad', NULL, 4, 10, 0, 0, '2021-01-16', '2021-01-16'),
(601, 1, 7840303371529, 'cartulinas en colores por paquete tamaÃ±o oficio  ', NULL, 4, 10, 0, 0, '2021-01-16', '2021-01-16'),
(602, 1, 67, 'cartulina colores vivos por paquete 30 ,14 x 20,21', NULL, 4, 10, 0, 0, '2021-01-16', '2021-01-16'),
(603, 1, 68, 'Goma eva toallada', NULL, 4, 10, 0, 0, '2021-01-16', '2021-01-16'),
(604, 1, 69, 'cartulina cortado por unidad', NULL, 4, 10, 0, 0, '2021-01-16', '2021-01-16'),
(605, 1, 7840303371598, 'cartulina con diseÃ±o a motas por paquete               ', NULL, 4, 10, 0, 0, '2021-01-16', '2021-01-16'),
(606, 1, 7840303371598, 'cartulina con diseÃ±o a motas por unidadad', NULL, 4, 10, 0, 0, '2021-01-16', '2021-01-16'),
(607, 1, 70, 'Goma eva toallada', NULL, 4, 10, 0, 0, '2021-01-16', '2021-01-16'),
(608, 1, 7840303371598, 'cartulina con diseÃ±o a rayas por unidad', NULL, 4, 10, 0, 0, '2021-01-16', '2021-01-16'),
(609, 1, 7840303371567, 'cartulina oro y pata ', NULL, 4, 10, 0, 0, '2021-01-16', '2021-01-16'),
(610, 1, 71, 'Goma eva entoallada', NULL, 4, 10, 0, 0, '2021-01-16', '2021-01-16'),
(611, 1, 73, 'Goma eva entoallada', NULL, 4, 10, 0, 0, '2021-01-16', '2021-01-16'),
(612, 1, 70, 'prendedor el par', NULL, 4, 10, 0, 0, '2021-01-16', '2021-01-16'),
(613, 1, 74, 'Goma eva toallada', NULL, 4, 10, 0, 0, '2021-01-16', '2021-01-16'),
(614, 1, 75, 'Goma eva entoallada', NULL, 4, 10, 0, 0, '2021-01-16', '2021-01-16'),
(615, 1, 7840294000989, 'sobre mamila 10 x 13  ', NULL, 4, 10, 0, 0, '2021-01-16', '2021-01-16'),
(616, 1, 76, 'Goma eva toallada ', NULL, 4, 10, 0, 0, '2021-01-16', '2021-01-16'),
(618, 1, 7840090005140, 'hoja de hilo por unidad', NULL, 4, 10, 0, 0, '2021-01-16', '2021-01-16'),
(619, 1, 7840090005140, 'hoja de Hilo por paquete ', NULL, 4, 10, 6950, 0, '2021-01-16', '2021-01-16'),
(620, 1, 7840090005140, 'hoja de hilo por paquete   ', NULL, 4, 10, 0, 0, '2021-01-16', '2021-01-16'),
(621, 1, 7840090005140, 'hoja de Hilo por unidad ', NULL, 4, 10, 0, 0, '2021-01-16', '2021-01-16'),
(622, 1, 7840090005140, 'Hoja de Hilo por Unidad', NULL, 4, 10, 0, 0, '2021-01-16', '2021-01-16'),
(623, 1, 7840090005140, 'Hoja de Hilo Por paquete', NULL, 4, 10, 0, 0, '2021-01-16', '2021-01-16'),
(624, 1, 7840090005140, 'hoja de hilo por unidad ', NULL, 4, 10, 0, 0, '2021-01-16', '2021-01-16'),
(625, 1, 7840090005140, 'hoja de hilo por unidad ', NULL, 4, 10, 0, 0, '2021-01-16', '2021-01-16'),
(626, 1, 7840090005140, 'Hoja de hilo por unidad ', NULL, 4, 10, 0, 0, '2021-01-16', '2021-01-16'),
(627, 1, 7840090005140, 'Hoja de hilo por paquete ', NULL, 4, 10, 0, 0, '2021-01-16', '2021-01-16'),
(628, 1, 42, 'hojas de cartulina T. A4', NULL, 4, 10, 0, 0, '2021-01-16', '2021-01-16'),
(629, 1, 42, 'hojas de cartulina T. A4', NULL, 4, 10, 0, 0, '2021-01-16', '2021-01-16'),
(630, 1, 42, 'hojas de cartulina T. A4', NULL, 4, 10, 0, 0, '2021-01-16', '2021-01-16'),
(631, 1, 39, 'Hoja de cartulina T. Oficio ', NULL, 4, 10, 0, 0, '2021-01-16', '2021-01-16'),
(632, 1, 39, 'Hojas de Cartulina T. Oficio ', NULL, 4, 10, 0, 0, '2021-01-16', '2021-01-16'),
(633, 1, 39, 'hojas de cartulina T. Oficio ', NULL, 4, 10, 0, 0, '2021-01-16', '2021-01-16'),
(634, 1, 7840294000873, 'sobre  avon 12 x 9 ', NULL, 4, 10, 0, 0, '2021-01-16', '2021-01-16'),
(635, 1, 7840294000941, 'sobre avon tamaÃ±o oficio  ', NULL, 4, 10, 0, 0, '2021-01-16', '2021-01-16'),
(636, 1, 7840294000910, 'sobre avon tamaÃ±o carta ', NULL, 4, 10, 0, 0, '2021-01-16', '2021-01-16'),
(637, 1, 6978714252029, 'Peluche de corazon con dos ositos', NULL, 4, 10, 24000, 0, '2021-01-16', '2021-01-16'),
(638, 1, 6611339321311, 'Peluchito de corazÃ³n', NULL, 4, 10, 11900, 0, '2021-01-16', '2021-01-16'),
(639, 1, 6992541529437, 'Peluche de osito con sombrerito rojo', NULL, 4, 10, 0, 0, '2021-01-16', '2021-01-16'),
(640, 1, 6992514720724, ' Peluche Osito corazon lila', NULL, 4, 10, 0, 0, '2021-01-16', '2021-01-16'),
(641, 1, 6992540122165, 'Peluche osito love lila ', NULL, 4, 10, 0, 0, '2021-01-16', '2021-01-16'),
(642, 1, 6814808044609, 'Almohadon Te amo', NULL, 4, 10, 28200, 0, '2021-01-16', '2021-01-16'),
(643, 1, 5959827298686, 'Merendero Super Mario', NULL, 4, 10, 0, 0, '2021-01-16', '2021-01-16'),
(644, 1, 5959817205076, 'Bolso Botinera', NULL, 4, 10, 0, 0, '2021-01-16', '2021-01-16'),
(645, 1, 5959883302754, 'Mochila de jeans', NULL, 4, 10, 0, 0, '2021-01-16', '2021-01-16'),
(646, 1, 5959857570165, 'Mochila Aicraft', NULL, 4, 10, 0, 0, '2021-01-16', '2021-01-16'),
(647, 1, 5959887296684, 'Mochila Negra x-sport', NULL, 4, 10, 0, 0, '2021-01-16', '2021-01-16'),
(648, 1, 5959857583172, 'Mochila Chen Kids', NULL, 4, 10, 0, 0, '2021-01-16', '2021-01-16'),
(649, 1, 5959857574569, 'Mochilade auto nitro', NULL, 4, 10, 0, 0, '2021-01-16', '2021-01-16'),
(650, 1, 7891027148102, 'Mochila BichiÃ±os ', NULL, 4, 10, 0, 0, '2021-01-16', '2021-01-16'),
(651, 1, 5959857576587, 'Mochila The Futere de transformers', NULL, 4, 10, 0, 0, '2021-01-16', '2021-01-16'),
(652, 1, 5959855578392, 'bandolera kindness rules', NULL, 4, 10, 0, 0, '2021-01-16', '2021-01-16'),
(653, 1, 5959855582399, 'bandolera believe ', NULL, 4, 10, 0, 0, '2021-01-16', '2021-01-16'),
(654, 1, 5959855501758, 'mochila con ruedita intensamente', NULL, 4, 10, 0, 0, '2021-01-16', '2021-01-16'),
(655, 1, 5959811701710, 'bandolera chenson ', NULL, 4, 10, 0, 0, '2021-01-16', '2021-01-16'),
(656, 1, 5959855578446, 'cartera kindness rules', NULL, 4, 10, 0, 0, '2021-01-16', '2021-01-16'),
(657, 1, 5959837296306, 'bandolera cheson ', NULL, 4, 10, 0, 0, '2021-01-16', '2021-01-16'),
(658, 1, 5959867359392, 'mochilita intesamente', NULL, 4, 10, 0, 0, '2021-01-16', '2021-01-16'),
(659, 1, 5959833296935, 'cartera fashion ', NULL, 4, 10, 0, 0, '2021-01-16', '2021-01-16'),
(660, 1, 5959867208430, 'cartera charmmy ', NULL, 4, 10, 0, 0, '2021-01-16', '2021-01-16'),
(661, 1, 5959833296942, 'cartera fashion girl', NULL, 4, 10, 0, 0, '2021-01-16', '2021-01-16'),
(662, 1, 7891027145576, 'mochila jolie ', NULL, 4, 10, 0, 0, '2021-01-16', '2021-01-16'),
(663, 1, 5959817499406, 'Mochila de 1 hombro ', NULL, 4, 10, 0, 0, '2021-01-16', '2021-01-16'),
(664, 1, 78, 'ESPONJA ', NULL, 4, 10, 0, 0, '2021-01-16', '2021-01-16'),
(665, 1, 79, 'Algodon ', NULL, 4, 10, 0, 0, '2021-01-16', '2021-01-16'),
(668, 1, 80, 'SILICONA EN BARRA GRUESA ', NULL, 4, 10, 0, 0, '2021-01-16', '2021-01-16'),
(677, 1, 6912368421042, 'Regla T transparente 60cm', NULL, 4, 10, 0, 0, '2021-01-16', '2021-01-16'),
(678, 1, 7793198811505, 'REGLA T 50 CM.', NULL, 4, 10, 0, 0, '2021-01-16', '2021-01-16'),
(679, 1, 7898449082809, 'escuadra 30cm stalo ', NULL, 4, 10, 0, 0, '2021-01-16', '2021-01-16'),
(680, 1, 6902015040825, 'tablero con algunas reglas ', NULL, 4, 10, 0, 0, '2021-01-16', '2021-01-16'),
(681, 1, 6902015040832, 'TABLERO CON TODAS LAS REGLAS ', NULL, 4, 10, 0, 0, '2021-01-16', '2021-01-16'),
(682, 1, 81, 'GOMA EVA CORRUGADO ', NULL, 4, 10, 0, 0, '2021-01-16', '2021-01-16'),
(683, 1, 81, 'GOMA EVA CORRUGADO ', NULL, 4, 10, 0, 0, '2021-01-16', '2021-01-16'),
(684, 1, 81, 'GOMA EVA CORRUGADO ', NULL, 4, 10, 0, 0, '2021-01-16', '2021-01-16'),
(685, 1, 81, 'GOMA EVA CORRUGADO ', NULL, 4, 10, 0, 0, '2021-01-16', '2021-01-16'),
(686, 1, 81, 'COMA EVA CORRUGADO ', NULL, 4, 10, 0, 0, '2021-01-16', '2021-01-16'),
(687, 1, 81, 'GOMA EVA CORRUGADO ', NULL, 4, 10, 0, 0, '2021-01-16', '2021-01-16'),
(688, 1, 81, 'goma eva corrugado ', NULL, 4, 10, 0, 0, '2021-01-16', '2021-01-16'),
(689, 1, 82, 'goma eva con laberintos ', NULL, 4, 10, 0, 0, '2021-01-16', '2021-01-16'),
(690, 1, 83, 'goma eva c/ detalles metal  ', NULL, 4, 10, 0, 0, '2021-01-16', '2021-01-16'),
(691, 1, 84, 'goma eva 3D', NULL, 4, 10, 0, 0, '2021-01-16', '2021-01-16'),
(692, 1, 86, 'GOMA EVA C/ LENTEJUELA ', NULL, 4, 10, 0, 0, '2021-01-16', '2021-01-16'),
(693, 1, 86, 'goma eva c/ lentejuela', NULL, 4, 10, 0, 0, '2021-01-16', '2021-01-16'),
(694, 1, 86, 'GOMA EVA CON LENTEJUELA ', NULL, 4, 10, 0, 0, '2021-01-16', '2021-01-16'),
(695, 1, 86, 'goma eva c/ lentejuela ', NULL, 4, 10, 0, 0, '2021-01-16', '2021-01-16'),
(696, 1, 86, 'GOMA EVA C/ LENTEJUELA ', NULL, 4, 10, 0, 0, '2021-01-16', '2021-01-16'),
(697, 1, 86, 'goma eva c/ lentejuela ', NULL, 4, 10, 0, 0, '2021-01-16', '2021-01-16'),
(698, 1, 85, 'GOMA EVA C/ DISEÃ‘O ', NULL, 4, 10, 0, 0, '2021-01-16', '2021-01-16'),
(699, 1, 7840090005669, 'carton corrugado                                                                              ', NULL, 4, 10, 0, 0, '2021-01-16', '2021-01-16'),
(700, 1, 7840090005669, 'carton corrugado ', NULL, 4, 10, 0, 0, '2021-01-16', '2021-01-16'),
(701, 1, 7840090005669, 'carton corrugado ', NULL, 4, 10, 0, 0, '2021-01-16', '2021-01-16'),
(702, 1, 7840090005669, 'carton corrugado ', NULL, 4, 10, 0, 0, '2021-01-16', '2021-01-16'),
(703, 1, 7840090005669, 'carton corrugado ', NULL, 4, 10, 0, 0, '2021-01-16', '2021-01-16'),
(704, 1, 7840090005669, 'carton corrugado ', NULL, 4, 10, 0, 0, '2021-01-16', '2021-01-16'),
(705, 1, 7840090005669, 'carton corrugado ', NULL, 4, 10, 0, 0, '2021-01-16', '2021-01-16'),
(706, 1, 7840090005669, 'carton corrugado ', NULL, 4, 10, 0, 0, '2021-01-16', '2021-01-16'),
(707, 1, 7840090005669, 'carton corrugado ', NULL, 4, 10, 0, 0, '2021-01-16', '2021-01-16'),
(708, 1, 7840090005669, 'carton corrugado ', NULL, 4, 10, 0, 0, '2021-01-16', '2021-01-16'),
(709, 1, 7840090005669, 'carton corrugado ', NULL, 4, 10, 0, 0, '2021-01-16', '2021-01-16'),
(710, 1, 7840090005669, 'carton corrugado ', NULL, 4, 10, 0, 0, '2021-01-16', '2021-01-16'),
(711, 1, 7840090005669, 'carton corrugado ', NULL, 4, 10, 0, 0, '2021-01-16', '2021-01-16'),
(712, 1, 87, 'carton corrugado color metalico  ', NULL, 4, 10, 0, 0, '2021-01-16', '2021-01-16'),
(713, 1, 87, 'carton corrugado color metalico ', NULL, 4, 10, 0, 0, '2021-01-16', '2021-01-16'),
(714, 1, 87, 'carton corrugado color metalico ', NULL, 4, 10, 0, 0, '2021-01-16', '2021-01-16'),
(715, 1, 87, 'carton corrugado color metalico ', NULL, 4, 10, 0, 0, '2021-01-16', '2021-01-16'),
(716, 1, 88, 'carton corrugado c/diseÃ±o ', NULL, 4, 10, 0, 0, '2021-01-16', '2021-01-16'),
(717, 1, 89, 'carton corrugado c/ diseÃ±o tigre ', NULL, 4, 10, 0, 0, '2021-01-16', '2021-01-16'),
(718, 1, 90, 'abaco abc ingles ', NULL, 4, 10, 0, 0, '2021-01-16', '2021-01-16'),
(719, 1, 90, 'abaco abc espaÃ±ol', NULL, 4, 10, 0, 0, '2021-01-16', '2021-01-16'),
(720, 1, 7840303318180, 'portafolio para carpeta TamaÃ±o A4 ', NULL, 4, 10, 0, 0, '2021-01-16', '2021-01-16'),
(721, 1, 7840303318180, 'Portafolio para carpeta tamaÃ±o A4', NULL, 4, 10, 0, 0, '2021-01-16', '2021-01-16'),
(722, 1, 7840303318203, 'Portafolio para carpeta TamaÃ±o Oficio', NULL, 4, 10, 0, 0, '2021-01-16', '2021-01-16'),
(723, 1, 7840303318180, 'Portafolio para carpeta TamaÃ±o A4', NULL, 4, 10, 0, 0, '2021-01-16', '2021-01-16'),
(724, 1, 7840303318203, 'portafolio para carpeta TamaÃ±o Oficio', NULL, 4, 10, 0, 0, '2021-01-16', '2021-01-16'),
(725, 1, 7840303318203, 'portafolio para carpeta TamaÃ±o Oficio', NULL, 4, 10, 0, 0, '2021-01-16', '2021-01-16'),
(726, 1, 7840303318180, 'Poertafolio para carpeta TamaÃ±o A4', NULL, 4, 10, 0, 0, '2021-01-16', '2021-01-16'),
(727, 1, 7840303318180, 'portafolio para carpeta TamaÃ±o A4 ', NULL, 4, 10, 0, 0, '2021-01-16', '2021-01-16'),
(728, 1, 7840303318180, 'portafolio para carpeta TamaÃ±o A4', NULL, 4, 10, 0, 0, '2021-01-16', '2021-01-16'),
(729, 1, 7840303318180, 'portafolio para carpeta TamaÃ±o A4 ', NULL, 4, 10, 0, 0, '2021-01-16', '2021-01-16'),
(730, 1, 7840303318180, 'portafolio para carpeta TamaÃ±o A4 ', NULL, 4, 10, 0, 0, '2021-01-16', '2021-01-16'),
(731, 1, 7840303318203, 'portafolio para carpeta TamaÃ±o Oficio ', NULL, 4, 10, 0, 0, '2021-01-16', '2021-01-16'),
(732, 1, 7840303318203, 'portafolio para carpeta TamaÃ±o Oficio', NULL, 4, 10, 0, 0, '2021-01-16', '2021-01-16'),
(743, 1, 93, 'cartulinas c/ diseÃ±o ', NULL, 4, 10, 0, 0, '2021-01-16', '2021-01-16'),
(744, 1, 94, 'papel laminado ', NULL, 4, 10, 0, 0, '2021-01-16', '2021-01-16'),
(745, 1, 94, 'papel laminado', NULL, 4, 10, 0, 0, '2021-01-16', '2021-01-16'),
(746, 1, 95, 'papel gamuzado ', NULL, 4, 10, 0, 0, '2021-01-16', '2021-01-16'),
(747, 1, 95, 'papel gamuzado ', NULL, 4, 10, 0, 0, '2021-01-16', '2021-01-16'),
(748, 1, 95, 'papel gamuzado ', NULL, 4, 10, 0, 0, '2021-01-16', '2021-01-16'),
(749, 1, 95, 'papel gamuzado ', NULL, 4, 10, 0, 0, '2021-01-16', '2021-01-16'),
(750, 1, 95, 'papel gamuzado ', NULL, 4, 10, 0, 0, '2021-01-16', '2021-01-16'),
(751, 1, 95, 'papel gamuzado ', NULL, 4, 10, 0, 0, '2021-01-16', '2021-01-16'),
(752, 1, 5959857581994, 'cartuchera c/diseÃ±o de dinosaurio con dos cierres ', NULL, 4, 10, 0, 0, '2021-01-16', '2021-01-16'),
(753, 1, 5959857576013, 'cartuchera c/diseÃ±o  robot dos cierres ', NULL, 4, 10, 0, 0, '2021-01-16', '2021-01-16'),
(754, 1, 5959857576990, 'cartuchera dos cierres c/ diseÃ±o de  robort force ', NULL, 4, 10, 0, 0, '2021-01-16', '2021-01-16'),
(755, 1, 5959857570011, 'cartuchera con diseÃ±o de avion dos cierres ', NULL, 4, 10, 0, 0, '2021-01-16', '2021-01-16'),
(756, 1, 5959887300008, 'mochila x-sport ', NULL, 4, 10, 30000, 0, '2021-01-16', '2021-01-16'),
(757, 1, 5959887411360, 'mochila pol sports ', NULL, 4, 10, 25200, 0, '2021-01-16', '2021-01-16'),
(758, 1, 5959887901908, 'mochila cuadrille ', NULL, 4, 10, 42000, 0, '2021-01-16', '2021-01-16'),
(759, 1, 5959887358733, 'mochila chenson 18 ', NULL, 4, 10, 60000, 0, '2021-01-16', '2021-01-16'),
(760, 1, 5959887215609, 'mochila harmmy ', NULL, 4, 10, 36000, 0, '2021-01-16', '2021-01-16'),
(763, 1, 5959857576723, 'mochila con ruedirtas robots ', NULL, 4, 10, 84500, 0, '2021-01-16', '2021-01-16'),
(764, 1, 5959897308735, 'mochila con rueditas pol spots ', NULL, 4, 10, 42000, 0, '2021-01-16', '2021-01-16'),
(765, 1, 5959897308728, 'mochila con rueditas sports ', NULL, 4, 10, 42000, 0, '2021-01-16', '2021-01-16'),
(766, 1, 5959857576532, 'mochila sin rueditas robots ', NULL, 4, 10, 42000, 0, '2021-01-16', '2021-01-16'),
(768, 1, 5959855582757, 'mochila  grande con rueditas Monsters  ', NULL, 4, 10, 54000, 0, '2021-01-16', '2021-01-16'),
(769, 1, 5959855582092, 'mochila chico con rueditas monsters ', NULL, 4, 10, 39100, 0, '2021-01-16', '2021-01-16'),
(771, 1, 5959855524757, 'mochila con rueditas tinker bell ', NULL, 4, 10, 57100, 0, '2021-01-16', '2021-01-16'),
(774, 1, 5959855501093, 'mochila chico intensamente  con rueditas ', NULL, 4, 10, 57100, 0, '2021-01-16', '2021-01-16'),
(777, 1, 5959855580760, 'mochila Dogs con rueditas ', NULL, 4, 10, 36100, 0, '2021-01-16', '2021-01-16'),
(778, 1, 5959855508092, 'mochila con rueditas hello kitty ', NULL, 4, 10, 42100, 0, '2021-01-16', '2021-01-16'),
(780, 1, 5959855580098, 'mochila Dogs mediano  ', NULL, 4, 10, 42100, 0, '2021-01-16', '2021-01-16'),
(790, 1, 97, 'hojas de colores en paquete de 10', NULL, 4, 10, 0, 0, '2021-01-16', '2021-01-16'),
(791, 1, 97, 'hoja de color en paquete de10', NULL, 4, 10, 0, 0, '2021-01-16', '2021-01-16'),
(792, 1, 97, 'hoja de collor en paquete de 10', NULL, 4, 10, 0, 0, '2021-01-16', '2021-01-16'),
(793, 1, 0, 'Papel carbonico ', NULL, 4, 10, 0, 0, '2021-01-16', '2021-01-16'),
(794, 1, 6939540578257, 'glitter en pote x paq. ', NULL, 4, 10, 0, 0, '2021-01-16', '2021-01-16'),
(795, 1, 6939540578257, 'glitter en pote x unid ', NULL, 4, 10, 0, 0, '2021-01-16', '2021-01-16'),
(796, 1, 98, 'pistolita para silicona gruesa ', NULL, 4, 10, 0, 0, '2021-01-16', '2021-01-16'),
(797, 1, 5959857570028, 'cartuchera de un cierre avion ', NULL, 4, 10, 0, 0, '2021-01-16', '2021-01-16'),
(798, 1, 99, 'papel de seda ', NULL, 4, 10, 0, 0, '2021-01-16', '2021-01-16'),
(799, 1, 99, 'papel de seda ', NULL, 4, 10, 0, 0, '2021-01-16', '2021-01-16'),
(800, 1, 99, 'papel de seda ', NULL, 4, 10, 0, 0, '2021-01-16', '2021-01-16'),
(801, 1, 5959857583028, 'cartuchera de un cierre tranformer ', NULL, 5, 10, 0, 0, '2021-01-16', '2021-01-16'),
(802, 1, 5959817314662, 'cartuchera de un cierre  chenson  ', NULL, 5, 10, 0, 0, '2021-01-16', '2021-01-16'),
(803, 1, 100, 'botones de isopor x 4', NULL, 5, 10, 0, 0, '2021-01-16', '2021-01-16'),
(804, 1, 5959831314440, 'cartuchera colorida chenson ', NULL, 5, 10, 0, 0, '2021-01-16', '2021-01-16'),
(805, 1, 5959817397306, 'cartuchera chenson ', NULL, 5, 10, 0, 0, '2021-01-16', '2021-01-16'),
(806, 1, 5959837397348, 'porta maquillaje ', NULL, 5, 10, 0, 0, '2021-01-16', '2021-01-16'),
(807, 1, 420, 'Borrador para pizarra acrilica', NULL, 5, 10, 3350, 0, '2021-01-16', '2021-01-16'),
(808, 1, 0, 'molde de abc chico en goma eva', NULL, 5, 10, 0, 0, '2021-01-16', '2021-01-16'),
(809, 1, 0, 'molde de abc mediano en goma eva ', NULL, 5, 10, 0, 0, '2021-01-16', '2021-01-16'),
(810, 1, 0, 'molde de abc grande en goma', NULL, 5, 10, 0, 0, '2021-01-16', '2021-01-16'),
(811, 1, 0, ' ABC guarani c/dibujo', NULL, 5, 10, 0, 0, '2021-01-16', '2021-01-16'),
(812, 1, 0, 'ABC castellano c/dibujo ', NULL, 5, 10, 0, 0, '2021-01-16', '2021-01-16'),
(813, 1, 0, 'feliz cumple en goma eva', NULL, 5, 10, 0, 0, '2021-01-16', '2021-01-16'),
(814, 1, 0, 'feliz cumple verde en goma eva ', NULL, 5, 10, 0, 0, '2021-01-16', '2021-01-16'),
(815, 1, 0, 'nro del 1 al 9 chico en goma eva ', NULL, 5, 10, 0, 0, '2021-01-16', '2021-01-16'),
(816, 1, 0, 'nro del 1 al 9 mediano en goma eva ', NULL, 5, 10, 0, 0, '2021-01-16', '2021-01-16'),
(817, 1, 0, 'nro del 1 al 9 c/ dibujo en goma eva', NULL, 5, 10, 0, 0, '2021-01-16', '2021-01-16'),
(818, 1, 0, 'vocales c/ diseÃ±o  ', NULL, 5, 10, 0, 0, '2021-01-16', '2021-01-16'),
(819, 1, 0, 'bienvenido chico en goma eva ', NULL, 5, 10, 0, 0, '2021-01-16', '2021-01-16'),
(821, 1, 0, 'flor de goma eva pte. ', NULL, 5, 10, 0, 0, '2021-01-16', '2021-01-16'),
(822, 1, 0, 'molde de hoja en goma eva pte.', NULL, 5, 10, 0, 0, '2021-01-16', '2021-01-16'),
(823, 1, 0, 'buho silueta en goma eva ', NULL, 5, 10, 0, 0, '2021-01-16', '2021-01-16'),
(824, 1, 0, 'molde de fruta en goma eva ', NULL, 5, 10, 0, 0, '2021-01-16', '2021-01-16'),
(825, 1, 0, 'molde de verdura en goma eva ', NULL, 5, 10, 0, 0, '2021-01-16', '2021-01-16'),
(826, 1, 0, 'molde de arbol en goma eva ', NULL, 5, 10, 0, 0, '2021-01-16', '2021-01-16'),
(827, 1, 0, 'molde de pescado en goma eva ', NULL, 5, 10, 0, 0, '2021-01-16', '2021-01-16'),
(828, 1, 0, 'molde de trensito en goma eva ', NULL, 5, 10, 0, 0, '2021-01-16', '2021-01-16'),
(829, 1, 0, 'molde de DirecciÃ³n en goma eva ', NULL, 5, 10, 0, 0, '2021-01-16', '2021-01-16'),
(830, 1, 0, 'bienvenido en goma eva ', NULL, 5, 10, 0, 0, '2021-01-16', '2021-01-16'),
(831, 1, 5959857522034, 'Cartuchera de la bella y la bestia  Disney', NULL, 5, 10, 0, 0, '2021-01-16', '2021-01-16'),
(832, 1, 5959857521037, 'Cartuchera de peincesas chenson', NULL, 5, 10, 0, 0, '2021-01-16', '2021-01-16'),
(833, 1, 7891027169893, 'Cartuchera tilibra con rayas rosadas', NULL, 5, 10, 0, 0, '2021-01-16', '2021-01-16'),
(834, 1, 7891027148133, 'Cartuchera Tilibra Jolie Rubia ', NULL, 5, 10, 0, 0, '2021-01-16', '2021-01-16'),
(835, 1, 7891027179786, 'cartuchera tilibra a motas ', NULL, 5, 10, 0, 0, '2021-01-16', '2021-01-16'),
(836, 1, 7891027145989, 'cartuchera tilibra Jolie Morena ', NULL, 5, 10, 0, 0, '2021-01-16', '2021-01-16'),
(837, 1, 7891027145941, 'cartuchera Tilibra Jolie Pelirroja ', NULL, 5, 10, 0, 0, '2021-01-16', '2021-01-16'),
(838, 1, 7891395012135, 'pincel tigre NÂ°10 largo', NULL, 5, 10, 0, 0, '2021-01-16', '2021-01-16'),
(839, 1, 17891395012111, 'Pincel tigre NÂ° 6 largo', NULL, 5, 10, 0, 0, '2021-01-16', '2021-01-16'),
(840, 1, 7891395012128, 'Pincel NÂ°8', NULL, 5, 10, 2, 0, '2021-01-16', '2021-01-16'),
(841, 1, 7798039620339, 'Pegasola tamaÃ±o 14 ojadillos', NULL, 5, 10, 0, 0, '2021-01-16', '2021-01-16'),
(842, 1, 7798039620216, 'Pegasola TamaÃ±o 33 x 75', NULL, 5, 10, 0, 0, '2021-01-16', '2021-01-16'),
(843, 1, 7798039620131, 'Pegasola TamaÃ±o 10x35', NULL, 5, 10, 0, 0, '2021-01-16', '2021-01-16'),
(844, 1, 7798039620186, 'Pegasola TamaÃ±o 50x20', NULL, 5, 10, 0, 0, '2021-01-16', '2021-01-16'),
(845, 1, 7798039620292, 'Pegasola TamaÃ±o 48x100', NULL, 5, 10, 0, 0, '2021-01-16', '2021-01-16'),
(846, 1, 9789501180480, 'libro de cuentos para colorear', NULL, 5, 10, 2500, 0, '2021-01-16', '2021-01-16'),
(847, 1, 7798039620193, 'Pegasola TamaÃ±o 70x20', NULL, 5, 10, 0, 0, '2021-01-16', '2021-01-16'),
(848, 1, 7798039620155, 'Pegasola TamaÃ±o 23x33', NULL, 5, 10, 0, 0, '2021-01-16', '2021-01-16'),
(849, 1, 7798039620230, 'Pegasola TamaÃ±o 22x88', NULL, 5, 10, 0, 0, '2021-01-16', '2021-01-16'),
(850, 1, 9789501181661, 'libro de cuentos disney ', NULL, 5, 10, 4100, 0, '2021-01-16', '2021-01-16'),
(851, 1, 9789501184853, 'libro de fabulas', NULL, 5, 10, 2500, 0, '2021-01-16', '2021-01-16'),
(852, 1, 7798039620315, 'Pegasola TamaÃ±o 103x75', NULL, 5, 10, 0, 0, '2021-01-16', '2021-01-16'),
(853, 1, 7798039620162, 'Pegasola TamaÃ±o 15x50', NULL, 5, 10, 0, 0, '2021-01-16', '2021-01-16'),
(854, 1, 7798039620254, 'Pegasola TamaÃ±o 80x35', NULL, 5, 10, 0, 0, '2021-01-16', '2021-01-16'),
(855, 1, 9789501181937, 'libro de cuentos poh', NULL, 5, 10, 3800, 0, '2021-01-16', '2021-01-16'),
(856, 1, 7798039620285, 'Pegasola TamaÃ±o 88x35', NULL, 5, 10, 0, 0, '2021-01-16', '2021-01-16'),
(857, 1, 7798039620261, 'Pegasola TamaÃ±o 50x75', NULL, 5, 10, 0, 0, '2021-01-16', '2021-01-16'),
(858, 1, 9789501181449, 'libro de cuentos pequenos clasicos', NULL, 5, 10, 1600, 0, '2021-01-16', '2021-01-16'),
(859, 1, 7798039620094, 'Pegasola TamaÃ±o 8x20', NULL, 5, 10, 0, 0, '2021-01-16', '2021-01-16'),
(860, 1, 7798039620278, 'Pegasola TamaÃ±o 100x35', NULL, 5, 10, 0, 0, '2021-01-16', '2021-01-16'),
(861, 1, 0, 'termito infantil con pico', NULL, 5, 10, 7100, 0, '2021-01-16', '2021-01-16'),
(862, 1, 7798039620223, 'Pegasola TamaÃ±o 36x57', NULL, 5, 10, 0, 0, '2021-01-16', '2021-01-16'),
(864, 1, 0, 'Pegasola TamaÃ±o 19x38', NULL, 5, 10, 0, 0, '2021-01-16', '2021-01-16'),
(865, 1, 0, 'termo infantil tong', NULL, 5, 10, 6400, 0, '2021-01-16', '2021-01-16'),
(867, 1, 0, 'boligrafo con diseno', NULL, 5, 10, 9000, 0, '2021-01-16', '2021-01-16'),
(868, 1, 7896022300098, 'palito para helado punta redonda', NULL, 5, 10, 3400, 0, '2021-01-16', '2021-01-16'),
(869, 1, 7896022300087, 'palito para helado punta cuadrada', NULL, 5, 10, 1800, 0, '2021-01-16', '2021-01-16'),
(870, 1, 7772115250115, 'corrector magico', NULL, 5, 10, 2100, 0, '2021-01-16', '2021-01-16'),
(871, 1, 7891360424413, 'lapiz de papel faber castell con tabla de multiplicar sin borrador', NULL, 5, 10, 0, 0, '2021-01-16', '2021-01-16'),
(872, 1, 8901180706404, 'regla faber castell de 15cm', NULL, 5, 10, 649, 0, '2021-01-16', '2021-01-16'),
(873, 1, 8901180712207, 'regla de 30cm faber castell', NULL, 5, 10, 2000, 0, '2021-01-16', '2021-01-16'),
(874, 1, 0, 'silicona en barra fina', NULL, 5, 10, 400, 0, '2021-01-16', '2021-01-16'),
(875, 1, 7840294002556, 'cuaderno de 50 hojas avon 1 raya', NULL, 5, 10, 2380, 0, '2021-01-16', '2021-01-16'),
(876, 1, 7840294005397, 'cuaderno de 50 hojas avon 1 raya', NULL, 5, 10, 2380, 0, '2021-01-16', '2021-01-16'),
(877, 1, 7840294005304, 'cuaderno de 50 hojas avon 1 raya', NULL, 5, 10, 2380, 0, '2021-01-16', '2021-01-16'),
(878, 1, 7840294002563, 'cuaderno de 50 hojas avon 1 raya', NULL, 5, 10, 2380, 0, '2021-01-16', '2021-01-16'),
(879, 1, 7840294002549, 'cuaderno de 50 hojas avon 1 raya', NULL, 5, 10, 2650, 0, '2021-01-16', '2021-01-16'),
(880, 1, 7840294002532, 'cuaderno de 50 hojas avon 1 raya', NULL, 5, 10, 2650, 0, '2021-01-16', '2021-01-16'),
(881, 1, 7840294002518, 'cuaderno de 50 hojas avon 1 raya', NULL, 5, 10, 2650, 0, '2021-01-16', '2021-01-16'),
(882, 1, 7840294002501, 'cuaderno de 50 hojas avon 1 raya', NULL, 5, 10, 2650, 0, '2021-01-16', '2021-01-16'),
(883, 1, 7840294002525, 'cuaderno de 50 hojas avon 1 raya', NULL, 5, 10, 2380, 0, '2021-01-16', '2021-01-16'),
(884, 1, 7840294002655, 'cuaderno de 50 hojas cuadriculado avon', NULL, 5, 10, 2650, 0, '2021-01-16', '2021-01-16'),
(885, 1, 7840294002648, 'cuaderno de 50 hojas doble raya avon', NULL, 5, 10, 2420, 0, '2021-01-16', '2021-01-16'),
(886, 1, 7840294002686, 'cuaderno de 50 hojas cuadriculado avon', NULL, 5, 10, 2420, 0, '2021-01-16', '2021-01-16'),
(887, 1, 7840294002662, 'cuaderno de 50 hojas cuadriculado', NULL, 5, 10, 2650, 0, '2021-01-16', '2021-01-16'),
(888, 1, 7840294002693, 'cuaderno de 50 hojas cuadriculado avon', NULL, 5, 10, 2420, 0, '2021-01-16', '2021-01-16'),
(889, 1, 7840294005328, 'cuaderno de 50 hojas cuadriculado avon', NULL, 5, 10, 2420, 0, '2021-01-16', '2021-01-16'),
(890, 1, 7840294002709, 'cuaderno de 50 hojas cuadriculado avon', NULL, 5, 10, 2420, 0, '2021-01-16', '2021-01-16'),
(891, 1, 4006381316132, 'boligrafo stabilo punta fina en paquete', NULL, 5, 10, 0, 0, '2021-01-16', '2021-01-16'),
(892, 1, 7840294005618, 'Hoja centimetrada NÂ°3 Avon  por paquete ', NULL, 5, 10, 4650, 0, '2021-01-16', '2021-01-16'),
(893, 1, 7754111602990, 'Marcador Para pizzarra de Faber Casterll', NULL, 5, 10, 0, 0, '2021-01-16', '2021-01-16'),
(894, 1, 7754111602518, 'Marcador Para pizzarra  Faber Castell', NULL, 5, 10, 0, 0, '2021-01-16', '2021-01-16'),
(895, 1, 7840294001061, 'Sobre  Mamila 25x38', NULL, 5, 10, 0, 0, '2021-01-16', '2021-01-16'),
(896, 1, 7840294001054, 'Sobre  mamila 24x34', NULL, 5, 10, 374, 0, '2021-01-16', '2021-01-16'),
(897, 1, 7840294001085, 'sobre  mamila  30x40', NULL, 5, 10, 0, 0, '2021-01-16', '2021-01-16'),
(898, 1, 7891027241209, 'mochila tilibra a rayas', NULL, 5, 10, 83510, 0, '2021-01-16', '2021-01-16'),
(899, 1, 7891027241568, 'mochila tilibra metalizado', NULL, 5, 10, 98224, 0, '2021-01-16', '2021-01-16'),
(900, 1, 7891027241469, 'mochila tilibra academie', NULL, 5, 10, 78309, 0, '2021-01-16', '2021-01-16'),
(901, 1, 7891027241766, 'mochila tilibra academie lila', NULL, 5, 10, 78890, 0, '2021-01-16', '2021-01-16'),
(902, 1, 7891027179175, 'mochila tilibra ', NULL, 5, 10, 78309, 0, '2021-01-16', '2021-01-16'),
(903, 1, 7891027241681, 'mochila tilibra motas rosado', NULL, 5, 10, 78890, 0, '2021-01-16', '2021-01-16'),
(904, 1, 7891027143275, 'mochila jolie rosado', NULL, 5, 10, 92151, 0, '2021-01-16', '2021-01-16'),
(905, 1, 7754111011587, 'marcador faber castell de 6 colores ', NULL, 5, 10, 4400, 0, '2021-01-16', '2021-01-16'),
(906, 1, 7891360638582, 'lapices de colores faber castell acuarelado de 12', NULL, 5, 10, 14600, 0, '2021-01-16', '2021-01-16'),
(907, 1, 7891360638704, 'lapices de colores faber castell bicolor de 6', NULL, 5, 10, 5600, 0, '2021-01-16', '2021-01-16'),
(908, 1, 7891360638681, 'lapices de colores faber castell de 12 corto', NULL, 5, 10, 5100, 0, '2021-01-16', '2021-01-16'),
(909, 1, 0, 'forro arana', NULL, 5, 10, 1400, 0, '2021-01-16', '2021-01-16'),
(910, 1, 0, 'forro arana', NULL, 5, 10, 1400, 0, '2021-01-16', '2021-01-16'),
(911, 1, 0, 'forro arana', NULL, 5, 10, 1400, 0, '2021-01-16', '2021-01-16'),
(912, 1, 0, 'forro arana', NULL, 5, 10, 1400, 0, '2021-01-16', '2021-01-16'),
(913, 1, 7891070427971, 'papel contact a rayas', NULL, 5, 10, 0, 0, '2021-01-16', '2021-01-16'),
(914, 1, 7891070450672, 'forro contact con diseno', NULL, 5, 10, 0, 0, '2021-01-16', '2021-01-16'),
(916, 1, 0, 'impresion blanco y negro', NULL, 5, 10, 0, 0, '2021-01-16', '2021-01-16'),
(917, 1, 0, 'impresion a color 2 imagenes', NULL, 5, 10, 0, 0, '2021-01-16', '2021-01-16'),
(918, 1, 0, 'impresion a color varias imagenes', NULL, 5, 10, 0, 0, '2021-01-16', '2021-01-16'),
(919, 1, 0, 'impresion a color 1 imagen', NULL, 5, 10, 0, 0, '2021-01-16', '2021-01-16'),
(920, 1, 0, 'Panel de tiempo ', NULL, 5, 10, 0, 0, '2021-01-16', '2021-01-16'),
(921, 1, 7840574005079, 'Libro de acta de 50 hojas', NULL, 5, 10, 8700, 0, '2021-01-16', '2021-01-16'),
(922, 1, 0, 'cartel de Bienvendos ', NULL, 5, 10, 0, 0, '2021-01-16', '2021-01-16'),
(923, 1, 0, 'isopor 100x100', NULL, 5, 10, 0, 0, '2021-01-16', '2021-01-16'),
(924, 1, 0, 'cartel de valores ', NULL, 5, 10, 0, 0, '2021-01-16', '2021-01-16'),
(925, 1, 0, 'isopor  100x60', NULL, 5, 10, 0, 0, '2021-01-16', '2021-01-16'),
(926, 1, 0, 'isopor 50x60', NULL, 5, 10, 0, 0, '2021-01-16', '2021-01-16'),
(927, 1, 0, 'cartel de Feliz cumple ', NULL, 5, 10, 0, 0, '2021-01-16', '2021-01-16'),
(928, 1, 0, 'cartel de palabras magicas ', NULL, 5, 10, 0, 0, '2021-01-16', '2021-01-16'),
(929, 1, 0, 'panel de asistencia', NULL, 5, 10, 0, 0, '2021-01-16', '2021-01-16'),
(930, 1, 0, 'Juego de Arenero fun beach ', NULL, 5, 10, 12800, 0, '2021-01-16', '2021-01-16'),
(931, 1, 9789501180343, 'colecciÃ³n mis animalitos ', NULL, 5, 10, 0, 0, '2021-01-16', '2021-01-16'),
(932, 1, 9789501130034, 'colecciÃ³n leo con figuras pinguinos ', NULL, 5, 10, 0, 0, '2021-01-16', '2021-01-16'),
(933, 1, 9789501130072, 'colecciÃ³n leo con figuras milo', NULL, 5, 10, 0, 0, '2021-01-16', '2021-01-16'),
(934, 1, 9789501129984, 'colecciÃ³n leo con figuras joco', NULL, 5, 10, 0, 0, '2021-01-16', '2021-01-16'),
(935, 1, 7401015631044, 'colecciÃ³n paketecuetes', NULL, 5, 10, 0, 0, '2021-01-16', '2021-01-16'),
(936, 1, 7401015630054, 'colecciÃ³n tuyo y mÃ­o numeros divertidos ', NULL, 5, 10, 0, 0, '2021-01-16', '2021-01-16'),
(937, 1, 0, 'forro Ã±anduti ', NULL, 5, 10, 0, 0, '2021-01-16', '2021-01-16'),
(938, 1, 0, 'forro Ã±anduti ', NULL, 5, 10, 0, 0, '2021-01-16', '2021-01-16'),
(939, 1, 0, 'forro Ã±anduti ', NULL, 5, 10, 0, 0, '2021-01-16', '2021-01-16'),
(940, 1, 0, 'forro a motas ', NULL, 5, 10, 0, 0, '2021-01-16', '2021-01-16'),
(941, 1, 0, ' forro Ã±anduti ', NULL, 5, 10, 0, 0, '2021-01-16', '2021-01-16'),
(942, 1, 0, 'forro araÃ±a ', NULL, 5, 10, 1400, 0, '2021-01-16', '2021-01-16'),
(943, 1, 0, 'forro a motas ', NULL, 5, 10, 0, 0, '2021-01-16', '2021-01-16'),
(944, 1, 0, 'forro a motas ', NULL, 5, 10, 0, 0, '2021-01-16', '2021-01-16'),
(945, 1, 0, 'forro a motas ', NULL, 5, 10, 0, 0, '2021-01-16', '2021-01-16'),
(946, 1, 0, 'forro a motas ', NULL, 5, 10, 0, 0, '2021-01-16', '2021-01-16'),
(947, 1, 0, 'forro a motas ', NULL, 5, 10, 0, 0, '2021-01-16', '2021-01-16'),
(948, 1, 0, 'forro a motas ', NULL, 5, 10, 0, 0, '2021-01-16', '2021-01-16'),
(949, 1, 0, 'Globos rojo,Blanco y azul', NULL, 5, 10, 0, 0, '2021-01-16', '2021-01-16'),
(950, 1, 6907302431270, 'lentejuelas de color x tubo ', NULL, 5, 10, 0, 0, '2021-01-16', '2021-01-16'),
(951, 1, 9556091116997, 'BOLIGRAFO STABILO LINER PAQUETE 6X5 ', NULL, 5, 10, 0, 0, '2021-01-16', '2021-01-16'),
(952, 1, 7891360646242, 'plasticola escolar faber castell ', NULL, 5, 10, 2300, 0, '2021-01-16', '2021-01-16'),
(953, 1, 6939540578653, 'Purpurina en sobre ', NULL, 5, 10, 0, 0, '2021-01-16', '2021-01-16'),
(954, 1, 7840294003157, 'cuaderno T/D 50 hojas 2rayas para mujer avon ', NULL, 5, 10, 2600, 0, '2021-01-16', '2021-01-16'),
(960, 1, 4006381333962, 'stabilo point por unidad ', NULL, 5, 10, 0, 0, '2021-01-16', '2021-01-16'),
(961, 1, 4006381333986, 'stabilo point por unidad ', NULL, 5, 10, 0, 0, '2021-01-16', '2021-01-16'),
(962, 1, 4006381333955, 'stabilo point por unidad ', NULL, 5, 10, 0, 0, '2021-01-16', '2021-01-16'),
(963, 1, 4006381105286, 'stabilo point por unidad ', NULL, 5, 10, 0, 0, '2021-01-16', '2021-01-16'),
(964, 1, 4006381105262, 'stabilo point por unidad ', NULL, 5, 10, 0, 0, '2021-01-16', '2021-01-16'),
(965, 1, 4006381105323, 'stabilo point por unidad ', NULL, 5, 10, 0, 0, '2021-01-16', '2021-01-16'),
(966, 1, 4006381493123, 'stabilo point por unidad ', NULL, 5, 10, 0, 0, '2021-01-16', '2021-01-16'),
(967, 1, 4006381493185, 'stabilo point por unidad ', NULL, 5, 10, 0, 0, '2021-01-16', '2021-01-16'),
(968, 1, 4006381333931, 'stabilo point por unidad ', NULL, 5, 10, 0, 0, '2021-01-16', '2021-01-16'),
(969, 1, 4006381105279, 'stabilo point por unidad ', NULL, 5, 10, 0, 0, '2021-01-16', '2021-01-16'),
(970, 1, 4006381493420, 'stabilo point por unidad ', NULL, 5, 10, 0, 0, '2021-01-16', '2021-01-16'),
(971, 1, 4006381438544, 'stabilo point por unidad ', NULL, 5, 10, 0, 0, '2021-01-16', '2021-01-16'),
(972, 1, 4006381493062, 'stabilo point por unidad ', NULL, 5, 10, 0, 0, '2021-01-16', '2021-01-16'),
(973, 1, 4006381493031, 'stabilo point por unidad ', NULL, 5, 10, 0, 0, '2021-01-16', '2021-01-16'),
(974, 1, 4006381333887, 'stabilo point por unidad ', NULL, 5, 10, 0, 0, '2021-01-16', '2021-01-16'),
(975, 1, 4006381493093, 'stabilo point por unidad ', NULL, 5, 10, 0, 0, '2021-01-16', '2021-01-16'),
(976, 1, 4006381186452, 'stabilo point por unidad ', NULL, 5, 10, 0, 0, '2021-01-16', '2021-01-16'),
(977, 1, 4006381186445, 'stabilo point por unidad ', NULL, 5, 10, 0, 0, '2021-01-16', '2021-01-16'),
(978, 1, 4006381186483, 'stabilo point por unidad ', NULL, 5, 10, 0, 0, '2021-01-16', '2021-01-16'),
(979, 1, 4006381493215, 'stabilo point por unidad ', NULL, 5, 10, 0, 0, '2021-01-16', '2021-01-16'),
(980, 1, 4006381105316, 'stabilo point por unidad ', NULL, 5, 10, 0, 0, '2021-01-16', '2021-01-16'),
(981, 1, 4006381105309, 'stabilo point por unidad ', NULL, 5, 10, 0, 0, '2021-01-16', '2021-01-16'),
(982, 1, 4006381186469, 'stabilo point por unidad', NULL, 5, 10, 0, 0, '2021-01-16', '2021-01-16'),
(983, 1, 4006381105255, 'stabilo point por unidad ', NULL, 5, 10, 0, 0, '2021-01-16', '2021-01-16'),
(984, 1, 4006381186476, 'stabilo point por unidad ', NULL, 5, 10, 0, 0, '2021-01-16', '2021-01-16'),
(985, 1, 4006381492973, 'stabilo point por unidad ', NULL, 5, 10, 0, 0, '2021-01-16', '2021-01-16'),
(986, 1, 7891153041391, 'acrilex para tejido ', NULL, 5, 10, 0, 0, '2021-01-16', '2021-01-16'),
(994, 1, 7840303372045, 'HOJA ADHESIVA ', NULL, 5, 10, 0, 0, '2021-01-16', '2021-01-16'),
(996, 1, 0, 'Rotulos por tira', NULL, 5, 10, 908, 0, '2021-01-16', '2021-01-16'),
(997, 1, 0, 'Rotulo por tira', NULL, 5, 10, 750, 0, '2021-01-16', '2021-01-16'),
(1000, 1, 7840303374001, 'regla flex de 30 cm ', NULL, 5, 10, 8250, 0, '2021-01-16', '2021-01-16'),
(1001, 1, 7840303374018, 'regla flex de 20 cm ', NULL, 5, 10, 7150, 0, '2021-01-16', '2021-01-16'),
(1002, 1, 4893055008253, 'Tijera Eagle chico  ', NULL, 5, 10, 2250, 0, '2021-01-16', '2021-01-16'),
(1003, 1, 4893055039561, 'Tijera Eagle  mediano ', NULL, 5, 10, 5115, 0, '2021-01-16', '2021-01-16'),
(1004, 1, 7840303318296, 'carpeta tapa tranparente oficio', NULL, 5, 10, 3020, 0, '2021-01-16', '2021-01-16'),
(1007, 1, 7840303318289, 'Carpeta tapa  transparente  oficio', NULL, 5, 10, 3020, 0, '2021-01-16', '2021-01-16'),
(1008, 1, 7840303318296, 'Carpeta tapa transparente oficio', NULL, 5, 10, 3020, 0, '2021-01-16', '2021-01-16'),
(1009, 1, 7840303318296, 'Carpeta tapa  transparente  oficio', NULL, 5, 10, 3020, 0, '2021-01-16', '2021-01-16'),
(1010, 1, 7840303318296, 'Carpeta tapa  transparente  oficio', NULL, 5, 10, 3020, 0, '2021-01-16', '2021-01-16'),
(1011, 1, 6956244883210, 'Carpeta tapa  transparente  oficio', NULL, 5, 10, 0, 0, '2021-01-16', '2021-01-16'),
(1012, 1, 0, 'carpeta ibama tapa transparente oficio ', NULL, 5, 10, 0, 0, '2021-01-16', '2021-01-16'),
(1013, 1, 0, 'carpeta ibama tapa transparente oficio ', NULL, 5, 10, 0, 0, '2021-01-16', '2021-01-16'),
(1014, 1, 0, 'carpeta ibama tapa transparente oficio ', NULL, 5, 10, 0, 0, '2021-01-16', '2021-01-16'),
(1015, 1, 0, 'carpeta ibama tapa transparente oficio ', NULL, 5, 10, 0, 0, '2021-01-16', '2021-01-16'),
(1016, 1, 0, 'carpeta eagle tapa transparente oficio ', NULL, 5, 10, 0, 0, '2021-01-16', '2021-01-16'),
(1017, 1, 7840303318128, 'plancheta duson ', NULL, 5, 10, 8410, 0, '2021-01-16', '2021-01-16'),
(1018, 1, 7840303608014, 'bibliorato dos anillos Ã±anduti ', NULL, 5, 10, 14850, 0, '2021-01-16', '2021-01-16'),
(1019, 1, 7840303535037, 'cuaderno chico con espiral duson cuadric. 50 hojas ', NULL, 5, 10, 5995, 0, '2021-01-16', '2021-01-16'),
(1020, 1, 7840303535013, 'cuaderno chico con espiral duson 1 raya 50 hojas ', NULL, 5, 10, 5995, 0, '2021-01-16', '2021-01-16'),
(1021, 1, 0, 'tiza blanca real de 100 unidades por caja', NULL, 5, 10, 7790, 0, '2021-01-16', '2021-01-16'),
(1022, 1, 0, 'tiza delta blanco de 90 unidades por caja', NULL, 5, 10, 7370, 0, '2021-01-16', '2021-01-16'),
(1023, 1, 7840303531275, 'cuaderno univer. cuadriculado p/mujer de 200 hojas duson ', NULL, 5, 10, 23276, 0, '2021-01-16', '2021-01-16'),
(1024, 1, 7840303531275, 'cuaderno univer. cuadriculado p/ hombre de 20 hojas duson', NULL, 5, 10, 23276, 0, '2021-01-16', '2021-01-16'),
(1025, 1, 0, 'tiza real de colores de 100 unidades por caja', NULL, 5, 10, 11300, 0, '2021-01-16', '2021-01-16'),
(1026, 1, 0, 'tiza delta de colores de 90 unidades por caja', NULL, 5, 10, 8900, 0, '2021-01-16', '2021-01-16'),
(1027, 1, 0, 'tiza delta a color de 70 unidades por caja', NULL, 5, 10, 0, 0, '2021-01-16', '2021-01-16'),
(1028, 1, 0, 'tiza delta a color de 100 unidades por caja', NULL, 5, 10, 0, 0, '2021-01-16', '2021-01-16'),
(1029, 1, 0, 'tiza a color por unidad', NULL, 5, 10, 0, 0, '2021-01-16', '2021-01-16'),
(1030, 1, 0, 'tiza blanca por unidad', NULL, 5, 10, 0, 0, '2021-01-16', '2021-01-16'),
(1031, 1, 7840294004802, 'Bibliorato avon ', NULL, 5, 10, 0, 0, '2021-01-16', '2021-01-16'),
(1056, 1, 7840303531251, 'cuaderno univer. T.D cuadriculado 50 hjs p/ varon duson ', NULL, 5, 10, 7678, 0, '2021-01-16', '2021-01-16'),
(1059, 1, 7840303531251, 'cuaderno univer. T/D cuadriculado de 50 hjs p/ mujer duson ', NULL, 5, 10, 7678, 0, '2021-01-16', '2021-01-16'),
(1070, 1, 0, 'bijouterie', NULL, 5, 10, 0, 0, '2021-01-16', '2021-01-16'),
(1071, 1, 0, 'trabajo por computadora a color', NULL, 5, 10, 0, 0, '2021-01-16', '2021-01-16'),
(1072, 1, 0, 'trabajo por computadora blanco y negro', NULL, 5, 10, 0, 0, '2021-01-16', '2021-01-16'),
(1073, 1, 0, 'COMPAS DE METAL  ', NULL, 5, 10, 0, 0, '2021-01-16', '2021-01-16'),
(1074, 1, 0, 'Cartulina Fluor ', NULL, 5, 10, 1750, 0, '2021-01-16', '2021-01-16'),
(1075, 1, 4893055007089, 'Perforadora Grande', NULL, 5, 10, 12800, 0, '2021-01-16', '2021-01-16'),
(1076, 1, 0, 'ABC en castellano con referencia ', NULL, 5, 10, 20000, 0, '2021-01-16', '2021-01-16'),
(1077, 1, 0, 'cinta adhesiva 30mm', NULL, 5, 10, 2530, 0, '2021-01-16', '2021-01-16'),
(1078, 1, 0, 'forro a motas ', NULL, 5, 10, 0, 0, '2021-01-16', '2021-01-16'),
(1079, 1, 0, 'cinta pega doble fino', NULL, 5, 10, 3600, 0, '2021-01-16', '2021-01-16'),
(1080, 1, 6943312000105, 'papel glace metalizado', NULL, 5, 10, 950, 0, '2021-01-16', '2021-01-16'),
(1081, 1, 7840090003160, 'pincel alamo nÂ°12 punta chata', NULL, 5, 10, 0, 0, '2021-01-16', '2021-01-16'),
(1082, 1, 0, 'Copias C.I. ', NULL, 5, 10, 0, 0, '2021-01-16', '2021-01-16'),
(1083, 1, 0, 'Carton duplex ', NULL, 5, 10, 0, 0, '2021-01-16', '2021-01-16'),
(1084, 1, 0, 'Papel afiche ', NULL, 5, 10, 650, 0, '2021-01-16', '2021-01-16'),
(1085, 1, 0, 'papel afiche de color', NULL, 5, 10, 0, 0, '2021-01-16', '2021-01-16'),
(1086, 1, 0, 'Papel sulfito', NULL, 5, 10, 0, 0, '2021-01-16', '2021-01-16'),
(1090, 1, 0, 'Papel Madera', NULL, 5, 10, 0, 0, '2021-01-16', '2021-01-16'),
(1091, 1, 0, 'Papel para regalo', NULL, 5, 10, 0, 0, '2021-01-16', '2021-01-16'),
(1092, 1, 0, 'cartulina', NULL, 5, 10, 950, 0, '2021-01-16', '2021-01-16'),
(1093, 1, 0, 'Papel sifon', NULL, 5, 10, 0, 0, '2021-01-16', '2021-01-16'),
(1094, 1, 111, 'Carpeta archivadora ', NULL, 5, 10, 1170, 0, '2021-01-16', '2021-01-16'),
(1095, 1, 419, 'Goma eva simple', NULL, 5, 10, 1930, 0, '2021-01-16', '2021-01-16'),
(1096, 1, 0, 'goma eva adhesiva con purpurina', NULL, 5, 10, 0, 0, '2021-01-16', '2021-01-16'),
(1097, 1, 0, 'goma eva con purpurina', NULL, 5, 10, 0, 0, '2021-01-16', '2021-01-16'),
(1098, 1, 7897464700217, 'crayola koala 12uni. fino', NULL, 5, 10, 0, 0, '2021-01-16', '2021-01-16'),
(1099, 1, 0, 'cinta adhesiva fino chico ', NULL, 5, 10, 0, 0, '2021-01-16', '2021-01-16'),
(1100, 1, 0, 'Carton duplex a color ', NULL, 5, 10, 0, 0, '2021-01-16', '2021-01-16'),
(1101, 1, 0, 'resma de hoja oficio ', NULL, 5, 10, 26500, 0, '2021-01-16', '2021-01-16'),
(1102, 1, 0, 'Hojas blancas ', NULL, 5, 10, 0, 0, '2021-01-16', '2021-01-16'),
(1103, 1, 0, 'hoja cambiable Oficio 1 Raya', NULL, 5, 10, 91, 0, '2021-01-16', '2021-01-16'),
(1104, 1, 0, 'stikers', NULL, 5, 10, 0, 0, '2021-01-16', '2021-01-16'),
(1105, 1, 0, 'cinta adhesiva chico aro grande ', NULL, 5, 10, 0, 0, '2021-01-16', '2021-01-16'),
(1106, 1, 0, 'cinta pega doble mediano', NULL, 5, 10, 6800, 0, '2021-01-16', '2021-01-16'),
(1110, 1, 0, 'Hoja centimetrada N3Â° por unidad', NULL, 5, 10, 0, 0, '2021-01-16', '2021-01-16'),
(1111, 1, 7840294004383, 'Carpeta para dibujo n2  avon ', NULL, 5, 10, 4050, 0, '2021-01-16', '2021-01-16'),
(1112, 1, 0, 'Hoja centimetrada n2 por paqt. avon ', NULL, 5, 10, 0, 0, '2021-01-16', '2021-01-16'),
(1113, 1, 0, 'Hoja centimetrada n2 por unidad', NULL, 5, 10, 182, 0, '2021-01-16', '2021-01-16'),
(1114, 1, 0, 'carpeta para dibujo n2 con hoja avon ', NULL, 5, 10, 0, 0, '2021-01-16', '2021-01-16'),
(1116, 1, 7891395012166, 'pincel NÂ°16', NULL, 5, 10, 0, 0, '2021-01-16', '2021-01-16'),
(1117, 1, 7891153113067, 'pintura a dedo acrilex ', NULL, 5, 10, 8500, 0, '2021-01-16', '2021-01-16'),
(1118, 1, 7891153020174, 'tempera acrilex 250', NULL, 5, 10, 6480, 0, '2021-01-16', '2021-01-16'),
(1119, 1, 7891153020150, 'tempera acrilex 250', NULL, 5, 10, 6480, 0, '2021-01-16', '2021-01-16'),
(1120, 1, 7891153020129, 'tempera acrilex 250', NULL, 5, 10, 6480, 0, '2021-01-16', '2021-01-16'),
(1121, 1, 7891153020143, 'tempera acrilex 250', NULL, 5, 10, 6480, 0, '2021-01-16', '2021-01-16'),
(1122, 1, 7891153020198, 'tempera acrilex 250', NULL, 5, 10, 6480, 0, '2021-01-16', '2021-01-16'),
(1123, 1, 7891153041384, 'pintura para tejido ', NULL, 5, 10, 0, 0, '2021-01-16', '2021-01-16'),
(1124, 1, 9788449453397, 'diccionario de castellano oceano ', NULL, 5, 10, 18000, 0, '2021-01-16', '2021-01-16'),
(1125, 1, 9788449453403, 'diccionario de ingles oceano ', NULL, 5, 10, 18000, 0, '2021-01-16', '2021-01-16'),
(1126, 1, 0, 'Hoja Cambiable oficio 2rayas c/u', NULL, 5, 10, 0, 0, '2021-01-16', '2021-01-16'),
(1127, 1, 6931100515313, 'corrector a lapiz duson ', NULL, 5, 10, 2367, 0, '2021-01-16', '2021-01-16'),
(1128, 1, 7840303140965, 'silicona liquida de 30 ml duson ', NULL, 5, 10, 2024, 0, '2021-01-16', '2021-01-16'),
(1129, 1, 7840303140972, 'silicona liquida de 100ml duson ', NULL, 5, 10, 5170, 0, '2021-01-16', '2021-01-16'),
(1130, 1, 6931100515337, 'corrector liquido duson ', NULL, 5, 10, 1826, 0, '2021-01-16', '2021-01-16'),
(1131, 1, 7840303318296, 'carpeta tapa transparente oficio', NULL, 5, 10, 3020, 0, '2021-01-16', '2021-01-16'),
(1132, 1, 4971850032137, 'calculadora casio Fx 350 ms', NULL, 5, 10, 61000, 0, '2021-01-16', '2021-01-16'),
(1133, 1, 4971850137931, 'Calculadora casio Fx 82 ms', NULL, 5, 10, 62500, 0, '2021-01-16', '2021-01-16'),
(1134, 1, 4971850090328, 'calculadora casio Fx82es plus bk ', NULL, 5, 10, 69000, 0, '2021-01-16', '2021-01-16'),
(1135, 1, 4971850091172, 'Calculadora casio Fx85 es plus ', NULL, 5, 10, 70000, 0, '2021-01-16', '2021-01-16'),
(1136, 1, 6925625411465, 'Calculadora kenko kk402', NULL, 5, 10, 5500, 0, '2021-01-16', '2021-01-16'),
(1137, 1, 7840303371512, 'Cartulina de color tamaÃ±o oficio duson ', NULL, 5, 10, 0, 0, '2021-01-16', '2021-01-16'),
(1142, 1, 77959508, 'topline ', NULL, 5, 10, 0, 0, '2021-01-16', '2021-01-16'),
(1143, 1, 77922656, 'menthoplus ', NULL, 5, 10, 0, 0, '2021-01-16', '2021-01-16'),
(1144, 1, 77922694, 'menthoplus ', NULL, 5, 10, 0, 0, '2021-01-16', '2021-01-16'),
(1145, 1, 77959515, 'topline ', NULL, 5, 10, 0, 0, '2021-01-16', '2021-01-16'),
(1146, 1, 77922663, 'menthoplus', NULL, 5, 10, 0, 0, '2021-01-16', '2021-01-16'),
(1147, 1, 7798039620148, 'pega sola por paquete ', NULL, 5, 10, 0, 0, '2021-01-16', '2021-01-16'),
(1148, 1, 7798039024441, 'hoja de cartulina A4 de colores por paqte.', NULL, 5, 10, 5700, 0, '2021-01-16', '2021-01-16'),
(1149, 1, 7754111685405, 'Marcador  Fabercito 10 colores ', NULL, 5, 10, 4500, 0, '2021-01-16', '2021-01-16'),
(1150, 1, 0, 'Marcador gemini de dos puntas ', NULL, 5, 10, 0, 0, '2021-01-16', '2021-01-16'),
(1151, 1, 7840294004802, 'Bibliorato Avon ', NULL, 5, 10, 6500, 0, '2021-01-16', '2021-01-16'),
(1152, 1, 7840294004802, 'Bibliorato Avon ', NULL, 5, 10, 6500, 0, '2021-01-16', '2021-01-16'),
(1153, 1, 7840294005250, 'carpeta para dibujo NÂ°2 avon ', NULL, 5, 10, 3610, 0, '2021-01-16', '2021-01-16'),
(1154, 1, 7840294004383, 'carpeta para dibujo NÂ°2 avon', NULL, 5, 10, 3610, 0, '2021-01-16', '2021-01-16'),
(1155, 1, 7840294004390, 'Carpeta para dibujo NÂ°2 Avon ', NULL, 5, 10, 3610, 0, '2021-01-16', '2021-01-16'),
(1156, 1, 7891395012159, 'pincel Tigre NÂ° 14', NULL, 5, 10, 0, 0, '2021-01-16', '2021-01-16'),
(1157, 1, 0, 'TOALLA ESCOLAR', NULL, 5, 10, 0, 0, '2021-01-16', '2021-01-16'),
(1158, 1, 7891395012142, 'pincel tigre NÂ° 12 ', NULL, 5, 10, 0, 0, '2021-01-16', '2021-01-16'),
(1159, 1, 7891395012180, 'pincel tigre NÂ° 20', NULL, 5, 10, 0, 0, '2021-01-16', '2021-01-16');
INSERT INTO `articulos` (`idarticulo`, `proveedor`, `codigobarras`, `nombreart`, `descripcion`, `clasificacion`, `iva`, `costo`, `estado`, `fecha_alta`, `fec_ult_compra`) VALUES
(1160, 1, 7840294002594, 'cuaderno avon 50 hojas 2 rayas ', NULL, 5, 10, 2380, 0, '2021-01-16', '2021-01-16'),
(1161, 1, 7840294002600, 'cuaderno avon 50 hojas 2 rayas ', NULL, 5, 10, 2380, 0, '2021-01-16', '2021-01-16'),
(1162, 1, 7840294002587, 'cuaderno avon 50 hojas 2 royas ', NULL, 5, 10, 2650, 0, '2021-01-16', '2021-01-16'),
(1164, 1, 0, 'impresion de internet con color hoja coompleta ', NULL, 5, 10, 0, 0, '2021-01-16', '2021-01-16'),
(1165, 1, 0, 'forro Ã±anduti ', NULL, 5, 10, 0, 0, '2021-01-16', '2021-01-16'),
(1166, 1, 0, 'forro con diseÃ±o ', NULL, 5, 10, 0, 0, '2021-01-16', '2021-01-16'),
(1169, 1, 0, 'tiket para precio ', NULL, 5, 10, 0, 0, '2021-01-16', '2021-01-16'),
(1170, 1, 0, 'carpeta tapa dura duson ', NULL, 5, 10, 0, 0, '2021-01-16', '2021-01-16'),
(1171, 1, 0, 'Hoja Cambiable Oficio 2 rayas x Pte', NULL, 5, 10, 0, 0, '2021-01-16', '2021-01-16'),
(1172, 1, 125238, 'ABC en Duplex ', NULL, 5, 10, 0, 0, '2021-01-16', '2021-01-16'),
(1173, 1, 0, 'contact blanco ', NULL, 5, 10, 0, 0, '2021-01-16', '2021-01-16'),
(1174, 1, 7891027179700, 'Agenda Tilibra Pepper 2019', NULL, 5, 10, 0, 0, '2021-01-16', '2021-01-16'),
(1175, 1, 0, 'Agenda  Permanente tilibra', NULL, 5, 10, 0, 0, '2021-01-16', '2021-01-16'),
(1176, 1, 7897562200473, 'plasticola maxi 40gr', NULL, 5, 10, 1200, 0, '2021-01-16', '2021-01-16'),
(1177, 1, 7897562200480, 'plasticola maxi 90gr ', NULL, 5, 10, 1790, 0, '2021-01-16', '2021-01-16'),
(1178, 1, 7891027146580, 'Cuaderno Spider-man 100 hojas Tilibra', NULL, 5, 10, 0, 0, '2021-01-16', '2021-01-16'),
(1179, 1, 7891027118457, 'cuaderno Jolie 100 hojas tilibra ', NULL, 5, 10, 0, 0, '2021-01-16', '2021-01-16'),
(1180, 1, 7891027118464, 'Cuaderno Jolie 50 Hojas Tilibra ', NULL, 5, 10, 0, 0, '2021-01-16', '2021-01-16'),
(1181, 1, 7891027146597, 'cuadernop Spider-man 50 hojas tilibra ', NULL, 5, 10, 0, 0, '2021-01-16', '2021-01-16'),
(1182, 1, 0, 'tapa y contratapa ', NULL, 5, 10, 0, 0, '2021-01-16', '2021-01-16'),
(1183, 1, 0, 'Compas faber castell', NULL, 5, 10, 2500, 0, '2021-01-16', '2021-01-16'),
(1184, 1, 0, 'tabla de multiplicar ', NULL, 5, 10, 0, 0, '2021-01-16', '2021-01-16'),
(1185, 1, 0, 'papel manteca ', NULL, 5, 10, 0, 0, '2021-01-16', '2021-01-16'),
(1186, 1, 0, 'forro araÃ±a ', NULL, 5, 10, 14, 0, '2021-01-16', '2021-01-16'),
(1187, 1, 0, 'forro araÃ±a ', NULL, 5, 10, 1400, 0, '2021-01-16', '2021-01-16'),
(1188, 1, 0, 'forro araÃ±a ', NULL, 5, 10, 1400, 0, '2021-01-16', '2021-01-16'),
(1189, 1, 0, 'forro araÃ±a ', NULL, 5, 10, 1400, 0, '2021-01-16', '2021-01-16'),
(1190, 1, 0, 'forro araÃ±a ', NULL, 5, 10, 1400, 0, '2021-01-16', '2021-01-16'),
(1191, 1, 0, 'forro araÃ±a ', NULL, 5, 10, 1400, 0, '2021-01-16', '2021-01-16'),
(1192, 1, 6943312000112, 'papel glace lustre colores surtidos ', NULL, 5, 10, 700, 0, '2021-01-16', '2021-01-16'),
(1194, 1, 4893055110291, 'desgrampadora eagle', NULL, 5, 10, 2500, 0, '2021-01-16', '2021-01-16'),
(1195, 1, 9789569533174, 'Diccionario iter sopena espaÃ±ol ', NULL, 5, 10, 29000, 0, '2021-01-16', '2021-01-16'),
(1196, 1, 6904651546563, 'Grampa KOFA model 10', NULL, 5, 10, 1050, 0, '2021-01-16', '2021-01-16'),
(1197, 1, 4893055005177, 'estilete o corta papel grande', NULL, 5, 10, 2850, 0, '2021-01-16', '2021-01-16'),
(1198, 1, 4893055005160, ' estilete o corta papel ', NULL, 5, 10, 1700, 0, '2021-01-16', '2021-01-16'),
(1199, 1, 7840303140415, 'papel de regalo metalizado ', NULL, 5, 10, 0, 0, '2021-01-16', '2021-01-16'),
(1200, 1, 0, 'carpeta de dibujo n2 duson con hoja', NULL, 5, 10, 0, 0, '2021-01-16', '2021-01-16'),
(1201, 1, 7840303105070, 'memo sticky fluor mediano ', NULL, 5, 10, 4345, 0, '2021-01-16', '2021-01-16'),
(1202, 1, 7840303105179, 'memo sticky grande ', NULL, 5, 10, 4620, 0, '2021-01-16', '2021-01-16'),
(1203, 1, 7840303105025, 'memo x 4 colores  mediano ', NULL, 5, 10, 5500, 0, '2021-01-16', '2021-01-16'),
(1205, 1, 0, 'resma de hoja A4', NULL, 5, 10, 24000, 0, '2021-01-16', '2021-01-16'),
(1206, 1, 0, ' Borrador con diseÃ±o office', NULL, 5, 10, 0, 0, '2021-01-16', '2021-01-16'),
(1207, 1, 0, 'pendrive macel de 4G', NULL, 5, 10, 0, 0, '2021-01-16', '2021-01-16'),
(1208, 1, 0, 'reduccion ', NULL, 5, 10, 0, 0, '2021-01-16', '2021-01-16'),
(1209, 1, 77959539, 'topline ', NULL, 5, 10, 0, 0, '2021-01-16', '2021-01-16'),
(1210, 1, 0, 'encuadernacion ', NULL, 5, 10, 0, 0, '2021-01-16', '2021-01-16'),
(1213, 1, 7891027151904, 'agenda tilibra flores', NULL, 5, 10, 0, 0, '2021-01-16', '2021-01-16'),
(1214, 1, 0, 'trabajo a computadora', NULL, 5, 10, 0, 0, '2021-01-16', '2021-01-16'),
(1215, 1, 6912341220112, 'clips a color ', NULL, 5, 10, 0, 0, '2021-01-16', '2021-01-16'),
(1217, 1, 0, 'contac', NULL, 5, 10, 0, 0, '2021-01-16', '2021-01-16'),
(1219, 1, 0, 'papel contact ', NULL, 5, 10, 0, 0, '2021-01-16', '2021-01-16'),
(1220, 1, 0, 'HOJA BLANCA A3', NULL, 5, 10, 0, 0, '2021-01-16', '2021-01-16'),
(1228, 1, 7891153020068, 'Tempera acrilex de 6', NULL, 5, 10, 5850, 0, '2021-01-16', '2021-01-16'),
(1229, 1, 0, 'Regalo', NULL, 5, 10, 0, 0, '2021-01-16', '2021-01-16'),
(1230, 1, 0, 'Rotulo por paquete', NULL, 5, 10, 908, 0, '2021-01-16', '2021-01-16'),
(1237, 1, 7840303361346, 'carpeta 2 anillos con letras fluor', NULL, 5, 10, 14850, 0, '2021-01-16', '2021-01-16'),
(1238, 1, 7840303548020, 'carpeta 2 anillos jeans', NULL, 5, 10, 14850, 0, '2021-01-16', '2021-01-16'),
(1239, 1, 7840303318173, 'libreta Ã±anduti', NULL, 5, 10, 3823, 0, '2021-01-16', '2021-01-16'),
(1240, 1, 7840303100617, 'carga de scutter chico', NULL, 5, 10, 3064, 0, '2021-01-16', '2021-01-16'),
(1241, 1, 0, 'Carga de scutter grande', NULL, 5, 10, 3685, 0, '2021-01-16', '2021-01-16'),
(1242, 1, 0, 'Caramelo', NULL, 5, 10, 0, 0, '2021-01-16', '2021-01-16'),
(1243, 1, 0, 'Hoja Cambiable Oficio cuadriculado x Pte', NULL, 5, 10, 0, 0, '2021-01-16', '2021-01-16'),
(1244, 1, 0, 'carpeta colgante marmolada sin plastificado ', NULL, 5, 10, 0, 0, '2021-01-16', '2021-01-16'),
(1245, 1, 0, 'hoja de cartulina T. A4', NULL, 5, 10, 0, 0, '2021-01-16', '2021-01-16'),
(1246, 1, 0, 'regla transportador ', NULL, 5, 10, 0, 0, '2021-01-16', '2021-01-16'),
(1248, 1, 0, 'Escarpela', NULL, 5, 10, 1500, 0, '2021-01-16', '2021-01-16'),
(1249, 1, 0, 'Tricolor ', NULL, 5, 10, 0, 0, '2021-01-16', '2021-01-16'),
(1250, 1, 0, 'bibliorato lomo fino duson', NULL, 5, 10, 0, 0, '2021-01-16', '2021-01-16'),
(1251, 1, 0, 'Hoja cambiable Oficio x Pte 1 raya', NULL, 5, 10, 4520, 0, '2021-01-16', '2021-01-16'),
(1252, 1, 0, 'hoja de hilo por unidad', NULL, 5, 10, 0, 0, '2021-01-16', '2021-01-16'),
(1253, 1, 0, 'cinta adhesiva de 30mm', NULL, 5, 10, 2133, 0, '2021-01-16', '2021-01-16'),
(1255, 1, 0, 'carterita colgante', NULL, 5, 10, 0, 0, '2021-01-16', '2021-01-16'),
(1256, 1, 0, 'hojas de color por unidad ', NULL, 5, 10, 0, 0, '2021-01-16', '2021-01-16'),
(1257, 1, 0, 'tiket para precio por tubo ', NULL, 5, 10, 0, 0, '2021-01-16', '2021-01-16'),
(1258, 1, 0, 'MAXICOLA 500 ML', NULL, 5, 10, 0, 0, '2021-01-16', '2021-01-16'),
(1259, 1, 0, 'saldo', NULL, 5, 10, 0, 0, '2021-01-16', '2021-01-16'),
(1260, 1, 0, 'Gotas siluetas en goma eva', NULL, 5, 10, 0, 0, '2021-01-16', '2021-01-16'),
(1261, 1, 0, 'cinta bb fino', NULL, 5, 10, 0, 0, '2021-01-16', '2021-01-16'),
(1262, 1, 7891360642817, 'borrador faber castell chico', NULL, 5, 10, 0, 0, '2021-01-16', '2021-01-16'),
(1263, 1, 0, 'GOMA EVA CORRUGADO ', NULL, 5, 10, 0, 0, '2021-01-16', '2021-01-16'),
(1264, 1, 7840294002983, 'cuaderno de 1 Raya T.F Avon 20 hojas a motas', NULL, 5, 10, 660, 0, '2021-01-16', '2021-01-16'),
(1266, 1, 7754111656023, 'Marcador Faber Castell grueso 12 unidades', NULL, 5, 10, 16200, 0, '2021-01-16', '2021-01-16'),
(1268, 1, 0, 'Bibliorato lomo ancho ', NULL, 5, 10, 7050, 0, '2021-01-16', '2021-01-16'),
(1269, 1, 0, 'hoja de Hilo por paquete ', NULL, 5, 10, 6950, 0, '2021-01-16', '2021-01-16'),
(1270, 1, 0, 'escaneo', NULL, 5, 10, 0, 0, '2021-01-16', '2021-01-16'),
(1271, 1, 0, 'bon o bom', NULL, 5, 10, 0, 0, '2021-01-16', '2021-01-16'),
(1272, 1, 0, 'carpeta creativa simple', NULL, 5, 10, 0, 0, '2021-01-16', '2021-01-16'),
(1273, 1, 0, 'Trabajo en powet point', NULL, 5, 10, 0, 0, '2021-01-16', '2021-01-16'),
(1274, 1, 0, 'Cartel de S', NULL, 5, 10, 0, 0, '2021-01-16', '2021-01-16'),
(1275, 1, 0, 'golosina', NULL, 5, 10, 0, 0, '2021-01-16', '2021-01-16'),
(1276, 1, 0, 'Impresion color', NULL, 5, 10, 0, 0, '2021-01-16', '2021-01-16'),
(1278, 1, 0, 'pincel n3', NULL, 5, 10, 0, 0, '2021-01-16', '2021-01-16'),
(1287, 1, 0, 'Buho con ojos moviles', NULL, 5, 10, 0, 0, '2021-01-16', '2021-01-16'),
(1289, 1, 7891360424420, 'Lapiz de papel Faber Castell bandera Flags', NULL, 5, 10, 0, 0, '2021-01-16', '2021-01-16'),
(1290, 1, 0, 'boligrafo big round', NULL, 5, 10, 0, 0, '2021-01-16', '2021-01-16'),
(1291, 1, 0, 'boligrafo big round', NULL, 5, 10, 0, 0, '2021-01-16', '2021-01-16'),
(1292, 1, 0, 'Regalo', NULL, 5, 10, 0, 0, '2021-01-16', '2021-01-16'),
(1293, 1, 0, 'Tela para pintura', NULL, 5, 10, 0, 0, '2021-01-16', '2021-01-16'),
(1294, 1, 0, 'clips', NULL, 5, 10, 1800, 0, '2021-01-16', '2021-01-16'),
(1295, 1, 0, 'Folletos', NULL, 5, 10, 0, 0, '2021-01-16', '2021-01-16'),
(1296, 1, 7840294001023, 'sobre tipo bolsa manila 20x28', NULL, 5, 10, 284, 0, '2021-01-16', '2021-01-16'),
(1297, 1, 0, 'PENDRIVE KINGSTON', NULL, 5, 10, 0, 0, '2021-01-16', '2021-01-16'),
(1298, 1, 0, 'palito para helado colorido', NULL, 5, 10, 2400, 0, '2021-01-16', '2021-01-16'),
(1299, 1, 4893055002077, 'Presilladora eagle 207', NULL, 5, 10, 9300, 0, '2021-01-16', '2021-01-16'),
(1300, 1, 7891360548294, 'Lapiz de papel Faber Castell 2HB ECO con borrador', NULL, 5, 10, 817, 0, '2021-01-16', '2021-01-16'),
(1301, 1, 7891360548300, 'Lapiz de papel Faber Castell 2HB sin borrador', NULL, 5, 10, 817, 0, '2021-01-16', '2021-01-16'),
(1302, 1, 7840090004211, 'clips alamo', NULL, 5, 10, 0, 0, '2021-01-16', '2021-01-16'),
(1303, 1, 0, 'Carga de Saldo', NULL, 5, 10, 0, 0, '2021-01-16', '2021-01-16'),
(1304, 1, 7898119177491, 'papel fotografico autoadhesivo', NULL, 5, 10, 0, 0, '2021-01-16', '2021-01-16'),
(1305, 1, 0, 'Boligrafo Parker', NULL, 5, 10, 0, 0, '2021-01-16', '2021-01-16'),
(1306, 1, 0, 'Boligrafo Parker', NULL, 5, 10, 0, 0, '2021-01-16', '2021-01-16'),
(1307, 1, 0, 'Boligrafo Parker', NULL, 5, 10, 0, 0, '2021-01-16', '2021-01-16'),
(1308, 1, 0, 'Boligrafo Parker', NULL, 5, 10, 0, 0, '2021-01-16', '2021-01-16'),
(1309, 1, 0, 'Boligrafo Parker', NULL, 5, 10, 0, 0, '2021-01-16', '2021-01-16'),
(1310, 1, 0, 'Boligrafo Parker', NULL, 5, 10, 0, 0, '2021-01-16', '2021-01-16'),
(1312, 1, 0, 'Boligrafo Crown', NULL, 5, 10, 0, 0, '2021-01-16', '2021-01-16'),
(1313, 1, 0, 'Boligrafo Crown', NULL, 5, 10, 0, 0, '2021-01-16', '2021-01-16'),
(1314, 1, 0, 'ActivaciÃ³n de Chip', NULL, 5, 10, 0, 0, '2021-01-16', '2021-01-16'),
(1315, 1, 0, 'Flor de Goma Eva por unidad', NULL, 5, 10, 0, 0, '2021-01-16', '2021-01-16'),
(1316, 1, 0, 'Hojas de Goma eva por unidad', NULL, 5, 10, 0, 0, '2021-01-16', '2021-01-16'),
(1317, 1, 0, 'Curriulum', NULL, 5, 10, 0, 0, '2021-01-16', '2021-01-16'),
(1318, 1, 7750082006140, 'Silicona artesco', NULL, 5, 10, 5500, 0, '2021-01-16', '2021-01-16'),
(1319, 1, 7891153020310, 'Tempera acrilex', NULL, 5, 10, 0, 0, '2021-01-16', '2021-01-16'),
(1320, 1, 7891153073224, 'Plastilina acrilex', NULL, 5, 10, 0, 0, '2021-01-16', '2021-01-16'),
(1321, 1, 0, 'Guirnaldas', NULL, 5, 10, 0, 0, '2021-01-16', '2021-01-16'),
(1322, 1, 0, 'Globos navideÃ±os', NULL, 5, 10, 0, 0, '2021-01-16', '2021-01-16'),
(1323, 1, 0, 'Purpurina en vaso', NULL, 5, 10, 0, 0, '2021-01-16', '2021-01-16'),
(1324, 1, 0, 'Agenda Pratika 2020', NULL, 5, 10, 20000, 0, '2021-01-16', '2021-01-16'),
(1325, 1, 0, 'CERTIFICADOS 2 X 1', NULL, 5, 10, 0, 0, '2021-01-16', '2021-01-16'),
(1326, 1, 0, 'CERTIFICADOS 1 X 1', NULL, 5, 10, 0, 0, '2021-01-16', '2021-01-16'),
(1327, 1, 0, 'ADHESION', NULL, 5, 10, 0, 0, '2021-01-16', '2021-01-16'),
(1328, 1, 0, 'Marcador faber castell winner x unid  ', NULL, 5, 10, 0, 0, '2021-01-16', '2021-01-16'),
(1329, 1, 0, 'Aguja para crochet ', NULL, 5, 10, 0, 0, '2021-01-16', '2021-01-16'),
(1330, 1, 0, 'Bibliorato tamaÃ±o recibo', NULL, 5, 10, 0, 0, '2021-01-16', '2021-01-16'),
(1341, 1, 7898411590035, 'Globito de agua', NULL, 5, 10, 5000, 0, '2021-01-16', '2021-01-16'),
(1342, 1, 0, 'Alfiler con cabeza', NULL, 5, 10, 1333, 0, '2021-01-16', '2021-01-16'),
(1343, 1, 0, '7840303541250', NULL, 5, 10, 9500, 0, '2021-01-16', '2021-01-16'),
(1347, 1, 70330152168, 'Boligrafo big x paquete', NULL, 5, 10, 0, 0, '2021-01-16', '2021-01-16'),
(1348, 1, 0, 'Vaso escolar', NULL, 5, 10, 0, 0, '2021-01-16', '2021-01-16'),
(1349, 1, 0, 'panel feliz cumple', NULL, 5, 10, 0, 0, '2021-01-16', '2021-01-16'),
(1350, 1, 0, 'Panel de bienvenido grande', NULL, 5, 10, 15000, 0, '2021-01-16', '2021-01-16'),
(1351, 1, 0, 'Panel de Bienvenido M', NULL, 5, 10, 10000, 0, '2021-01-16', '2021-01-16'),
(1352, 1, 0, 'Panel de Valores', NULL, 5, 10, 15000, 0, '2021-01-16', '2021-01-16'),
(1353, 1, 0, 'Panel de Vocales', NULL, 5, 10, 15000, 0, '2021-01-16', '2021-01-16'),
(1354, 1, 0, 'Panel de Palabras Magicas', NULL, 5, 10, 0, 0, '2021-01-16', '2021-01-16'),
(1355, 1, 7891360641711, 'lapiz de color faber castell de 60', NULL, 5, 10, 66500, 0, '2021-01-16', '2021-01-16'),
(1360, 1, 7896640452827, 'Multi block color de 50 piezas', NULL, 5, 10, 37000, 0, '2021-01-16', '2021-01-16'),
(1361, 1, 0, 'bloque en mochila 29 pcs', NULL, 5, 10, 16100, 0, '2021-01-16', '2021-01-16'),
(1362, 1, 0, 'Bloque en mochila 42 pcs', NULL, 5, 10, 20000, 0, '2021-01-16', '2021-01-16'),
(1363, 1, 0, 'Bloque en estuche 68 pcs', NULL, 5, 10, 17900, 0, '2021-01-16', '2021-01-16'),
(1364, 1, 0, 'Bloque en balde 60 pcs', NULL, 5, 10, 14700, 0, '2021-01-16', '2021-01-16'),
(1365, 1, 0, 'Bloque en auto ', NULL, 5, 10, 24500, 0, '2021-01-16', '2021-01-16'),
(1366, 1, 0, 'Abaco de madera ', NULL, 5, 10, 26500, 0, '2021-01-16', '2021-01-16'),
(1367, 1, 0, 'Cuaderno decorados', NULL, 5, 10, 0, 0, '2021-01-16', '2021-01-16'),
(1368, 1, 0, 'Panel del Tiempo', NULL, 5, 10, 0, 0, '2021-01-16', '2021-01-16'),
(1369, 1, 0, 'Panel feliz cumple', NULL, 5, 10, 0, 0, '2021-01-16', '2021-01-16'),
(1370, 1, 0, 'GLOBO DE AGUA', NULL, 5, 10, 0, 0, '2021-01-16', '2021-01-16'),
(1371, 1, 7896572014230, 'cola isopor ', NULL, 5, 10, 0, 0, '2021-01-16', '2021-01-16'),
(1372, 1, 0, 'FOTO TIPO CARNET', NULL, 5, 10, 0, 0, '2021-01-16', '2021-01-16'),
(1373, 1, 7840604102013, 'Cuaderno  una raya de 20 hojas', NULL, 5, 10, 0, 0, '2021-01-16', '2021-01-16'),
(1374, 1, 0, 'PORTA NOMBRES', NULL, 5, 10, 3500, 0, '2021-01-16', '2021-01-16'),
(1375, 1, 0, 'mochila con rueditas toys', NULL, 5, 10, 0, 0, '2021-01-16', '2021-01-16'),
(1376, 1, 0, 'CINTA DE PAPEL GRUESO', NULL, 5, 10, 6300, 0, '2021-01-16', '2021-01-16'),
(1377, 1, 734484105912, 'Marcador para pizzarra acrilica', NULL, 5, 10, 2350, 0, '2021-01-16', '2021-01-16'),
(1378, 1, 734484105929, 'Marcador para pizzarra acrilica', NULL, 5, 10, 2350, 0, '2021-01-16', '2021-01-16'),
(1379, 1, 7840294003003, 'Cuaderno de 20 hojas tapa flex  sin raya ', NULL, 5, 10, 0, 0, '2021-01-16', '2021-01-16'),
(1380, 1, 7840294004369, 'Carpeta para dibujo n2 avon', NULL, 5, 10, 4050, 0, '2021-01-16', '2021-01-16'),
(1381, 1, 7840294004406, 'Carpeta para dibujo n3 avon', NULL, 5, 10, 4300, 0, '2021-01-16', '2021-01-16'),
(1382, 1, 7840294004376, 'Carpeta para dibujo n2  avon ', NULL, 5, 10, 4050, 0, '2021-01-16', '2021-01-16'),
(1383, 1, 7840294003539, 'Cuaderno Univ. TD de 100 hojas 1 raya', NULL, 5, 10, 9150, 0, '2021-01-16', '2021-01-16'),
(1384, 1, 0, 'PINZA DE CEJAS', NULL, 5, 10, 0, 0, '2021-01-16', '2021-01-16'),
(1385, 1, 0, 'Rotulo x unidad', NULL, 5, 10, 0, 0, '2021-01-16', '2021-01-16'),
(1402, 1, 7840574006007, 'Libro Mayor', NULL, 5, 10, 16400, 0, '2021-01-16', '2021-01-16'),
(1403, 1, 345345435, 'LUBER TRANSLUB SAE 90 1L', 'sdlksdfksdfk', 2, 10, 30000, 0, NULL, NULL),
(1404, 1, 242353453, 'ASADA PARA KAfasdas', 'se usa para kaapir', 3, 10, 50000, 0, '2021-03-21', NULL),
(1405, 1, 242353453, 'PROBANDO', 'se usa para ka\r\n', 3, 10, 50000, 0, '2021-03-21', NULL),
(1406, 1, 242353453, 'PROBANDO', 'se usa para ka\r\n', 3, 10, 50000, 0, '2021-03-21', NULL),
(1407, 1, 57857657665, 'SALADIX CALABRESA 30 GR', 'hjgjhghjgjjhgjh', 1, 10, 10000, 0, '2021-03-21', NULL),
(1408, 1, 57857657665, 'SALADIX CALABRESA 30 GR', 'hjgjhghjgjjhgjh', 1, 10, 10000, 0, '2021-03-21', NULL),
(1409, 1, 57857657665, 'SALADIX CALABRESA 30 GR', 'hjgjhghjgjjhgjh', 1, 10, 10000, 0, '2021-03-21', NULL),
(1410, 1, 57857657665, 'SALADIX CALABRESA 30 GR', 'proibando', 1, 10, 10000, 0, '2021-03-21', NULL),
(1411, 1, 57857657665, 'SALADIX CALABRESA 30 GR', 'hjgjhghjgjjhgjh', 1, 10, 10000, 1, '2021-03-21', NULL);

-- --------------------------------------------------------

--
-- Estructura de tabla para la tabla `bancos`
--

CREATE TABLE `bancos` (
  `idbanco` int(11) NOT NULL,
  `desbanco` varchar(60) NOT NULL,
  `direccion` varchar(200) DEFAULT NULL,
  `telefono` varchar(30) DEFAULT NULL,
  `ciudad` int(11) DEFAULT NULL
) ENGINE=InnoDB DEFAULT CHARSET=latin1;

--
-- Volcado de datos para la tabla `bancos`
--

INSERT INTO `bancos` (`idbanco`, `desbanco`, `direccion`, `telefono`, `ciudad`) VALUES
(2, 'BANCO FAMILIAR', '25 de mayo e/ Brasil y Estados Unidos', '0981143788', 7),
(3, 'BANCO BBVA', NULL, NULL, 2),
(4, 'BANCO BASA', 'Estigarribia esq. Gral. Díaz Nº 599', '0976828140', 4),
(5, 'BANCO SUDAMERIS', '25 de mayo e/ Brasil y Estados Unidos', '0981143788', 7);

-- --------------------------------------------------------

--
-- Estructura de tabla para la tabla `bodegas`
--

CREATE TABLE `bodegas` (
  `idbodega` int(11) NOT NULL,
  `sucursal` tinyint(11) DEFAULT NULL,
  `descbodega` varchar(60) DEFAULT NULL
) ENGINE=InnoDB DEFAULT CHARSET=latin1;

--
-- Volcado de datos para la tabla `bodegas`
--

INSERT INTO `bodegas` (`idbodega`, `sucursal`, `descbodega`) VALUES
(1, 1, 'SALON'),
(2, 1, 'DEPOSITO'),
(3, 2, 'SALON'),
(4, 2, 'DEPOSITO');

-- --------------------------------------------------------

--
-- Estructura de tabla para la tabla `bodegas_det`
--

CREATE TABLE `bodegas_det` (
  `bodega` int(11) DEFAULT NULL,
  `articulo` int(11) DEFAULT NULL,
  `stock` float DEFAULT NULL
) ENGINE=InnoDB DEFAULT CHARSET=latin1;

--
-- Volcado de datos para la tabla `bodegas_det`
--

INSERT INTO `bodegas_det` (`bodega`, `articulo`, `stock`) VALUES
(1, 11, 0),
(2, 11, 160),
(3, 11, 20),
(4, 11, 40),
(1, 12, -32),
(2, 12, -20),
(3, 12, 20),
(4, 12, 20),
(1, 13, 0),
(2, 13, 20),
(3, 13, 20),
(4, 13, 20),
(1, 14, -12),
(2, 14, 20),
(3, 14, 20),
(4, 14, 20),
(1, 15, -24),
(2, 15, 108),
(3, 15, 20),
(4, 15, 20),
(1, 16, 20),
(2, 16, 116),
(3, 16, 20),
(4, 16, 20),
(1, 17, 10),
(2, 17, 20),
(3, 17, 20),
(4, 17, 20),
(1, 18, 20),
(2, 18, 20),
(3, 18, 20),
(4, 18, 20),
(1, 19, 20),
(2, 19, 20),
(3, 19, 20),
(4, 19, 20),
(1, 20, -1),
(2, 20, -20),
(3, 20, 20),
(4, 20, 20),
(1, 23, 20),
(2, 23, 20),
(3, 23, 20),
(4, 23, 20),
(1, 24, 20),
(2, 24, 20),
(3, 24, 20),
(4, 24, 20),
(1, 25, 10),
(2, 25, 20),
(3, 25, 20),
(4, 25, 20),
(1, 26, 20),
(2, 26, 20),
(3, 26, 20),
(4, 26, 20),
(1, 27, 20),
(2, 27, 20),
(3, 27, 20),
(4, 27, 20),
(1, 28, 20),
(2, 28, 20),
(3, 28, 20),
(4, 28, 20),
(1, 29, 20),
(2, 29, 20),
(3, 29, 20),
(4, 29, 20),
(1, 30, 20),
(2, 30, 20),
(3, 30, 20),
(4, 30, 20),
(1, 31, 20),
(2, 31, 20),
(3, 31, 20),
(4, 31, 20),
(1, 32, 10),
(2, 32, 20),
(3, 32, 20),
(4, 32, 20),
(1, 100, 20),
(2, 100, 20),
(3, 100, 20),
(4, 100, 20),
(1, 101, 20),
(2, 101, 20),
(3, 101, 20),
(4, 101, 20),
(1, 102, 20),
(2, 102, 20),
(3, 102, 20),
(4, 102, 20),
(1, 103, 19),
(2, 103, 20),
(3, 103, 20),
(4, 103, 20),
(1, 104, 20),
(2, 104, 20),
(3, 104, 20),
(4, 104, 20),
(1, 105, 20),
(2, 105, 20),
(3, 105, 20),
(4, 105, 20),
(1, 106, 20),
(2, 106, 20),
(3, 106, 20),
(4, 106, 20),
(1, 107, 20),
(2, 107, 20),
(3, 107, 20),
(4, 107, 20),
(1, 108, 20),
(2, 108, 20),
(3, 108, 20),
(4, 108, 20),
(1, 109, 20),
(2, 109, 20),
(3, 109, 20),
(4, 109, 20),
(1, 110, 20),
(2, 110, 20),
(3, 110, 20),
(4, 110, 20),
(1, 111, 20),
(2, 111, 20),
(3, 111, 20),
(4, 111, 20),
(1, 112, 20),
(2, 112, 20),
(3, 112, 20),
(4, 112, 20),
(1, 113, 20),
(2, 113, 20),
(3, 113, 20),
(4, 113, 20),
(1, 114, 20),
(2, 114, 20),
(3, 114, 20),
(4, 114, 20),
(1, 115, 20),
(2, 115, 20),
(3, 115, 20),
(4, 115, 20),
(1, 116, 20),
(2, 116, 20),
(3, 116, 20),
(4, 116, 20),
(1, 117, 20),
(2, 117, 20),
(3, 117, 20),
(4, 117, 20),
(1, 118, 20),
(2, 118, 20),
(3, 118, 20),
(4, 118, 20),
(1, 119, 20),
(2, 119, 20),
(3, 119, 20),
(4, 119, 20),
(1, 200, 20),
(2, 200, 20),
(3, 200, 20),
(4, 200, 20),
(1, 201, 20),
(2, 201, 20),
(3, 201, 20),
(4, 201, 20),
(1, 202, 20),
(2, 202, 20),
(3, 202, 20),
(4, 202, 20),
(1, 203, 20),
(2, 203, 20),
(3, 203, 20),
(4, 203, 20),
(1, 204, 20),
(2, 204, 20),
(3, 204, 20),
(4, 204, 20),
(1, 205, 20),
(2, 205, 20),
(3, 205, 20),
(4, 205, 20),
(1, 206, 20),
(2, 206, 20),
(3, 206, 20),
(4, 206, 20),
(1, 207, 20),
(2, 207, 20),
(3, 207, 20),
(4, 207, 20),
(1, 208, 20),
(2, 208, 20),
(3, 208, 20),
(4, 208, 20),
(1, 209, 20),
(2, 209, 20),
(3, 209, 20),
(4, 209, 20),
(1, 210, 20),
(2, 210, 20),
(3, 210, 20),
(4, 210, 20),
(1, 211, 20),
(2, 211, 20),
(3, 211, 20),
(4, 211, 20),
(1, 212, 20),
(2, 212, 20),
(3, 212, 20),
(4, 212, 20),
(1, 213, 20),
(2, 213, 20),
(3, 213, 20),
(4, 213, 20),
(1, 214, 20),
(2, 214, 20),
(3, 214, 20),
(4, 214, 20),
(1, 215, 20),
(2, 215, 20),
(3, 215, 20),
(4, 215, 20),
(1, 216, 20),
(2, 216, 20),
(3, 216, 20),
(4, 216, 20),
(1, 217, 20),
(2, 217, 20),
(3, 217, 20),
(4, 217, 20),
(1, 218, 20),
(2, 218, 20),
(3, 218, 20),
(4, 218, 20),
(1, 219, 20),
(2, 219, 20),
(3, 219, 20),
(4, 219, 20),
(1, 500, 20),
(2, 500, 20),
(3, 500, 20),
(4, 500, 20),
(1, 501, 20),
(2, 501, 20),
(3, 501, 20),
(4, 501, 20),
(1, 502, 20),
(2, 502, 20),
(3, 502, 20),
(4, 502, 20),
(1, 503, 20),
(2, 503, 20),
(3, 503, 20),
(4, 503, 20),
(1, 505, 20),
(2, 505, 20),
(3, 505, 20),
(4, 505, 20),
(1, 512, 20),
(2, 512, 20),
(3, 512, 20),
(4, 512, 20),
(1, 513, 20),
(2, 513, 20),
(3, 513, 20),
(4, 513, 20),
(1, 514, 20),
(2, 514, 20),
(3, 514, 20),
(4, 514, 20),
(1, 515, 20),
(2, 515, 20),
(3, 515, 20),
(4, 515, 20),
(1, 516, 20),
(2, 516, 20),
(3, 516, 20),
(4, 516, 20),
(1, 517, 20),
(2, 517, 20),
(3, 517, 20),
(4, 517, 20),
(1, 518, 20),
(2, 518, 20),
(3, 518, 20),
(4, 518, 20),
(1, 519, 20),
(2, 519, 20),
(3, 519, 20),
(4, 519, 20),
(1, 521, 20),
(2, 521, 20),
(3, 521, 20),
(4, 521, 20),
(1, 522, 20),
(2, 522, 20),
(3, 522, 20),
(4, 522, 20),
(1, 523, 20),
(2, 523, 20),
(3, 523, 20),
(4, 523, 20),
(1, 524, 20),
(2, 524, 20),
(3, 524, 20),
(4, 524, 20),
(1, 526, 20),
(2, 526, 20),
(3, 526, 20),
(4, 526, 20),
(1, 527, 20),
(2, 527, 20),
(3, 527, 20),
(4, 527, 20),
(1, 528, 20),
(2, 528, 20),
(3, 528, 20),
(4, 528, 20),
(1, 801, 20),
(2, 801, 20),
(3, 801, 20),
(4, 801, 20),
(1, 802, 20),
(2, 802, 20),
(3, 802, 20),
(4, 802, 20),
(1, 803, 20),
(2, 803, 20),
(3, 803, 20),
(4, 803, 20),
(1, 804, 20),
(2, 804, 20),
(3, 804, 20),
(4, 804, 20),
(1, 805, 20),
(2, 805, 20),
(3, 805, 20),
(4, 805, 20),
(1, 806, 20),
(2, 806, 20),
(3, 806, 20),
(4, 806, 20),
(1, 807, 20),
(2, 807, 20),
(3, 807, 20),
(4, 807, 20),
(1, 808, 20),
(2, 808, 20),
(3, 808, 20),
(4, 808, 20),
(1, 809, 20),
(2, 809, 20),
(3, 809, 20),
(4, 809, 20),
(1, 810, 20),
(2, 810, 20),
(3, 810, 20),
(4, 810, 20),
(1, 811, 20),
(2, 811, 20),
(3, 811, 20),
(4, 811, 20),
(1, 812, 20),
(2, 812, 20),
(3, 812, 20),
(4, 812, 20),
(1, 813, 20),
(2, 813, 20),
(3, 813, 20),
(4, 813, 20),
(1, 814, 20),
(2, 814, 20),
(3, 814, 20),
(4, 814, 20),
(1, 815, 20),
(2, 815, 20),
(3, 815, 20),
(4, 815, 20),
(1, 816, 20),
(2, 816, 20),
(3, 816, 20),
(4, 816, 20),
(1, 817, 20),
(2, 817, 20),
(3, 817, 20),
(4, 817, 20),
(1, 818, 20),
(2, 818, 20),
(3, 818, 20),
(4, 818, 20),
(1, 819, 20),
(2, 819, 20),
(3, 819, 20),
(4, 819, 20),
(1, 821, 20),
(2, 821, 20),
(3, 821, 20),
(4, 821, 20),
(1, 11, 0),
(2, 11, 160),
(3, 11, 20),
(4, 11, 40),
(1, 12, -32),
(2, 12, -20),
(3, 12, 20),
(4, 12, 20),
(1, 13, 0),
(2, 13, 20),
(3, 13, 20),
(4, 13, 20),
(1, 14, -12),
(2, 14, 20),
(3, 14, 20),
(4, 14, 20),
(1, 15, -24),
(2, 15, 108),
(3, 15, 20),
(4, 15, 20),
(1, 16, 20),
(2, 16, 116),
(3, 16, 20),
(4, 16, 20),
(1, 17, 10),
(2, 17, 20),
(3, 17, 20),
(4, 17, 20),
(1, 18, 20),
(2, 18, 20),
(3, 18, 20),
(4, 18, 20),
(1, 19, 20),
(2, 19, 20),
(3, 19, 20),
(4, 19, 20),
(1, 20, -1),
(2, 20, -20),
(3, 20, 20),
(4, 20, 20),
(1, 23, 20),
(2, 23, 20),
(3, 23, 20),
(4, 23, 20),
(1, 24, 20),
(2, 24, 20),
(3, 24, 20),
(4, 24, 20),
(1, 25, 10),
(2, 25, 20),
(3, 25, 20),
(4, 25, 20),
(1, 26, 20),
(2, 26, 20),
(3, 26, 20),
(4, 26, 20),
(1, 27, 20),
(2, 27, 20),
(3, 27, 20),
(4, 27, 20),
(1, 28, 20),
(2, 28, 20),
(3, 28, 20),
(4, 28, 20),
(1, 29, 20),
(2, 29, 20),
(3, 29, 20),
(4, 29, 20),
(1, 30, 20),
(2, 30, 20),
(3, 30, 20),
(4, 30, 20),
(1, 31, 20),
(2, 31, 20),
(3, 31, 20),
(4, 31, 20),
(1, 32, 10),
(2, 32, 20),
(3, 32, 20),
(4, 32, 20),
(1, 100, 20),
(2, 100, 20),
(3, 100, 20),
(4, 100, 20),
(1, 101, 20),
(2, 101, 20),
(3, 101, 20),
(4, 101, 20),
(1, 102, 20),
(2, 102, 20),
(3, 102, 20),
(4, 102, 20),
(1, 103, 19),
(2, 103, 20),
(3, 103, 20),
(4, 103, 20),
(1, 104, 20),
(2, 104, 20),
(3, 104, 20),
(4, 104, 20),
(1, 105, 20),
(2, 105, 20),
(3, 105, 20),
(4, 105, 20),
(1, 106, 20),
(2, 106, 20),
(3, 106, 20),
(4, 106, 20),
(1, 107, 20),
(2, 107, 20),
(3, 107, 20),
(4, 107, 20),
(1, 108, 20),
(2, 108, 20),
(3, 108, 20),
(4, 108, 20),
(1, 109, 20),
(2, 109, 20),
(3, 109, 20),
(4, 109, 20),
(1, 110, 20),
(2, 110, 20),
(3, 110, 20),
(4, 110, 20),
(1, 111, 20),
(2, 111, 20),
(3, 111, 20),
(4, 111, 20),
(1, 112, 20),
(2, 112, 20),
(3, 112, 20),
(4, 112, 20),
(1, 113, 20),
(2, 113, 20),
(3, 113, 20),
(4, 113, 20),
(1, 114, 20),
(2, 114, 20),
(3, 114, 20),
(4, 114, 20),
(1, 115, 20),
(2, 115, 20),
(3, 115, 20),
(4, 115, 20),
(1, 116, 20),
(2, 116, 20),
(3, 116, 20),
(4, 116, 20),
(1, 117, 20),
(2, 117, 20),
(3, 117, 20),
(4, 117, 20),
(1, 118, 20),
(2, 118, 20),
(3, 118, 20),
(4, 118, 20),
(1, 119, 20),
(2, 119, 20),
(3, 119, 20),
(4, 119, 20),
(1, 200, 20),
(2, 200, 20),
(3, 200, 20),
(4, 200, 20),
(1, 201, 20),
(2, 201, 20),
(3, 201, 20),
(4, 201, 20),
(1, 202, 20),
(2, 202, 20),
(3, 202, 20),
(4, 202, 20),
(1, 203, 20),
(2, 203, 20),
(3, 203, 20),
(4, 203, 20),
(1, 204, 20),
(2, 204, 20),
(3, 204, 20),
(4, 204, 20),
(1, 205, 20),
(2, 205, 20),
(3, 205, 20),
(4, 205, 20),
(1, 206, 20),
(2, 206, 20),
(3, 206, 20),
(4, 206, 20),
(1, 207, 20),
(2, 207, 20),
(3, 207, 20),
(4, 207, 20),
(1, 208, 20),
(2, 208, 20),
(3, 208, 20),
(4, 208, 20),
(1, 209, 20),
(2, 209, 20),
(3, 209, 20),
(4, 209, 20),
(1, 210, 20),
(2, 210, 20),
(3, 210, 20),
(4, 210, 20),
(1, 211, 20),
(2, 211, 20),
(3, 211, 20),
(4, 211, 20),
(1, 212, 20),
(2, 212, 20),
(3, 212, 20),
(4, 212, 20),
(1, 213, 20),
(2, 213, 20),
(3, 213, 20),
(4, 213, 20),
(1, 214, 20),
(2, 214, 20),
(3, 214, 20),
(4, 214, 20),
(1, 215, 20),
(2, 215, 20),
(3, 215, 20),
(4, 215, 20),
(1, 216, 20),
(2, 216, 20),
(3, 216, 20),
(4, 216, 20),
(1, 217, 20),
(2, 217, 20),
(3, 217, 20),
(4, 217, 20),
(1, 218, 20),
(2, 218, 20),
(3, 218, 20),
(4, 218, 20),
(1, 219, 20),
(2, 219, 20),
(3, 219, 20),
(4, 219, 20),
(1, 500, 20),
(2, 500, 20),
(3, 500, 20),
(4, 500, 20),
(1, 501, 20),
(2, 501, 20),
(3, 501, 20),
(4, 501, 20),
(1, 502, 20),
(2, 502, 20),
(3, 502, 20),
(4, 502, 20),
(1, 503, 20),
(2, 503, 20),
(3, 503, 20),
(4, 503, 20),
(1, 505, 20),
(2, 505, 20),
(3, 505, 20),
(4, 505, 20),
(1, 512, 20),
(2, 512, 20),
(3, 512, 20),
(4, 512, 20),
(1, 513, 20),
(2, 513, 20),
(3, 513, 20),
(4, 513, 20),
(1, 514, 20),
(2, 514, 20),
(3, 514, 20),
(4, 514, 20),
(1, 515, 20),
(2, 515, 20),
(3, 515, 20),
(4, 515, 20),
(1, 516, 20),
(2, 516, 20),
(3, 516, 20),
(4, 516, 20),
(1, 517, 20),
(2, 517, 20),
(3, 517, 20),
(4, 517, 20),
(1, 518, 20),
(2, 518, 20),
(3, 518, 20),
(4, 518, 20),
(1, 519, 20),
(2, 519, 20),
(3, 519, 20),
(4, 519, 20),
(1, 521, 20),
(2, 521, 20),
(3, 521, 20),
(4, 521, 20),
(1, 522, 20),
(2, 522, 20),
(3, 522, 20),
(4, 522, 20),
(1, 523, 20),
(2, 523, 20),
(3, 523, 20),
(4, 523, 20),
(1, 524, 20),
(2, 524, 20),
(3, 524, 20),
(4, 524, 20),
(1, 526, 20),
(2, 526, 20),
(3, 526, 20),
(4, 526, 20),
(1, 527, 20),
(2, 527, 20),
(3, 527, 20),
(4, 527, 20),
(1, 528, 20),
(2, 528, 20),
(3, 528, 20),
(4, 528, 20),
(1, 801, 20),
(2, 801, 20),
(3, 801, 20),
(4, 801, 20),
(1, 802, 20),
(2, 802, 20),
(3, 802, 20),
(4, 802, 20),
(1, 803, 20),
(2, 803, 20),
(3, 803, 20),
(4, 803, 20),
(1, 804, 20),
(2, 804, 20),
(3, 804, 20),
(4, 804, 20),
(1, 805, 20),
(2, 805, 20),
(3, 805, 20),
(4, 805, 20),
(1, 806, 20),
(2, 806, 20),
(3, 806, 20),
(4, 806, 20),
(1, 807, 20),
(2, 807, 20),
(3, 807, 20),
(4, 807, 20),
(1, 808, 20),
(2, 808, 20),
(3, 808, 20),
(4, 808, 20),
(1, 809, 20),
(2, 809, 20),
(3, 809, 20),
(4, 809, 20),
(1, 810, 20),
(2, 810, 20),
(3, 810, 20),
(4, 810, 20),
(1, 811, 20),
(2, 811, 20),
(3, 811, 20),
(4, 811, 20),
(1, 812, 20),
(2, 812, 20),
(3, 812, 20),
(4, 812, 20),
(1, 813, 20),
(2, 813, 20),
(3, 813, 20),
(4, 813, 20),
(1, 814, 20),
(2, 814, 20),
(3, 814, 20),
(4, 814, 20),
(1, 815, 20),
(2, 815, 20),
(3, 815, 20),
(4, 815, 20),
(1, 816, 20),
(2, 816, 20),
(3, 816, 20),
(4, 816, 20),
(1, 817, 20),
(2, 817, 20),
(3, 817, 20),
(4, 817, 20),
(1, 818, 20),
(2, 818, 20),
(3, 818, 20),
(4, 818, 20),
(1, 819, 20),
(2, 819, 20),
(3, 819, 20),
(4, 819, 20),
(1, 821, 20),
(2, 821, 20),
(3, 821, 20),
(4, 821, 20);

-- --------------------------------------------------------

--
-- Estructura de tabla para la tabla `cajas`
--

CREATE TABLE `cajas` (
  `idcaja` int(11) NOT NULL,
  `nro_caja` int(11) DEFAULT NULL,
  `serie_timbrado` varchar(60) DEFAULT NULL,
  `fec_ini` date DEFAULT NULL,
  `fec_fin` date DEFAULT NULL,
  `nro_timbrado` varchar(20) DEFAULT NULL
) ENGINE=InnoDB DEFAULT CHARSET=latin1;

--
-- Volcado de datos para la tabla `cajas`
--

INSERT INTO `cajas` (`idcaja`, `nro_caja`, `serie_timbrado`, `fec_ini`, `fec_fin`, `nro_timbrado`) VALUES
(1, 1, '001-001', '2021-04-12', '2022-04-12', '12345678'),
(7, 1, '001-002', '2023-03-03', '2023-03-03', '12345678');

-- --------------------------------------------------------

--
-- Estructura de tabla para la tabla `cargos`
--

CREATE TABLE `cargos` (
  `idcargo` int(11) NOT NULL,
  `desc_cargo` varchar(100) DEFAULT NULL
) ENGINE=InnoDB DEFAULT CHARSET=latin1;

--
-- Volcado de datos para la tabla `cargos`
--

INSERT INTO `cargos` (`idcargo`, `desc_cargo`) VALUES
(1, 'ADMINISTRATIVO'),
(2, 'RECEPCIONISTA'),
(3, 'CHOFER'),
(4, 'DESPACHADOR'),
(5, 'AYUDANTE'),
(6, 'REPARTIDOR');

-- --------------------------------------------------------

--
-- Estructura de tabla para la tabla `ciudades`
--

CREATE TABLE `ciudades` (
  `idciudad` int(11) NOT NULL,
  `ciudad` varchar(60) DEFAULT NULL
) ENGINE=InnoDB DEFAULT CHARSET=latin1;

--
-- Volcado de datos para la tabla `ciudades`
--

INSERT INTO `ciudades` (`idciudad`, `ciudad`) VALUES
(1, 'CONCEPCION'),
(2, 'HORQUETA');

-- --------------------------------------------------------

--
-- Estructura de tabla para la tabla `clasificaciones`
--

CREATE TABLE `clasificaciones` (
  `idclasificacion` int(11) NOT NULL,
  `nombrecla` varchar(60) DEFAULT NULL,
  `porc_ganancia` int(11) NOT NULL
) ENGINE=InnoDB DEFAULT CHARSET=utf8;

--
-- Volcado de datos para la tabla `clasificaciones`
--

INSERT INTO `clasificaciones` (`idclasificacion`, `nombrecla`, `porc_ganancia`) VALUES
(1, 'ACCESORIOS PARA BAÑOS', 30),
(2, 'ESCALERAS', 20),
(3, 'PINTURAS', 27),
(4, 'HERRAMIENTAS ELECTRICAS', 50),
(5, 'TUBERIAS', 35);

-- --------------------------------------------------------

--
-- Estructura de tabla para la tabla `clientes`
--

CREATE TABLE `clientes` (
  `idcliente` int(11) NOT NULL,
  `documento` varchar(15) DEFAULT NULL,
  `razonsocial` varchar(200) DEFAULT NULL,
  `telefono` int(11) DEFAULT NULL,
  `correo` varchar(60) DEFAULT NULL,
  `barrio` varchar(100) DEFAULT NULL,
  `direccion` varchar(200) DEFAULT NULL,
  `ciudad` int(11) DEFAULT NULL,
  `fecha_alta` date DEFAULT NULL,
  `latitud` double DEFAULT NULL,
  `longitud` double DEFAULT NULL,
  `usuario` varchar(60) DEFAULT NULL,
  `contrasena` varchar(60) DEFAULT NULL
) ENGINE=InnoDB DEFAULT CHARSET=utf8;

--
-- Volcado de datos para la tabla `clientes`
--

INSERT INTO `clientes` (`idcliente`, `documento`, `razonsocial`, `telefono`, `correo`, `barrio`, `direccion`, `ciudad`, `fecha_alta`, `latitud`, `longitud`, `usuario`, `contrasena`) VALUES
(1, NULL, 'GENERICO', NULL, NULL, NULL, NULL, 1, NULL, NULL, 0, NULL, NULL),
(7, '80032702-0', 'Vargas Medina S.A.', 0, NULL, NULL, '0', 1, NULL, NULL, 0, NULL, NULL),
(13, '8004546-2', 'Agua Potable Nino milagroso', 0, NULL, NULL, '0', 1, NULL, NULL, 0, NULL, NULL),
(14, NULL, 'Prof. Patricia Lara ', 0, NULL, NULL, '0', 1, NULL, NULL, 0, NULL, NULL),
(15, NULL, 'Teresa Martinez ', 0, NULL, NULL, '0', 1, NULL, NULL, 0, NULL, NULL),
(16, NULL, 'Prof. Celso Benitez', 0, NULL, NULL, '0', 1, NULL, NULL, 0, NULL, NULL),
(17, '', 'Prof. Nilsa Miskinich', 0, NULL, NULL, '0', 1, NULL, NULL, 0, NULL, NULL),
(20, NULL, 'Prof. Lorena Acosta ', 0, NULL, NULL, '0', 1, NULL, NULL, 0, NULL, NULL),
(21, '', 'Prof. Felicia ', 0, NULL, NULL, '0', 1, NULL, NULL, 0, NULL, NULL),
(22, NULL, 'Prof. Liduvina ', 0, NULL, NULL, '0', 1, NULL, NULL, 0, NULL, NULL),
(23, NULL, 'Irene Morales ', 0, NULL, NULL, '0', 1, NULL, NULL, 0, NULL, NULL),
(24, NULL, 'Irene Morales ', 0, NULL, NULL, '0', 1, NULL, NULL, 0, NULL, NULL),
(25, NULL, 'Prof. Carolina Lovera ', 0, NULL, NULL, '0', 1, NULL, NULL, 0, NULL, NULL),
(26, NULL, 'Prof. Reino ', 0, NULL, NULL, '0', 1, NULL, NULL, 0, NULL, NULL),
(27, NULL, 'Prof. Santiago Farias  ', 0, NULL, NULL, '0', 1, NULL, NULL, 0, NULL, NULL),
(28, NULL, 'Blas Matias PeÃ±a ', 0, NULL, NULL, '0', 1, NULL, NULL, 0, NULL, NULL),
(29, NULL, 'Ninfa Gimenez ', 0, NULL, NULL, '0', 1, NULL, NULL, 0, NULL, NULL),
(30, NULL, 'Prof. Teresita Rojas ', 0, NULL, NULL, 'Loreto ', 1, NULL, NULL, 0, NULL, NULL),
(31, NULL, 'nilson franco ', 0, NULL, NULL, '0', 1, NULL, NULL, 0, NULL, NULL),
(32, NULL, 'Daria Isabel Perez A. ', 0, NULL, NULL, '0', 1, NULL, NULL, 0, NULL, NULL),
(33, NULL, 'Don Carlos ', 0, NULL, NULL, '0', 1, NULL, NULL, 0, NULL, NULL),
(34, NULL, 'Rossana Morales ', 0, NULL, NULL, '0', 1, NULL, NULL, 0, NULL, NULL),
(35, NULL, 'Janet Arce ', 0, NULL, NULL, '0', 1, NULL, NULL, 0, NULL, NULL),
(36, NULL, 'Eli Bodega ', 0, NULL, NULL, '0', 1, NULL, NULL, 0, NULL, NULL),
(37, NULL, 'Prof. Bienvenido Echague ', 971744237, NULL, NULL, '0', 1, NULL, NULL, 0, NULL, NULL),
(38, NULL, 'Alan BenÃ­tez', 982844596, NULL, NULL, 'Barrio Sagrada Familia', 1, NULL, NULL, 0, NULL, NULL),
(39, NULL, 'Prof. Marcia', 0, NULL, NULL, '0', 1, NULL, NULL, 0, NULL, NULL),
(40, '0', 'Ã‘a Emi', 0, NULL, NULL, '0', 1, NULL, NULL, 0, NULL, NULL),
(41, '0', 'PROF MARGARITA', 0, NULL, NULL, 'CONCEPCION', 1, NULL, NULL, 0, NULL, NULL),
(42, '00', 'Prof Higinio', 0, NULL, NULL, '0', 1, NULL, NULL, 0, NULL, NULL),
(43, NULL, 'Prof Carlos Areco', 0, NULL, NULL, '0', 1, NULL, NULL, 0, NULL, NULL),
(45, NULL, 'Prof Ofelia', 0, NULL, NULL, '0', 1, NULL, NULL, 0, NULL, NULL),
(46, NULL, 'Prof Elizabeth', 0, NULL, NULL, '0', 1, NULL, NULL, 0, NULL, NULL),
(47, NULL, 'Celeste Servin', 1, NULL, NULL, '0', 1, NULL, NULL, 0, NULL, NULL),
(48, NULL, 'Prof Mabel', 0, NULL, NULL, '0', 1, NULL, NULL, 0, NULL, NULL),
(49, NULL, 'Dr Rene Ovelar', NULL, NULL, NULL, NULL, 1, NULL, NULL, 0, NULL, NULL),
(51, '0', 'Dr Rene Ovelar', 0, NULL, NULL, '0', 1, NULL, NULL, 0, NULL, NULL),
(52, '0', 'Prof. Emili', 0, NULL, NULL, '0', 1, NULL, NULL, 0, NULL, NULL),
(53, '0', 'Prof Emili', 0, NULL, NULL, '0', 1, NULL, NULL, 0, NULL, NULL),
(54, '0', 'Prof Dominga', 0, NULL, NULL, '0', 1, NULL, NULL, 0, NULL, NULL),
(55, '0', 'Nilson de franco repuesto', 0, NULL, NULL, '0', 1, NULL, NULL, 0, NULL, NULL),
(56, '0', 'Prof. Fatima', 0, NULL, NULL, '0', 1, NULL, NULL, 0, NULL, NULL),
(58, '80099645-3', 'ZAD S.A', 976828140, 'kbarua@grupozad.com.py', NULL, 'rotonda', 1, NULL, NULL, NULL, 'kbarua@grupozad.com.py', ''),
(59, '5790709', 'KEVIN BARUA', 981143788, 'kdbf1996@gmail.com', 'CENTRO', '25 de mayo e/ Brasil y Estados Unidos', 1, NULL, NULL, NULL, 'kdbf1996@gmail.com', '827ccb0eea8a706c4c34a16891f84e7b'),
(60, '43567887', 'LUZ FERREIRA', 976828140, 'cvera901@gmail.com', NULL, 'Concepcion', 1, NULL, NULL, NULL, 'cvera901@gmail.com', 'a1ac3a9f049fd422ea6bb4663df82d37'),
(62, '2993256', 'CAROLINA FANKHAUSER', 976828140, 'kdariobarua@gmail.com', 'SAN FRANCISCO', 'Juan Jose Gamarra Y Medina', 1, NULL, NULL, NULL, 'kdariobarua@gmail.com', '0c72b23823864bc40b294f44c3a48183'),
(64, '92897987', 'LUCAS BARUA', 981143788, 'kdariobarua96@gmail.com', 'CENTRO', '25 de mayo entre Brasil y Estados Unidos', 1, NULL, -25.349154618713953, -57.625190358000765, 'kdariobarua96@gmail.com', '827ccb0eea8a706c4c34a16891f84e7b'),
(65, NULL, 'Kevin Barúa', NULL, 'kdbf1996@gmail.com', NULL, NULL, NULL, NULL, NULL, NULL, NULL, NULL),
(67, NULL, 'Kevin Bar?a', NULL, '', NULL, NULL, NULL, NULL, NULL, NULL, NULL, NULL);

-- --------------------------------------------------------

--
-- Estructura de tabla para la tabla `compras_pagos_cab`
--

CREATE TABLE `compras_pagos_cab` (
  `idpago` int(11) NOT NULL,
  `proveedor` int(11) DEFAULT NULL,
  `usuario` int(11) DEFAULT NULL,
  `fecha_comprobante` date DEFAULT NULL,
  `monto_pagado` float DEFAULT NULL
) ENGINE=InnoDB DEFAULT CHARSET=latin1;

--
-- Volcado de datos para la tabla `compras_pagos_cab`
--

INSERT INTO `compras_pagos_cab` (`idpago`, `proveedor`, `usuario`, `fecha_comprobante`, `monto_pagado`) VALUES
(1, 2, 2, '2023-03-04', 156000),
(2, 2, 2, '2023-03-04', 156000);

-- --------------------------------------------------------

--
-- Estructura de tabla para la tabla `compras_pagos_det`
--

CREATE TABLE `compras_pagos_det` (
  `idpago` int(11) DEFAULT NULL,
  `credito` int(11) DEFAULT NULL,
  `tipo_comprobante` varchar(10) DEFAULT NULL,
  `comprobante` varchar(60) DEFAULT NULL,
  `total_comp` float DEFAULT NULL,
  `monto_pagado` float DEFAULT NULL
) ENGINE=InnoDB DEFAULT CHARSET=latin1;

--
-- Volcado de datos para la tabla `compras_pagos_det`
--

INSERT INTO `compras_pagos_det` (`idpago`, `credito`, `tipo_comprobante`, `comprobante`, `total_comp`, `monto_pagado`) VALUES
(1, 1, 'COM', '001-001-0089569', 156000, 156000),
(2, 2, 'COM', '001-001-00856465', 156000, 156000);

-- --------------------------------------------------------

--
-- Estructura de tabla para la tabla `compras_pagos_obs`
--

CREATE TABLE `compras_pagos_obs` (
  `idpago` int(11) DEFAULT NULL,
  `formapago` tinyint(4) DEFAULT NULL,
  `banco` int(11) DEFAULT NULL,
  `nro_valor` varchar(60) DEFAULT NULL,
  `fec_emision` varchar(30) DEFAULT NULL,
  `fec_vencimiento` varchar(30) DEFAULT NULL,
  `importe` float DEFAULT NULL
) ENGINE=InnoDB DEFAULT CHARSET=latin1;

--
-- Volcado de datos para la tabla `compras_pagos_obs`
--

INSERT INTO `compras_pagos_obs` (`idpago`, `formapago`, `banco`, `nro_valor`, `fec_emision`, `fec_vencimiento`, `importe`) VALUES
(1, 1, 0, '', '4/3/2023', '4/3/2023', 156000),
(2, 4, 2, '156165', '4/3/2023', '4/3/2023', 156000);

-- --------------------------------------------------------

--
-- Estructura de tabla para la tabla `compra_cab`
--

CREATE TABLE `compra_cab` (
  `idcompra` int(11) NOT NULL,
  `sucursal` tinyint(4) DEFAULT NULL,
  `proveedor` int(11) NOT NULL,
  `nrofactura` varchar(60) DEFAULT NULL,
  `timbrado` int(11) DEFAULT NULL,
  `tipo_comprobante` varchar(10) DEFAULT NULL,
  `tipofactura` tinyint(4) DEFAULT NULL,
  `concepto` longtext DEFAULT NULL,
  `fecha` date DEFAULT NULL,
  `fecha_alta` date DEFAULT NULL,
  `hora` time DEFAULT NULL,
  `total_comprobante` float DEFAULT NULL,
  `total_iva` float DEFAULT NULL,
  `total_gravada5` float DEFAULT NULL,
  `total_gravada10` float DEFAULT NULL,
  `total_exenta` float DEFAULT NULL,
  `total_comprobante_c_iva` float NOT NULL,
  `estado` tinyint(4) DEFAULT 0,
  `usuario` int(11) DEFAULT NULL
) ENGINE=InnoDB DEFAULT CHARSET=utf8;

--
-- Volcado de datos para la tabla `compra_cab`
--

INSERT INTO `compra_cab` (`idcompra`, `sucursal`, `proveedor`, `nrofactura`, `timbrado`, `tipo_comprobante`, `tipofactura`, `concepto`, `fecha`, `fecha_alta`, `hora`, `total_comprobante`, `total_iva`, `total_gravada5`, `total_gravada10`, `total_exenta`, `total_comprobante_c_iva`, `estado`, `usuario`) VALUES
(2, 1, 1, '001-001-0089510', 13415447, 'COM', 1, 'reposion de mercaderias', '2021-04-21', '2021-04-21', '15:52:49', 111273, 11127, 0, 111273, 0, 122400, 0, NULL),
(3, 1, 2, '001-001-0089510', 5464654, 'COM', 1, '', '2021-04-29', '2021-04-29', '16:48:49', 18182, 1818, 0, 18182, 0, 20000, 0, NULL),
(5, 1, 2, '001-001-0089519', 5464654, 'COM', 1, '', '2021-06-06', '2021-06-06', '17:10:49', 64909, 6491, 0, 64909, 0, 71400, 0, NULL),
(6, 1, 1, '001-001-0089563', 5464654, 'COM', 1, 'reposion de mercaderias', '2021-12-07', '2021-12-07', '09:33:02', 18545, 1855, 0, 18545, 0, 20400, 0, NULL),
(7, 1, 2, '001-001-0089563', 5464654, 'COM', 1, '', '2023-03-01', '2023-03-01', '20:18:34', 709091, 70909, 0, 709091, 0, 780000, 0, NULL),
(8, 1, 2, '001-001-0089563', 5464654, 'COM', 1, 'reposicion de escaleras', '2023-03-03', '2023-03-03', '19:36:20', 771818, 77182, 0, 771818, 0, 849000, 0, NULL),
(9, 1, 2, '001-001-0089569', 5464654, 'COM', 2, '', '2023-03-04', '2023-03-04', '17:02:57', 141818, 14182, 0, 141818, 0, 156000, 0, NULL),
(10, 2, 2, '001-001-00856465', 13415447, 'COM', 2, '', '2023-03-04', '2023-03-04', '17:44:57', 141818, 14182, 0, 141818, 0, 156000, 0, NULL),
(11, 1, 2, '001-001-0088745', 5464654, 'COM', 2, '', '2023-03-04', '2023-03-04', '18:02:25', 354545, 35455, 0, 354545, 0, 390000, 0, NULL),
(12, 1, 2, '001-001-0087878', 5464654, 'NC', 2, '', '2023-03-04', '2023-03-04', '18:02:54', 70909, 7091, 0, 70909, 0, 78000, 0, NULL);

-- --------------------------------------------------------

--
-- Estructura de tabla para la tabla `compra_det`
--

CREATE TABLE `compra_det` (
  `idcompra` int(11) NOT NULL,
  `articulo` int(11) NOT NULL,
  `cantidad` int(11) NOT NULL,
  `costo` int(11) NOT NULL,
  `subtotal` float DEFAULT NULL,
  `total_iva` float DEFAULT NULL,
  `subtotal_c_iva` float DEFAULT NULL,
  `total_gravada5` float DEFAULT NULL,
  `total_gravada10` int(11) DEFAULT NULL,
  `total_exenta` int(11) DEFAULT NULL
) ENGINE=InnoDB DEFAULT CHARSET=utf8;

--
-- Volcado de datos para la tabla `compra_det`
--

INSERT INTO `compra_det` (`idcompra`, `articulo`, `cantidad`, `costo`, `subtotal`, `total_iva`, `subtotal_c_iva`, `total_gravada5`, `total_gravada10`, `total_exenta`) VALUES
(2, 12, 7, 10200, 64909, 6491, 71400, NULL, 64909, NULL),
(2, 12, 5, 10200, 46364, 4636, 51000, NULL, 46364, NULL),
(3, 20, 10, 2000, 18182, 1818, 20000, NULL, 18182, NULL),
(5, 12, 7, 10200, 64909, 6491, 71400, NULL, 64909, NULL),
(6, 12, 2, 10200, 18545, 1855, 20400, NULL, 18545, NULL),
(7, 11, 100, 7800, 709091, 70909, 780000, NULL, 709091, NULL),
(8, 15, 100, 5000, 454545, 45455, 500000, NULL, 454545, NULL),
(8, 16, 100, 1450, 131818, 13182, 145000, NULL, 131818, NULL),
(8, 12, 20, 10200, 185455, 18545, 204000, NULL, 185455, NULL),
(9, 11, 20, 7800, 141818, 14182, 156000, NULL, 141818, NULL),
(10, 11, 20, 7800, 141818, 14182, 156000, NULL, 141818, NULL),
(11, 11, 50, 7800, 354545, 35455, 390000, NULL, 354545, NULL),
(12, 11, 10, 7800, 70909, 7091, 78000, NULL, 70909, NULL);

-- --------------------------------------------------------

--
-- Estructura de tabla para la tabla `credito_compra`
--

CREATE TABLE `credito_compra` (
  `idcredito` int(1) NOT NULL,
  `compra` int(11) DEFAULT NULL,
  `proveedor` int(11) DEFAULT NULL,
  `fecha_credito` date DEFAULT NULL,
  `plazo` tinyint(4) DEFAULT NULL,
  `total` int(11) DEFAULT NULL,
  `abonado` int(11) DEFAULT NULL,
  `saldo` int(11) DEFAULT NULL,
  `estado` tinyint(4) DEFAULT 0
) ENGINE=InnoDB DEFAULT CHARSET=utf8;

--
-- Volcado de datos para la tabla `credito_compra`
--

INSERT INTO `credito_compra` (`idcredito`, `compra`, `proveedor`, `fecha_credito`, `plazo`, `total`, `abonado`, `saldo`, `estado`) VALUES
(1, 9, 2, '2023-03-04', NULL, 156000, 156000, 0, 1),
(2, 10, 2, '2023-03-04', NULL, 156000, 156000, 0, 1),
(3, 11, 2, '2023-03-04', NULL, 390000, NULL, 390000, 0),
(4, 12, 2, '2023-03-04', NULL, 78000, NULL, 78000, 0);

-- --------------------------------------------------------

--
-- Estructura de tabla para la tabla `empleados`
--

CREATE TABLE `empleados` (
  `idempleado` int(11) NOT NULL,
  `documento` varchar(20) DEFAULT NULL,
  `nombre` varchar(200) DEFAULT NULL,
  `telefono` varchar(60) DEFAULT NULL,
  `direccion` varchar(200) DEFAULT NULL,
  `cargo` int(4) DEFAULT NULL,
  `ciudad` int(11) DEFAULT NULL,
  `estado` tinyint(4) DEFAULT 0
) ENGINE=InnoDB DEFAULT CHARSET=latin1;

--
-- Volcado de datos para la tabla `empleados`
--

INSERT INTO `empleados` (`idempleado`, `documento`, `nombre`, `telefono`, `direccion`, `cargo`, `ciudad`, `estado`) VALUES
(2, '5790709', 'KEVIN DARIO BARUA FANKHAUSER', '0976828140', 'rotonda', 1, 1, 0),
(4, '2143432', 'CESAR VERA', '0976828140', 'rotonda', 3, 1, 0),
(5, '2993256', 'CAROLINA FANKHAUSER', '0976828140', 'rotonda', 5, 1, 0),
(6, '2342342', 'FERMIN FERNANDO FERREIRA FANKHAUSER', '0976828140', 'rotonda', 1, 1, 0);

-- --------------------------------------------------------

--
-- Estructura de tabla para la tabla `especificaciones`
--

CREATE TABLE `especificaciones` (
  `idesp` int(11) NOT NULL,
  `articulo` int(11) DEFAULT NULL,
  `descrip` varchar(200) DEFAULT NULL,
  `detalle` varchar(200) DEFAULT NULL
) ENGINE=InnoDB DEFAULT CHARSET=latin1;

--
-- Volcado de datos para la tabla `especificaciones`
--

INSERT INTO `especificaciones` (`idesp`, `articulo`, `descrip`, `detalle`) VALUES
(1, 13, 'Color', 'Rojo'),
(2, 13, 'Marca', 'Tramontina');

-- --------------------------------------------------------

--
-- Estructura de tabla para la tabla `ficha_cab`
--

CREATE TABLE `ficha_cab` (
  `idficha` int(11) NOT NULL,
  `observacion` varchar(60) DEFAULT NULL,
  `fecha` date DEFAULT NULL,
  `hora` time DEFAULT NULL
) ENGINE=InnoDB DEFAULT CHARSET=latin1;

--
-- Volcado de datos para la tabla `ficha_cab`
--

INSERT INTO `ficha_cab` (`idficha`, `observacion`, `fecha`, `hora`) VALUES
(1, 'inventario de cuadernos', '2020-03-10', '15:38:01'),
(2, '', '2020-03-10', '16:14:19'),
(3, '', '2020-03-10', '16:16:09'),
(4, '', '2020-03-10', '16:18:34'),
(5, '', '2020-03-15', '18:10:14');

-- --------------------------------------------------------

--
-- Estructura de tabla para la tabla `ficha_detalle`
--

CREATE TABLE `ficha_detalle` (
  `idficha` int(11) DEFAULT NULL,
  `articulo` int(11) DEFAULT NULL,
  `cantsis` float DEFAULT NULL,
  `cantfis` float DEFAULT NULL
) ENGINE=InnoDB DEFAULT CHARSET=latin1;

--
-- Volcado de datos para la tabla `ficha_detalle`
--

INSERT INTO `ficha_detalle` (`idficha`, `articulo`, `cantsis`, `cantfis`) VALUES
(1, 542, 9, 10),
(1, 11, 10, 11),
(2, 1373, 0, 2),
(2, 542, 0, 10),
(3, 542, 10, 20),
(3, 187, 2, 10),
(4, 542, 20, 50),
(4, 162, 2, 5),
(5, 1377, 20, 2),
(5, 1378, 23, 6);

-- --------------------------------------------------------

--
-- Estructura de tabla para la tabla `formapago`
--

CREATE TABLE `formapago` (
  `idpago` tinyint(4) NOT NULL,
  `despago` varchar(60) DEFAULT NULL
) ENGINE=InnoDB DEFAULT CHARSET=latin1;

--
-- Volcado de datos para la tabla `formapago`
--

INSERT INTO `formapago` (`idpago`, `despago`) VALUES
(1, 'EFECTIVO'),
(2, 'TARJETA DE CREDITO / DEBITO'),
(3, 'TRANSFERENCIA BANCARIA'),
(4, 'CHEQUE');

-- --------------------------------------------------------

--
-- Estructura de tabla para la tabla `habilitaciones`
--

CREATE TABLE `habilitaciones` (
  `idhabilitacion` int(11) NOT NULL,
  `sucursal` tinyint(4) DEFAULT NULL,
  `nrocaja` varchar(20) DEFAULT NULL,
  `usuario` int(11) DEFAULT NULL,
  `fechaapertura` date DEFAULT NULL,
  `horaapertura` time DEFAULT NULL,
  `contado` float DEFAULT NULL,
  `credito` float DEFAULT NULL,
  `salida` float DEFAULT NULL,
  `valorcierre` float DEFAULT NULL,
  `diferencia` float DEFAULT NULL,
  `fechacierre` date DEFAULT NULL,
  `horacierre` time DEFAULT NULL,
  `estado` tinyint(4) DEFAULT 0
) ENGINE=InnoDB DEFAULT CHARSET=utf8;

--
-- Volcado de datos para la tabla `habilitaciones`
--

INSERT INTO `habilitaciones` (`idhabilitacion`, `sucursal`, `nrocaja`, `usuario`, `fechaapertura`, `horaapertura`, `contado`, `credito`, `salida`, `valorcierre`, `diferencia`, `fechacierre`, `horacierre`, `estado`) VALUES
(1, 1, '1', 1, '2021-12-07', '11:51:00', 3554000, 1860000, NULL, NULL, NULL, NULL, NULL, 0);

-- --------------------------------------------------------

--
-- Estructura de tabla para la tabla `imagenes`
--

CREATE TABLE `imagenes` (
  `idimagen` int(11) NOT NULL,
  `articulo` int(11) DEFAULT NULL,
  `imagen` varchar(200) DEFAULT NULL,
  `tipo` tinyint(4) DEFAULT 0
) ENGINE=InnoDB DEFAULT CHARSET=latin1;

--
-- Volcado de datos para la tabla `imagenes`
--

INSERT INTO `imagenes` (`idimagen`, `articulo`, `imagen`, `tipo`) VALUES
(45, 12, 'product10.png', 1),
(46, 13, 'product10.png', 1),
(47, 14, 'product10.png', 1),
(48, 15, 'product10.png', 1),
(49, 16, 'product10.png', 1),
(50, 17, 'product10.png', 1),
(51, 18, 'product10.png', 1),
(52, 19, 'product10.png', 1),
(53, 20, 'product10.png', 1),
(54, 23, 'product10.png', 1),
(55, 24, 'product10.png', 1),
(56, 25, 'product10.png', 1),
(57, 26, 'product10.png', 1),
(58, 27, 'product10.png', 1),
(59, 28, 'product10.png', 1),
(60, 29, 'product10.png', 1),
(61, 30, 'product10.png', 1),
(62, 31, 'product10.png', 1),
(63, 32, 'product10.png', 1),
(64, 33, 'product10.png', 1),
(65, 34, 'product10.png', 1),
(66, 35, 'product10.png', 1),
(67, 36, 'product10.png', 1),
(68, 37, 'product10.png', 1),
(69, 38, 'product10.png', 1),
(70, 39, 'product10.png', 1),
(71, 40, 'product10.png', 1),
(72, 41, 'product10.png', 1),
(73, 42, 'product10.png', 1),
(74, 43, 'product10.png', 1),
(75, 44, 'product10.png', 1),
(76, 45, 'product10.png', 1),
(77, 46, 'product10.png', 1),
(78, 47, 'product10.png', 1),
(79, 48, 'product10.png', 1),
(80, 49, 'product10.png', 1),
(81, 50, 'product10.png', 1),
(82, 51, 'product10.png', 1),
(83, 52, 'product10.png', 1),
(84, 53, 'product10.png', 1),
(85, 54, 'product10.png', 1),
(86, 55, 'product10.png', 1),
(87, 56, 'product10.png', 1),
(88, 57, 'product10.png', 1),
(89, 58, 'product10.png', 1),
(90, 59, 'product10.png', 1),
(91, 60, 'product10.png', 1),
(92, 62, 'product10.png', 1),
(93, 63, 'product10.png', 1),
(94, 64, 'product10.png', 1),
(95, 65, 'product10.png', 1),
(96, 66, 'product10.png', 1),
(97, 67, 'product10.png', 1),
(98, 68, 'product10.png', 1),
(99, 69, 'product10.png', 1),
(100, 70, 'product10.png', 1),
(101, 71, 'product10.png', 1),
(102, 72, 'product10.png', 1),
(103, 73, 'product10.png', 1),
(104, 74, 'product10.png', 1),
(105, 75, 'product10.png', 1),
(106, 76, 'product10.png', 1),
(107, 77, 'product10.png', 1),
(108, 78, 'product10.png', 1),
(109, 79, 'product10.png', 1),
(110, 80, 'product10.png', 1),
(111, 81, 'product10.png', 1),
(112, 82, 'product10.png', 1),
(113, 83, 'product10.png', 1),
(114, 84, 'product10.png', 1),
(115, 85, 'product10.png', 1),
(116, 86, 'product10.png', 1),
(117, 87, 'product10.png', 1),
(118, 88, 'product10.png', 1),
(119, 89, 'product10.png', 1),
(120, 90, 'product10.png', 1),
(121, 91, 'product10.png', 1),
(122, 92, 'product10.png', 1),
(123, 93, 'product10.png', 1),
(124, 94, 'product10.png', 1),
(125, 95, 'product10.png', 1),
(126, 96, 'product10.png', 1),
(127, 97, 'product10.png', 1),
(128, 98, 'product10.png', 1),
(129, 99, 'product10.png', 1),
(130, 100, 'product10.png', 1),
(131, 101, 'product10.png', 1),
(132, 102, 'product10.png', 1),
(133, 103, 'product10.png', 1),
(134, 104, 'product10.png', 1),
(135, 105, 'product10.png', 1),
(136, 106, 'product10.png', 1),
(137, 107, 'product10.png', 1),
(138, 108, 'product10.png', 1),
(139, 109, 'product10.png', 1),
(140, 110, 'product10.png', 1),
(141, 111, 'product10.png', 1),
(142, 112, 'product10.png', 1),
(143, 113, 'product10.png', 1),
(144, 114, 'product10.png', 1),
(145, 115, 'product10.png', 1),
(146, 116, 'product10.png', 1),
(147, 117, 'product10.png', 1),
(148, 118, 'product10.png', 1),
(149, 119, 'product10.png', 1),
(150, 120, 'product10.png', 1),
(151, 121, 'product10.png', 1),
(152, 122, 'product10.png', 1),
(153, 123, 'product10.png', 1),
(154, 124, 'product10.png', 1),
(155, 125, 'product10.png', 1),
(156, 126, 'product10.png', 1),
(157, 127, 'product10.png', 1),
(158, 128, 'product10.png', 1),
(159, 129, 'product10.png', 1),
(160, 130, 'product10.png', 1),
(161, 131, 'product10.png', 1),
(162, 132, 'product10.png', 1),
(163, 133, 'product10.png', 1),
(164, 134, 'product10.png', 1),
(165, 135, 'product10.png', 1),
(166, 136, 'product10.png', 1),
(167, 137, 'product10.png', 1),
(168, 138, 'product10.png', 1),
(169, 139, 'product10.png', 1),
(170, 140, 'product10.png', 1),
(171, 141, 'product10.png', 1),
(172, 142, 'product10.png', 1),
(173, 143, 'product10.png', 1),
(174, 144, 'product10.png', 1),
(175, 145, 'product10.png', 1),
(176, 146, 'product10.png', 1),
(177, 147, 'product10.png', 1),
(178, 148, 'product10.png', 1),
(179, 149, 'product10.png', 1),
(180, 150, 'product10.png', 1),
(181, 151, 'product10.png', 1),
(182, 152, 'product10.png', 1),
(183, 153, 'product10.png', 1),
(184, 154, 'product10.png', 1),
(185, 155, 'product10.png', 1),
(186, 156, 'product10.png', 1),
(187, 157, 'product10.png', 1),
(188, 158, 'product10.png', 1),
(189, 159, 'product10.png', 1),
(190, 160, 'product10.png', 1),
(191, 161, 'product10.png', 1),
(192, 162, 'product10.png', 1),
(193, 163, 'product10.png', 1),
(194, 164, 'product10.png', 1),
(195, 165, 'product10.png', 1),
(196, 167, 'product10.png', 1),
(197, 168, 'product10.png', 1),
(198, 169, 'product10.png', 1),
(199, 170, 'product10.png', 1),
(200, 171, 'product10.png', 1),
(201, 172, 'product10.png', 1),
(202, 173, 'product10.png', 1),
(203, 174, 'product10.png', 1),
(204, 175, 'product10.png', 1),
(205, 176, 'product10.png', 1),
(206, 178, 'product10.png', 1),
(207, 179, 'product10.png', 1),
(208, 180, 'product10.png', 1),
(209, 181, 'product10.png', 1),
(210, 182, 'product10.png', 1),
(211, 183, 'product10.png', 1),
(212, 184, 'product10.png', 1),
(213, 185, 'product10.png', 1),
(214, 186, 'product10.png', 1),
(215, 187, 'product10.png', 1),
(216, 188, 'product10.png', 1),
(217, 189, 'product10.png', 1),
(218, 190, 'product10.png', 1),
(219, 191, 'product10.png', 1),
(220, 192, 'product10.png', 1),
(221, 193, 'product10.png', 1),
(222, 194, 'product10.png', 1),
(223, 195, 'product10.png', 1),
(224, 196, 'product10.png', 1),
(225, 197, 'product10.png', 1),
(226, 198, 'product10.png', 1),
(227, 199, 'product10.png', 1),
(228, 200, 'product10.png', 1),
(229, 201, 'product10.png', 1),
(230, 202, 'product10.png', 1),
(231, 203, 'product10.png', 1),
(232, 204, 'product10.png', 1),
(233, 205, 'product10.png', 1),
(234, 206, 'product10.png', 1),
(235, 207, 'product10.png', 1),
(236, 208, 'product10.png', 1),
(237, 209, 'product10.png', 1),
(238, 210, 'product10.png', 1),
(239, 211, 'product10.png', 1),
(240, 212, 'product10.png', 1),
(241, 213, 'product10.png', 1),
(242, 214, 'product10.png', 1),
(243, 215, 'product10.png', 1),
(244, 216, 'product10.png', 1),
(245, 217, 'product10.png', 1),
(246, 218, 'product10.png', 1),
(247, 219, 'product10.png', 1),
(248, 220, 'product10.png', 1),
(249, 221, 'product10.png', 1),
(250, 222, 'product10.png', 1),
(251, 223, 'product10.png', 1),
(252, 224, 'product10.png', 1),
(253, 225, 'product10.png', 1),
(254, 226, 'product10.png', 1),
(255, 227, 'product10.png', 1),
(256, 228, 'product10.png', 1),
(257, 229, 'product10.png', 1),
(258, 230, 'product10.png', 1),
(259, 231, 'product10.png', 1),
(260, 232, 'product10.png', 1),
(261, 233, 'product10.png', 1),
(262, 234, 'product10.png', 1),
(263, 235, 'product10.png', 1),
(264, 236, 'product10.png', 1),
(265, 237, 'product10.png', 1),
(266, 238, 'product10.png', 1),
(267, 239, 'product10.png', 1),
(268, 240, 'product10.png', 1),
(269, 241, 'product10.png', 1),
(270, 242, 'product10.png', 1),
(271, 243, 'product10.png', 1),
(272, 244, 'product10.png', 1),
(273, 245, 'product10.png', 1),
(274, 246, 'product10.png', 1),
(275, 247, 'product10.png', 1),
(276, 248, 'product10.png', 1),
(277, 249, 'product10.png', 1),
(278, 250, 'product10.png', 1),
(279, 251, 'product10.png', 1),
(280, 252, 'product10.png', 1),
(281, 253, 'product10.png', 1),
(282, 254, 'product10.png', 1),
(283, 255, 'product10.png', 1),
(284, 256, 'product10.png', 1),
(285, 257, 'product10.png', 1),
(286, 258, 'product10.png', 1),
(287, 259, 'product10.png', 1),
(288, 260, 'product10.png', 1),
(289, 261, 'product10.png', 1),
(290, 262, 'product10.png', 1),
(291, 263, 'product10.png', 1),
(292, 264, 'product10.png', 1),
(293, 265, 'product10.png', 1),
(294, 266, 'product10.png', 1),
(295, 267, 'product10.png', 1),
(296, 268, 'product10.png', 1),
(297, 269, 'product10.png', 1),
(298, 270, 'product10.png', 1),
(299, 271, 'product10.png', 1),
(300, 272, 'product10.png', 1),
(301, 273, 'product10.png', 1),
(302, 274, 'product10.png', 1),
(303, 275, 'product10.png', 1),
(304, 276, 'product10.png', 1),
(305, 277, 'product10.png', 1),
(306, 278, 'product10.png', 1),
(307, 279, 'product10.png', 1),
(308, 280, 'product10.png', 1),
(309, 281, 'product10.png', 1),
(310, 282, 'product10.png', 1),
(311, 283, 'product10.png', 1),
(312, 284, 'product10.png', 1),
(313, 285, 'product10.png', 1),
(314, 286, 'product10.png', 1),
(315, 287, 'product10.png', 1),
(316, 288, 'product10.png', 1),
(317, 289, 'product10.png', 1),
(318, 290, 'product10.png', 1),
(319, 291, 'product10.png', 1),
(320, 292, 'product10.png', 1),
(321, 293, 'product10.png', 1),
(322, 294, 'product10.png', 1),
(323, 295, 'product10.png', 1),
(324, 296, 'product10.png', 1),
(325, 297, 'product10.png', 1),
(326, 298, 'product10.png', 1),
(327, 299, 'product10.png', 1),
(328, 300, 'product10.png', 1),
(329, 301, 'product10.png', 1),
(330, 302, 'product10.png', 1),
(331, 303, 'product10.png', 1),
(332, 304, 'product10.png', 1),
(333, 305, 'product10.png', 1),
(334, 306, 'product10.png', 1),
(335, 307, 'product10.png', 1),
(336, 308, 'product10.png', 1),
(337, 309, 'product10.png', 1),
(338, 310, 'product10.png', 1),
(339, 311, 'product10.png', 1),
(340, 312, 'product10.png', 1),
(341, 313, 'product10.png', 1),
(342, 314, 'product10.png', 1),
(343, 315, 'product10.png', 1),
(344, 316, 'product10.png', 1),
(345, 317, 'product10.png', 1),
(346, 318, 'product10.png', 1),
(347, 319, 'product10.png', 1),
(348, 320, 'product10.png', 1),
(349, 321, 'product10.png', 1),
(350, 322, 'product10.png', 1),
(351, 323, 'product10.png', 1),
(352, 324, 'product10.png', 1),
(353, 325, 'product10.png', 1),
(354, 326, 'product10.png', 1),
(355, 327, 'product10.png', 1),
(356, 328, 'product10.png', 1),
(357, 329, 'product10.png', 1),
(358, 330, 'product10.png', 1),
(359, 331, 'product10.png', 1),
(360, 332, 'product10.png', 1),
(361, 333, 'product10.png', 1),
(362, 334, 'product10.png', 1),
(363, 335, 'product10.png', 1),
(364, 336, 'product10.png', 1),
(365, 337, 'product10.png', 1),
(366, 338, 'product10.png', 1),
(367, 339, 'product10.png', 1),
(368, 340, 'product10.png', 1),
(369, 341, 'product10.png', 1),
(370, 342, 'product10.png', 1),
(371, 343, 'product10.png', 1),
(372, 344, 'product10.png', 1),
(373, 345, 'product10.png', 1),
(374, 346, 'product10.png', 1),
(375, 347, 'product10.png', 1),
(376, 348, 'product10.png', 1),
(377, 349, 'product10.png', 1),
(378, 350, 'product10.png', 1),
(379, 351, 'product10.png', 1),
(380, 352, 'product10.png', 1),
(381, 353, 'product10.png', 1),
(382, 354, 'product10.png', 1),
(383, 355, 'product10.png', 1),
(384, 356, 'product10.png', 1),
(385, 357, 'product10.png', 1),
(386, 358, 'product10.png', 1),
(387, 359, 'product10.png', 1),
(388, 360, 'product10.png', 1),
(389, 361, 'product10.png', 1),
(390, 362, 'product10.png', 1),
(391, 363, 'product10.png', 1),
(392, 364, 'product10.png', 1),
(393, 365, 'product10.png', 1),
(394, 366, 'product10.png', 1),
(395, 367, 'product10.png', 1),
(396, 368, 'product10.png', 1),
(397, 369, 'product10.png', 1),
(398, 370, 'product10.png', 1),
(399, 371, 'product10.png', 1),
(400, 372, 'product10.png', 1),
(401, 373, 'product10.png', 1),
(402, 374, 'product10.png', 1),
(403, 375, 'product10.png', 1),
(404, 376, 'product10.png', 1),
(405, 377, 'product10.png', 1),
(406, 378, 'product10.png', 1),
(407, 379, 'product10.png', 1),
(408, 380, 'product10.png', 1),
(409, 381, 'product10.png', 1),
(410, 382, 'product10.png', 1),
(411, 383, 'product10.png', 1),
(412, 384, 'product10.png', 1),
(413, 385, 'product10.png', 1),
(414, 386, 'product10.png', 1),
(415, 387, 'product10.png', 1),
(416, 388, 'product10.png', 1),
(417, 389, 'product10.png', 1),
(418, 390, 'product10.png', 1),
(419, 391, 'product10.png', 1),
(420, 392, 'product10.png', 1),
(421, 393, 'product10.png', 1),
(422, 394, 'product10.png', 1),
(423, 395, 'product10.png', 1),
(424, 396, 'product10.png', 1),
(425, 397, 'product10.png', 1),
(426, 398, 'product10.png', 1),
(427, 399, 'product10.png', 1),
(428, 400, 'product10.png', 1),
(429, 401, 'product10.png', 1),
(430, 402, 'product10.png', 1),
(431, 403, 'product10.png', 1),
(432, 404, 'product10.png', 1),
(433, 405, 'product10.png', 1),
(434, 406, 'product10.png', 1),
(435, 407, 'product10.png', 1),
(436, 408, 'product10.png', 1),
(437, 409, 'product10.png', 1),
(438, 410, 'product10.png', 1),
(439, 411, 'product10.png', 1),
(440, 412, 'product10.png', 1),
(441, 413, 'product10.png', 1),
(442, 414, 'product10.png', 1),
(443, 415, 'product10.png', 1),
(444, 416, 'product10.png', 1),
(445, 417, 'product10.png', 1),
(446, 418, 'product10.png', 1),
(447, 419, 'product10.png', 1),
(448, 420, 'product10.png', 1),
(449, 421, 'product10.png', 1),
(450, 422, 'product10.png', 1),
(451, 423, 'product10.png', 1),
(452, 424, 'product10.png', 1),
(453, 425, 'product10.png', 1),
(454, 426, 'product10.png', 1),
(455, 427, 'product10.png', 1),
(456, 428, 'product10.png', 1),
(457, 429, 'product10.png', 1),
(458, 430, 'product10.png', 1),
(459, 431, 'product10.png', 1),
(460, 432, 'product10.png', 1),
(461, 433, 'product10.png', 1),
(462, 435, 'product10.png', 1),
(463, 436, 'product10.png', 1),
(464, 437, 'product10.png', 1),
(465, 438, 'product10.png', 1),
(466, 439, 'product10.png', 1),
(467, 440, 'product10.png', 1),
(468, 441, 'product10.png', 1),
(469, 442, 'product10.png', 1),
(470, 443, 'product10.png', 1),
(471, 444, 'product10.png', 1),
(472, 445, 'product10.png', 1),
(473, 446, 'product10.png', 1),
(474, 447, 'product10.png', 1),
(475, 448, 'product10.png', 1),
(476, 449, 'product10.png', 1),
(477, 450, 'product10.png', 1),
(478, 451, 'product10.png', 1),
(479, 452, 'product10.png', 1),
(480, 453, 'product10.png', 1),
(481, 454, 'product10.png', 1),
(482, 455, 'product10.png', 1),
(483, 456, 'product10.png', 1),
(484, 457, 'product10.png', 1),
(485, 458, 'product10.png', 1),
(486, 459, 'product10.png', 1),
(487, 460, 'product10.png', 1),
(488, 461, 'product10.png', 1),
(489, 463, 'product10.png', 1),
(490, 464, 'product10.png', 1),
(491, 465, 'product10.png', 1),
(492, 466, 'product10.png', 1),
(493, 467, 'product10.png', 1),
(494, 468, 'product10.png', 1),
(495, 469, 'product10.png', 1),
(496, 470, 'product10.png', 1),
(497, 471, 'product10.png', 1),
(498, 472, 'product10.png', 1),
(499, 473, 'product10.png', 1),
(500, 474, 'product10.png', 1),
(501, 475, 'product10.png', 1),
(502, 477, 'product10.png', 1),
(503, 478, 'product10.png', 1),
(504, 479, 'product10.png', 1),
(505, 480, 'product10.png', 1),
(506, 481, 'product10.png', 1),
(507, 482, 'product10.png', 1),
(508, 483, 'product10.png', 1),
(509, 484, 'product10.png', 1),
(510, 485, 'product10.png', 1),
(511, 486, 'product10.png', 1),
(512, 487, 'product10.png', 1),
(513, 488, 'product10.png', 1),
(514, 489, 'product10.png', 1),
(515, 490, 'product10.png', 1),
(516, 491, 'product10.png', 1),
(517, 492, 'product10.png', 1),
(518, 493, 'product10.png', 1),
(519, 494, 'product10.png', 1),
(520, 495, 'product10.png', 1),
(521, 496, 'product10.png', 1),
(522, 497, 'product10.png', 1),
(523, 499, 'product10.png', 1),
(524, 500, 'product10.png', 1),
(525, 501, 'product10.png', 1),
(526, 502, 'product10.png', 1),
(527, 503, 'product10.png', 1),
(528, 505, 'product10.png', 1),
(529, 512, 'product10.png', 1),
(530, 513, 'product10.png', 1),
(531, 514, 'product10.png', 1),
(532, 515, 'product10.png', 1),
(533, 516, 'product10.png', 1),
(534, 517, 'product10.png', 1),
(535, 518, 'product10.png', 1),
(536, 519, 'product10.png', 1),
(537, 521, 'product10.png', 1),
(538, 522, 'product10.png', 1),
(539, 523, 'product10.png', 1),
(540, 524, 'product10.png', 1),
(541, 526, 'product10.png', 1),
(542, 527, 'product10.png', 1),
(543, 528, 'product10.png', 1),
(544, 529, 'product10.png', 1),
(545, 530, 'product10.png', 1),
(546, 532, 'product10.png', 1),
(547, 533, 'product10.png', 1),
(548, 535, 'product10.png', 1),
(549, 536, 'product10.png', 1),
(550, 537, 'product10.png', 1),
(551, 538, 'product10.png', 1),
(552, 539, 'product10.png', 1),
(553, 542, 'product10.png', 1),
(554, 543, 'product10.png', 1),
(555, 544, 'product10.png', 1),
(556, 545, 'product10.png', 1),
(557, 546, 'product10.png', 1),
(558, 547, 'product10.png', 1),
(559, 549, 'product10.png', 1),
(560, 550, 'product10.png', 1),
(561, 551, 'product10.png', 1),
(562, 552, 'product10.png', 1),
(563, 553, 'product10.png', 1),
(564, 554, 'product10.png', 1),
(565, 555, 'product10.png', 1),
(566, 556, 'product10.png', 1),
(567, 558, 'product10.png', 1),
(568, 559, 'product10.png', 1),
(569, 561, 'product10.png', 1),
(570, 562, 'product10.png', 1),
(571, 563, 'product10.png', 1),
(572, 564, 'product10.png', 1),
(573, 565, 'product10.png', 1),
(574, 566, 'product10.png', 1),
(575, 571, 'product10.png', 1),
(576, 572, 'product10.png', 1),
(577, 573, 'product10.png', 1),
(578, 574, 'product10.png', 1),
(579, 575, 'product10.png', 1),
(580, 576, 'product10.png', 1),
(581, 577, 'product10.png', 1),
(582, 578, 'product10.png', 1),
(583, 579, 'product10.png', 1),
(584, 580, 'product10.png', 1),
(585, 581, 'product10.png', 1),
(586, 582, 'product10.png', 1),
(587, 583, 'product10.png', 1),
(588, 584, 'product10.png', 1),
(589, 585, 'product10.png', 1),
(590, 586, 'product10.png', 1),
(591, 587, 'product10.png', 1),
(592, 588, 'product10.png', 1),
(593, 589, 'product10.png', 1),
(594, 590, 'product10.png', 1),
(595, 591, 'product10.png', 1),
(596, 592, 'product10.png', 1),
(597, 593, 'product10.png', 1),
(598, 594, 'product10.png', 1),
(599, 596, 'product10.png', 1),
(600, 597, 'product10.png', 1),
(601, 598, 'product10.png', 1),
(602, 599, 'product10.png', 1),
(603, 600, 'product10.png', 1),
(604, 601, 'product10.png', 1),
(605, 602, 'product10.png', 1),
(606, 603, 'product10.png', 1),
(607, 604, 'product10.png', 1),
(608, 605, 'product10.png', 1),
(609, 606, 'product10.png', 1),
(610, 607, 'product10.png', 1),
(611, 608, 'product10.png', 1),
(612, 609, 'product10.png', 1),
(613, 610, 'product10.png', 1),
(614, 611, 'product10.png', 1),
(615, 612, 'product10.png', 1),
(616, 613, 'product10.png', 1),
(617, 614, 'product10.png', 1),
(618, 615, 'product10.png', 1),
(619, 616, 'product10.png', 1),
(620, 618, 'product10.png', 1),
(621, 619, 'product10.png', 1),
(622, 620, 'product10.png', 1),
(623, 621, 'product10.png', 1),
(624, 622, 'product10.png', 1),
(625, 623, 'product10.png', 1),
(626, 624, 'product10.png', 1),
(627, 625, 'product10.png', 1),
(628, 626, 'product10.png', 1),
(629, 627, 'product10.png', 1),
(630, 628, 'product10.png', 1),
(631, 629, 'product10.png', 1),
(632, 630, 'product10.png', 1),
(633, 631, 'product10.png', 1),
(634, 632, 'product10.png', 1),
(635, 633, 'product10.png', 1),
(636, 634, 'product10.png', 1),
(637, 635, 'product10.png', 1),
(638, 636, 'product10.png', 1),
(639, 637, 'product10.png', 1),
(640, 638, 'product10.png', 1),
(641, 639, 'product10.png', 1),
(642, 640, 'product10.png', 1),
(643, 641, 'product10.png', 1),
(644, 642, 'product10.png', 1),
(645, 643, 'product10.png', 1),
(646, 644, 'product10.png', 1),
(647, 645, 'product10.png', 1),
(648, 646, 'product10.png', 1),
(649, 647, 'product10.png', 1),
(650, 648, 'product10.png', 1),
(651, 649, 'product10.png', 1),
(652, 650, 'product10.png', 1),
(653, 651, 'product10.png', 1),
(654, 652, 'product10.png', 1),
(655, 653, 'product10.png', 1),
(656, 654, 'product10.png', 1),
(657, 655, 'product10.png', 1),
(658, 656, 'product10.png', 1),
(659, 657, 'product10.png', 1),
(660, 658, 'product10.png', 1),
(661, 659, 'product10.png', 1),
(662, 660, 'product10.png', 1),
(663, 661, 'product10.png', 1),
(664, 662, 'product10.png', 1),
(665, 663, 'product10.png', 1),
(666, 664, 'product10.png', 1),
(667, 665, 'product10.png', 1),
(668, 668, 'product10.png', 1),
(669, 677, 'product10.png', 1),
(670, 678, 'product10.png', 1),
(671, 679, 'product10.png', 1),
(672, 680, 'product10.png', 1),
(673, 681, 'product10.png', 1),
(674, 682, 'product10.png', 1),
(675, 683, 'product10.png', 1),
(676, 684, 'product10.png', 1),
(677, 685, 'product10.png', 1),
(678, 686, 'product10.png', 1),
(679, 687, 'product10.png', 1),
(680, 688, 'product10.png', 1),
(681, 689, 'product10.png', 1),
(682, 690, 'product10.png', 1),
(683, 691, 'product10.png', 1),
(684, 692, 'product10.png', 1),
(685, 693, 'product10.png', 1),
(686, 694, 'product10.png', 1),
(687, 695, 'product10.png', 1),
(688, 696, 'product10.png', 1),
(689, 697, 'product10.png', 1),
(690, 698, 'product10.png', 1),
(691, 699, 'product10.png', 1),
(692, 700, 'product10.png', 1),
(693, 701, 'product10.png', 1),
(694, 702, 'product10.png', 1),
(695, 703, 'product10.png', 1),
(696, 704, 'product10.png', 1),
(697, 705, 'product10.png', 1),
(698, 706, 'product10.png', 1),
(699, 707, 'product10.png', 1),
(700, 708, 'product10.png', 1),
(701, 709, 'product10.png', 1),
(702, 710, 'product10.png', 1),
(703, 711, 'product10.png', 1),
(704, 712, 'product10.png', 1),
(705, 713, 'product10.png', 1),
(706, 714, 'product10.png', 1),
(707, 715, 'product10.png', 1),
(708, 716, 'product10.png', 1),
(709, 717, 'product10.png', 1),
(710, 718, 'product10.png', 1),
(711, 719, 'product10.png', 1),
(712, 720, 'product10.png', 1),
(713, 721, 'product10.png', 1),
(714, 722, 'product10.png', 1),
(715, 723, 'product10.png', 1),
(716, 724, 'product10.png', 1),
(717, 725, 'product10.png', 1),
(718, 726, 'product10.png', 1),
(719, 727, 'product10.png', 1),
(720, 728, 'product10.png', 1),
(721, 729, 'product10.png', 1),
(722, 730, 'product10.png', 1),
(723, 731, 'product10.png', 1),
(724, 732, 'product10.png', 1),
(725, 743, 'product10.png', 1),
(726, 744, 'product10.png', 1),
(727, 745, 'product10.png', 1),
(728, 746, 'product10.png', 1),
(729, 747, 'product10.png', 1),
(730, 748, 'product10.png', 1),
(731, 749, 'product10.png', 1),
(732, 750, 'product10.png', 1),
(733, 751, 'product10.png', 1),
(734, 752, 'product10.png', 1),
(735, 753, 'product10.png', 1),
(736, 754, 'product10.png', 1),
(737, 755, 'product10.png', 1),
(738, 756, 'product10.png', 1),
(739, 757, 'product10.png', 1),
(740, 758, 'product10.png', 1),
(741, 759, 'product10.png', 1),
(742, 760, 'product10.png', 1),
(743, 763, 'product10.png', 1),
(744, 764, 'product10.png', 1),
(745, 765, 'product10.png', 1),
(746, 766, 'product10.png', 1),
(747, 768, 'product10.png', 1),
(748, 769, 'product10.png', 1),
(749, 771, 'product10.png', 1),
(750, 774, 'product10.png', 1),
(751, 777, 'product10.png', 1),
(752, 778, 'product10.png', 1),
(753, 780, 'product10.png', 1),
(754, 790, 'product10.png', 1),
(755, 791, 'product10.png', 1),
(756, 792, 'product10.png', 1),
(757, 793, 'product10.png', 1),
(758, 794, 'product10.png', 1),
(759, 795, 'product10.png', 1),
(760, 796, 'product10.png', 1),
(761, 797, 'product10.png', 1),
(762, 798, 'product10.png', 1),
(763, 799, 'product10.png', 1),
(764, 800, 'product10.png', 1),
(765, 801, 'product10.png', 1),
(766, 802, 'product10.png', 1),
(767, 803, 'product10.png', 1),
(768, 804, 'product10.png', 1),
(769, 805, 'product10.png', 1),
(770, 806, 'product10.png', 1),
(771, 807, 'product10.png', 1),
(772, 808, 'product10.png', 1),
(773, 809, 'product10.png', 1),
(774, 810, 'product10.png', 1),
(775, 811, 'product10.png', 1),
(776, 812, 'product10.png', 1),
(777, 813, 'product10.png', 1),
(778, 814, 'product10.png', 1),
(779, 815, 'product10.png', 1),
(780, 816, 'product10.png', 1),
(781, 817, 'product10.png', 1),
(782, 818, 'product10.png', 1),
(783, 819, 'product10.png', 1),
(784, 821, 'product10.png', 1),
(785, 822, 'product10.png', 1),
(786, 823, 'product10.png', 1),
(787, 824, 'product10.png', 1),
(788, 825, 'product10.png', 1),
(789, 826, 'product10.png', 1),
(790, 827, 'product10.png', 1),
(791, 828, 'product10.png', 1),
(792, 829, 'product10.png', 1),
(793, 830, 'product10.png', 1),
(794, 831, 'product10.png', 1),
(795, 832, 'product10.png', 1),
(796, 833, 'product10.png', 1),
(797, 834, 'product10.png', 1),
(798, 835, 'product10.png', 1),
(799, 836, 'product10.png', 1),
(800, 837, 'product10.png', 1),
(801, 838, 'product10.png', 1),
(802, 839, 'product10.png', 1),
(803, 840, 'product10.png', 1),
(804, 841, 'product10.png', 1),
(805, 842, 'product10.png', 1),
(806, 843, 'product10.png', 1),
(807, 844, 'product10.png', 1),
(808, 845, 'product10.png', 1),
(809, 846, 'product10.png', 1),
(810, 847, 'product10.png', 1),
(811, 848, 'product10.png', 1),
(812, 849, 'product10.png', 1),
(813, 850, 'product10.png', 1),
(814, 851, 'product10.png', 1),
(815, 852, 'product10.png', 1),
(816, 853, 'product10.png', 1),
(817, 854, 'product10.png', 1),
(818, 855, 'product10.png', 1),
(819, 856, 'product10.png', 1),
(820, 857, 'product10.png', 1),
(821, 858, 'product10.png', 1),
(822, 859, 'product10.png', 1),
(823, 860, 'product10.png', 1),
(824, 861, 'product10.png', 1),
(825, 862, 'product10.png', 1),
(826, 864, 'product10.png', 1),
(827, 865, 'product10.png', 1),
(828, 867, 'product10.png', 1),
(829, 868, 'product10.png', 1),
(830, 869, 'product10.png', 1),
(831, 870, 'product10.png', 1),
(832, 871, 'product10.png', 1),
(833, 872, 'product10.png', 1),
(834, 873, 'product10.png', 1),
(835, 874, 'product10.png', 1),
(836, 875, 'product10.png', 1),
(837, 876, 'product10.png', 1),
(838, 877, 'product10.png', 1),
(839, 878, 'product10.png', 1),
(840, 879, 'product10.png', 1),
(841, 880, 'product10.png', 1),
(842, 881, 'product10.png', 1),
(843, 882, 'product10.png', 1),
(844, 883, 'product10.png', 1),
(845, 884, 'product10.png', 1),
(846, 885, 'product10.png', 1),
(847, 886, 'product10.png', 1),
(848, 887, 'product10.png', 1),
(849, 888, 'product10.png', 1),
(850, 889, 'product10.png', 1),
(851, 890, 'product10.png', 1),
(852, 891, 'product10.png', 1),
(853, 892, 'product10.png', 1),
(854, 893, 'product10.png', 1),
(855, 894, 'product10.png', 1),
(856, 895, 'product10.png', 1),
(857, 896, 'product10.png', 1),
(858, 897, 'product10.png', 1),
(859, 898, 'product10.png', 1),
(860, 899, 'product10.png', 1),
(861, 900, 'product10.png', 1),
(862, 901, 'product10.png', 1),
(863, 902, 'product10.png', 1),
(864, 903, 'product10.png', 1),
(865, 904, 'product10.png', 1),
(866, 905, 'product10.png', 1),
(867, 906, 'product10.png', 1),
(868, 907, 'product10.png', 1),
(869, 908, 'product10.png', 1),
(870, 909, 'product10.png', 1),
(871, 910, 'product10.png', 1),
(872, 911, 'product10.png', 1),
(873, 912, 'product10.png', 1),
(874, 913, 'product10.png', 1),
(875, 914, 'product10.png', 1),
(876, 916, 'product10.png', 1),
(877, 917, 'product10.png', 1),
(878, 918, 'product10.png', 1),
(879, 919, 'product10.png', 1),
(880, 920, 'product10.png', 1),
(881, 921, 'product10.png', 1),
(882, 922, 'product10.png', 1),
(883, 923, 'product10.png', 1),
(884, 924, 'product10.png', 1),
(885, 925, 'product10.png', 1),
(886, 926, 'product10.png', 1),
(887, 927, 'product10.png', 1),
(888, 928, 'product10.png', 1),
(889, 929, 'product10.png', 1),
(890, 930, 'product10.png', 1),
(891, 931, 'product10.png', 1),
(892, 932, 'product10.png', 1),
(893, 933, 'product10.png', 1),
(894, 934, 'product10.png', 1),
(895, 935, 'product10.png', 1),
(896, 936, 'product10.png', 1),
(897, 937, 'product10.png', 1),
(898, 938, 'product10.png', 1),
(899, 939, 'product10.png', 1),
(900, 940, 'product10.png', 1),
(901, 941, 'product10.png', 1),
(902, 942, 'product10.png', 1),
(903, 943, 'product10.png', 1),
(904, 944, 'product10.png', 1),
(905, 945, 'product10.png', 1),
(906, 946, 'product10.png', 1),
(907, 947, 'product10.png', 1),
(908, 948, 'product10.png', 1),
(909, 949, 'product10.png', 1),
(910, 950, 'product10.png', 1),
(911, 951, 'product10.png', 1),
(912, 952, 'product10.png', 1),
(913, 953, 'product10.png', 1),
(914, 954, 'product10.png', 1),
(915, 960, 'product10.png', 1),
(916, 961, 'product10.png', 1),
(917, 962, 'product10.png', 1),
(918, 963, 'product10.png', 1),
(919, 964, 'product10.png', 1),
(920, 965, 'product10.png', 1),
(921, 966, 'product10.png', 1),
(922, 967, 'product10.png', 1),
(923, 968, 'product10.png', 1),
(924, 969, 'product10.png', 1),
(925, 970, 'product10.png', 1),
(926, 971, 'product10.png', 1),
(927, 972, 'product10.png', 1),
(928, 973, 'product10.png', 1),
(929, 974, 'product10.png', 1),
(930, 975, 'product10.png', 1),
(931, 976, 'product10.png', 1),
(932, 977, 'product10.png', 1),
(933, 978, 'product10.png', 1),
(934, 979, 'product10.png', 1),
(935, 980, 'product10.png', 1),
(936, 981, 'product10.png', 1),
(937, 982, 'product10.png', 1),
(938, 983, 'product10.png', 1),
(939, 984, 'product10.png', 1),
(940, 985, 'product10.png', 1),
(941, 986, 'product10.png', 1),
(942, 994, 'product10.png', 1),
(943, 996, 'product10.png', 1),
(944, 997, 'product10.png', 1),
(945, 1000, 'product10.png', 1),
(946, 1001, 'product10.png', 1),
(947, 1002, 'product10.png', 1),
(948, 1003, 'product10.png', 1),
(949, 1004, 'product10.png', 1),
(950, 1007, 'product10.png', 1),
(951, 1008, 'product10.png', 1),
(952, 1009, 'product10.png', 1),
(953, 1010, 'product10.png', 1),
(954, 1011, 'product10.png', 1),
(955, 1012, 'product10.png', 1),
(956, 1013, 'product10.png', 1),
(957, 1014, 'product10.png', 1),
(958, 1015, 'product10.png', 1),
(959, 1016, 'product10.png', 1),
(960, 1017, 'product10.png', 1),
(961, 1018, 'product10.png', 1),
(962, 1019, 'product10.png', 1),
(963, 1020, 'product10.png', 1),
(964, 1021, 'product10.png', 1),
(965, 1022, 'product10.png', 1),
(966, 1023, 'product10.png', 1),
(967, 1024, 'product10.png', 1),
(968, 1025, 'product10.png', 1),
(969, 1026, 'product10.png', 1),
(970, 1027, 'product10.png', 1),
(971, 1028, 'product10.png', 1),
(972, 1029, 'product10.png', 1),
(973, 1030, 'product10.png', 1),
(974, 1031, 'product10.png', 1),
(975, 1056, 'product10.png', 1),
(976, 1059, 'product10.png', 1),
(977, 1070, 'product10.png', 1),
(978, 1071, 'product10.png', 1),
(979, 1072, 'product10.png', 1),
(980, 1073, 'product10.png', 1),
(981, 1074, 'product10.png', 1),
(982, 1075, 'product10.png', 1),
(983, 1076, 'product10.png', 1),
(984, 1077, 'product10.png', 1),
(985, 1078, 'product10.png', 1),
(986, 1079, 'product10.png', 1),
(987, 1080, 'product10.png', 1),
(988, 1081, 'product10.png', 1),
(989, 1082, 'product10.png', 1),
(990, 1083, 'product10.png', 1),
(991, 1084, 'product10.png', 1),
(992, 1085, 'product10.png', 1),
(993, 1086, 'product10.png', 1),
(994, 1090, 'product10.png', 1),
(995, 1091, 'product10.png', 1),
(996, 1092, 'product10.png', 1),
(997, 1093, 'product10.png', 1),
(998, 1094, 'product10.png', 1),
(999, 1095, 'product10.png', 1),
(1000, 1096, 'product10.png', 1),
(1001, 1097, 'product10.png', 1),
(1002, 1098, 'product10.png', 1),
(1003, 1099, 'product10.png', 1),
(1004, 1100, 'product10.png', 1),
(1005, 1101, 'product10.png', 1),
(1006, 1102, 'product10.png', 1),
(1007, 1103, 'product10.png', 1),
(1008, 1104, 'product10.png', 1),
(1009, 1105, 'product10.png', 1),
(1010, 1106, 'product10.png', 1),
(1011, 1110, 'product10.png', 1),
(1012, 1111, 'product10.png', 1),
(1013, 1112, 'product10.png', 1),
(1014, 1113, 'product10.png', 1),
(1015, 1114, 'product10.png', 1),
(1016, 1116, 'product10.png', 1),
(1017, 1117, 'product10.png', 1),
(1018, 1118, 'product10.png', 1),
(1019, 1119, 'product10.png', 1),
(1020, 1120, 'product10.png', 1),
(1021, 1121, 'product10.png', 1),
(1022, 1122, 'product10.png', 1),
(1023, 1123, 'product10.png', 1),
(1024, 1124, 'product10.png', 1),
(1025, 1125, 'product10.png', 1),
(1026, 1126, 'product10.png', 1),
(1027, 1127, 'product10.png', 1),
(1028, 1128, 'product10.png', 1),
(1029, 1129, 'product10.png', 1),
(1030, 1130, 'product10.png', 1),
(1031, 1131, 'product10.png', 1),
(1032, 1132, 'product10.png', 1),
(1033, 1133, 'product10.png', 1),
(1034, 1134, 'product10.png', 1),
(1035, 1135, 'product10.png', 1),
(1036, 1136, 'product10.png', 1),
(1037, 1137, 'product10.png', 1),
(1038, 1142, 'product10.png', 1),
(1039, 1143, 'product10.png', 1),
(1040, 1144, 'product10.png', 1),
(1041, 1145, 'product10.png', 1),
(1042, 1146, 'product10.png', 1),
(1043, 1147, 'product10.png', 1),
(1044, 1148, 'product10.png', 1),
(1045, 1149, 'product10.png', 1),
(1046, 1150, 'product10.png', 1),
(1047, 1151, 'product10.png', 1),
(1048, 1152, 'product10.png', 1),
(1049, 1153, 'product10.png', 1),
(1050, 1154, 'product10.png', 1),
(1051, 1155, 'product10.png', 1),
(1052, 1156, 'product10.png', 1),
(1053, 1157, 'product10.png', 1),
(1054, 1158, 'product10.png', 1),
(1055, 1159, 'product10.png', 1),
(1056, 1160, 'product10.png', 1),
(1057, 1161, 'product10.png', 1),
(1058, 1162, 'product10.png', 1),
(1059, 1164, 'product10.png', 1),
(1060, 1165, 'product10.png', 1),
(1061, 1166, 'product10.png', 1),
(1062, 1169, 'product10.png', 1),
(1063, 1170, 'product10.png', 1),
(1064, 1171, 'product10.png', 1),
(1065, 1172, 'product10.png', 1),
(1066, 1173, 'product10.png', 1),
(1067, 1174, 'product10.png', 1),
(1068, 1175, 'product10.png', 1),
(1069, 1176, 'product10.png', 1),
(1070, 1177, 'product10.png', 1),
(1071, 1178, 'product10.png', 1),
(1072, 1179, 'product10.png', 1),
(1073, 1180, 'product10.png', 1),
(1074, 1181, 'product10.png', 1),
(1075, 1182, 'product10.png', 1),
(1076, 1183, 'product10.png', 1),
(1077, 1184, 'product10.png', 1),
(1078, 1185, 'product10.png', 1),
(1079, 1186, 'product10.png', 1),
(1080, 1187, 'product10.png', 1),
(1081, 1188, 'product10.png', 1),
(1082, 1189, 'product10.png', 1),
(1083, 1190, 'product10.png', 1),
(1084, 1191, 'product10.png', 1),
(1085, 1192, 'product10.png', 1),
(1086, 1194, 'product10.png', 1),
(1087, 1195, 'product10.png', 1),
(1088, 1196, 'product10.png', 1),
(1089, 1197, 'product10.png', 1),
(1090, 1198, 'product10.png', 1),
(1091, 1199, 'product10.png', 1),
(1092, 1200, 'product10.png', 1),
(1093, 1201, 'product10.png', 1),
(1094, 1202, 'product10.png', 1),
(1095, 1203, 'product10.png', 1),
(1096, 1205, 'product10.png', 1),
(1097, 1206, 'product10.png', 1),
(1098, 1207, 'product10.png', 1),
(1099, 1208, 'product10.png', 1),
(1100, 1209, 'product10.png', 1),
(1101, 1210, 'product10.png', 1),
(1102, 1213, 'product10.png', 1),
(1103, 1214, 'product10.png', 1),
(1104, 1215, 'product10.png', 1),
(1105, 1217, 'product10.png', 1),
(1106, 1219, 'product10.png', 1),
(1107, 1220, 'product10.png', 1),
(1108, 1228, 'product10.png', 1),
(1109, 1229, 'product10.png', 1),
(1110, 1230, 'product10.png', 1),
(1111, 1237, 'product10.png', 1),
(1112, 1238, 'product10.png', 1),
(1113, 1239, 'product10.png', 1),
(1114, 1240, 'product10.png', 1),
(1115, 1241, 'product10.png', 1),
(1116, 1242, 'product10.png', 1),
(1117, 1243, 'product10.png', 1),
(1118, 1244, 'product10.png', 1),
(1119, 1245, 'product10.png', 1),
(1120, 1246, 'product10.png', 1),
(1121, 1248, 'product10.png', 1),
(1122, 1249, 'product10.png', 1),
(1123, 1250, 'product10.png', 1),
(1124, 1251, 'product10.png', 1),
(1125, 1252, 'product10.png', 1),
(1126, 1253, 'product10.png', 1),
(1127, 1255, 'product10.png', 1),
(1128, 1256, 'product10.png', 1),
(1129, 1257, 'product10.png', 1),
(1130, 1258, 'product10.png', 1),
(1131, 1259, 'product10.png', 1),
(1132, 1260, 'product10.png', 1),
(1133, 1261, 'product10.png', 1),
(1134, 1262, 'product10.png', 1),
(1135, 1263, 'product10.png', 1),
(1136, 1264, 'product10.png', 1),
(1137, 1266, 'product10.png', 1),
(1138, 1268, 'product10.png', 1),
(1139, 1269, 'product10.png', 1),
(1140, 1270, 'product10.png', 1),
(1141, 1271, 'product10.png', 1),
(1142, 1272, 'product10.png', 1),
(1143, 1273, 'product10.png', 1),
(1144, 1274, 'product10.png', 1),
(1145, 1275, 'product10.png', 1),
(1146, 1276, 'product10.png', 1),
(1147, 1278, 'product10.png', 1),
(1148, 1287, 'product10.png', 1),
(1149, 1289, 'product10.png', 1),
(1150, 1290, 'product10.png', 1),
(1151, 1291, 'product10.png', 1),
(1152, 1292, 'product10.png', 1),
(1153, 1293, 'product10.png', 1),
(1154, 1294, 'product10.png', 1),
(1155, 1295, 'product10.png', 1),
(1156, 1296, 'product10.png', 1),
(1157, 1297, 'product10.png', 1),
(1158, 1298, 'product10.png', 1),
(1159, 1299, 'product10.png', 1),
(1160, 1300, 'product10.png', 1),
(1161, 1301, 'product10.png', 1),
(1162, 1302, 'product10.png', 1),
(1163, 1303, 'product10.png', 1),
(1164, 1304, 'product10.png', 1),
(1165, 1305, 'product10.png', 1),
(1166, 1306, 'product10.png', 1),
(1167, 1307, 'product10.png', 1),
(1168, 1308, 'product10.png', 1),
(1169, 1309, 'product10.png', 1),
(1170, 1310, 'product10.png', 1),
(1171, 1312, 'product10.png', 1),
(1172, 1313, 'product10.png', 1),
(1173, 1314, 'product10.png', 1),
(1174, 1315, 'product10.png', 1),
(1175, 1316, 'product10.png', 1),
(1176, 1317, 'product10.png', 1),
(1177, 1318, 'product10.png', 1),
(1178, 1319, 'product10.png', 1),
(1179, 1320, 'product10.png', 1),
(1180, 1321, 'product10.png', 1),
(1181, 1322, 'product10.png', 1),
(1182, 1323, 'product10.png', 1),
(1183, 1324, 'product10.png', 1),
(1184, 1325, 'product10.png', 1),
(1185, 1326, 'product10.png', 1),
(1186, 1327, 'product10.png', 1),
(1187, 1328, 'product10.png', 1),
(1188, 1329, 'product10.png', 1),
(1189, 1330, 'product10.png', 1),
(1190, 1341, 'product10.png', 1),
(1191, 1342, 'product10.png', 1),
(1192, 1343, 'product10.png', 1),
(1193, 1347, 'product10.png', 1),
(1194, 1348, 'product10.png', 1),
(1195, 1349, 'product10.png', 1),
(1196, 1350, 'product10.png', 1),
(1197, 1351, 'product10.png', 1),
(1198, 1352, 'product10.png', 1),
(1199, 1353, 'product10.png', 1),
(1200, 1354, 'product10.png', 1),
(1201, 1355, 'product10.png', 1),
(1202, 1360, 'product10.png', 1),
(1203, 1361, 'product10.png', 1),
(1204, 1362, 'product10.png', 1),
(1205, 1363, 'product10.png', 1),
(1206, 1364, 'product10.png', 1),
(1207, 1365, 'product10.png', 1),
(1208, 1366, 'product10.png', 1),
(1209, 1367, 'product10.png', 1),
(1210, 1368, 'product10.png', 1),
(1211, 1369, 'product10.png', 1),
(1212, 1370, 'product10.png', 1),
(1213, 1371, 'product10.png', 1),
(1214, 1372, 'product10.png', 1),
(1215, 1373, 'product10.png', 1),
(1216, 1374, 'product10.png', 1),
(1217, 1375, 'product10.png', 1),
(1218, 1376, 'product10.png', 1),
(1219, 1377, 'product10.png', 1),
(1220, 1378, 'product10.png', 1),
(1221, 1379, 'product10.png', 1),
(1222, 1380, 'product10.png', 1),
(1223, 1381, 'product10.png', 1),
(1224, 1382, 'product10.png', 1),
(1225, 1383, 'product10.png', 1),
(1226, 1384, 'product10.png', 1),
(1227, 1385, 'product10.png', 1),
(1228, 1402, 'product10.png', 1),
(1229, 11, 'product01.png', 0),
(1230, 12, 'product01.png', 0),
(1231, 13, 'product01.png', 0),
(1232, 14, 'product01.png', 0),
(1233, 15, 'product01.png', 0),
(1234, 16, 'product01.png', 0),
(1235, 17, 'product01.png', 0),
(1236, 18, 'product01.png', 0),
(1237, 19, 'product01.png', 0),
(1238, 20, 'product01.png', 0),
(1239, 23, 'product01.png', 0),
(1240, 24, 'product01.png', 0),
(1241, 25, 'product01.png', 0),
(1242, 26, 'product01.png', 0),
(1243, 27, 'product01.png', 0),
(1244, 28, 'product01.png', 0),
(1245, 29, 'product01.png', 0),
(1246, 30, 'product01.png', 0),
(1247, 31, 'product01.png', 0),
(1248, 32, 'product01.png', 0),
(1249, 33, 'product01.png', 0),
(1250, 34, 'product01.png', 0),
(1251, 35, 'product01.png', 0),
(1252, 36, 'product01.png', 0),
(1253, 37, 'product01.png', 0),
(1254, 38, 'product01.png', 0),
(1255, 39, 'product01.png', 0),
(1256, 40, 'product01.png', 0),
(1257, 41, 'product01.png', 0),
(1258, 42, 'product01.png', 0),
(1259, 43, 'product01.png', 0),
(1260, 44, 'product01.png', 0),
(1261, 45, 'product01.png', 0),
(1262, 46, 'product01.png', 0),
(1263, 47, 'product01.png', 0),
(1264, 48, 'product01.png', 0),
(1265, 49, 'product01.png', 0),
(1266, 50, 'product01.png', 0),
(1267, 51, 'product01.png', 0),
(1268, 52, 'product01.png', 0),
(1269, 53, 'product01.png', 0),
(1270, 54, 'product01.png', 0),
(1271, 55, 'product01.png', 0),
(1272, 56, 'product01.png', 0),
(1273, 57, 'product01.png', 0),
(1274, 58, 'product01.png', 0),
(1275, 59, 'product01.png', 0),
(1276, 60, 'product01.png', 0),
(1277, 62, 'product01.png', 0),
(1278, 63, 'product01.png', 0),
(1279, 64, 'product01.png', 0),
(1280, 65, 'product01.png', 0),
(1281, 66, 'product01.png', 0),
(1282, 67, 'product01.png', 0),
(1283, 68, 'product01.png', 0),
(1284, 69, 'product01.png', 0),
(1285, 70, 'product01.png', 0),
(1286, 71, 'product01.png', 0),
(1287, 72, 'product01.png', 0),
(1288, 73, 'product01.png', 0),
(1289, 74, 'product01.png', 0),
(1290, 75, 'product01.png', 0),
(1291, 76, 'product01.png', 0),
(1292, 77, 'product01.png', 0),
(1293, 78, 'product01.png', 0),
(1294, 79, 'product01.png', 0),
(1295, 80, 'product01.png', 0),
(1296, 81, 'product01.png', 0),
(1297, 82, 'product01.png', 0),
(1298, 83, 'product01.png', 0),
(1299, 84, 'product01.png', 0),
(1300, 85, 'product01.png', 0),
(1301, 86, 'product01.png', 0),
(1302, 87, 'product01.png', 0),
(1303, 88, 'product01.png', 0),
(1304, 89, 'product01.png', 0),
(1305, 90, 'product01.png', 0),
(1306, 91, 'product01.png', 0),
(1307, 92, 'product01.png', 0),
(1308, 93, 'product01.png', 0),
(1309, 94, 'product01.png', 0),
(1310, 95, 'product01.png', 0),
(1311, 96, 'product01.png', 0),
(1312, 97, 'product01.png', 0),
(1313, 98, 'product01.png', 0),
(1314, 99, 'product01.png', 0),
(1315, 100, 'product01.png', 0),
(1316, 101, 'product01.png', 0),
(1317, 102, 'product01.png', 0),
(1318, 103, 'product01.png', 0),
(1319, 104, 'product01.png', 0),
(1320, 105, 'product01.png', 0),
(1321, 106, 'product01.png', 0),
(1322, 107, 'product01.png', 0),
(1323, 108, 'product01.png', 0),
(1324, 109, 'product01.png', 0),
(1325, 110, 'product01.png', 0),
(1326, 111, 'product01.png', 0),
(1327, 112, 'product01.png', 0),
(1328, 113, 'product01.png', 0),
(1329, 114, 'product01.png', 0),
(1330, 115, 'product01.png', 0),
(1331, 116, 'product01.png', 0),
(1332, 117, 'product01.png', 0),
(1333, 118, 'product01.png', 0),
(1334, 119, 'product01.png', 0),
(1335, 120, 'product01.png', 0),
(1336, 121, 'product01.png', 0),
(1337, 122, 'product01.png', 0),
(1338, 123, 'product01.png', 0),
(1339, 124, 'product01.png', 0),
(1340, 125, 'product01.png', 0),
(1341, 126, 'product01.png', 0),
(1342, 127, 'product01.png', 0),
(1343, 128, 'product01.png', 0),
(1344, 129, 'product01.png', 0),
(1345, 130, 'product01.png', 0),
(1346, 131, 'product01.png', 0),
(1347, 132, 'product01.png', 0),
(1348, 133, 'product01.png', 0),
(1349, 134, 'product01.png', 0),
(1350, 135, 'product01.png', 0),
(1351, 136, 'product01.png', 0),
(1352, 137, 'product01.png', 0),
(1353, 138, 'product01.png', 0),
(1354, 139, 'product01.png', 0),
(1355, 140, 'product01.png', 0),
(1356, 141, 'product01.png', 0),
(1357, 142, 'product01.png', 0),
(1358, 143, 'product01.png', 0),
(1359, 144, 'product01.png', 0),
(1360, 145, 'product01.png', 0),
(1361, 146, 'product01.png', 0),
(1362, 147, 'product01.png', 0),
(1363, 148, 'product01.png', 0),
(1364, 149, 'product01.png', 0),
(1365, 150, 'product01.png', 0),
(1366, 151, 'product01.png', 0),
(1367, 152, 'product01.png', 0),
(1368, 153, 'product01.png', 0),
(1369, 154, 'product01.png', 0),
(1370, 155, 'product01.png', 0),
(1371, 156, 'product01.png', 0),
(1372, 157, 'product01.png', 0),
(1373, 158, 'product01.png', 0),
(1374, 159, 'product01.png', 0),
(1375, 160, 'product01.png', 0),
(1376, 161, 'product01.png', 0),
(1377, 162, 'product01.png', 0),
(1378, 163, 'product01.png', 0),
(1379, 164, 'product01.png', 0),
(1380, 165, 'product01.png', 0),
(1381, 167, 'product01.png', 0),
(1382, 168, 'product01.png', 0),
(1383, 169, 'product01.png', 0),
(1384, 170, 'product01.png', 0),
(1385, 171, 'product01.png', 0),
(1386, 172, 'product01.png', 0),
(1387, 173, 'product01.png', 0),
(1388, 174, 'product01.png', 0),
(1389, 175, 'product01.png', 0),
(1390, 176, 'product01.png', 0),
(1391, 178, 'product01.png', 0),
(1392, 179, 'product01.png', 0),
(1393, 180, 'product01.png', 0),
(1394, 181, 'product01.png', 0),
(1395, 182, 'product01.png', 0),
(1396, 183, 'product01.png', 0),
(1397, 184, 'product01.png', 0),
(1398, 185, 'product01.png', 0),
(1399, 186, 'product01.png', 0),
(1400, 187, 'product01.png', 0),
(1401, 188, 'product01.png', 0),
(1402, 189, 'product01.png', 0),
(1403, 190, 'product01.png', 0),
(1404, 191, 'product01.png', 0),
(1405, 192, 'product01.png', 0),
(1406, 193, 'product01.png', 0),
(1407, 194, 'product01.png', 0),
(1408, 195, 'product01.png', 0),
(1409, 196, 'product01.png', 0),
(1410, 197, 'product01.png', 0),
(1411, 198, 'product01.png', 0),
(1412, 199, 'product01.png', 0),
(1413, 200, 'product01.png', 0),
(1414, 201, 'product01.png', 0),
(1415, 202, 'product01.png', 0),
(1416, 203, 'product01.png', 0),
(1417, 204, 'product01.png', 0),
(1418, 205, 'product01.png', 0),
(1419, 206, 'product01.png', 0),
(1420, 207, 'product01.png', 0),
(1421, 208, 'product01.png', 0),
(1422, 209, 'product01.png', 0),
(1423, 210, 'product01.png', 0),
(1424, 211, 'product01.png', 0),
(1425, 212, 'product01.png', 0),
(1426, 213, 'product01.png', 0),
(1427, 214, 'product01.png', 0),
(1428, 215, 'product01.png', 0),
(1429, 216, 'product01.png', 0),
(1430, 217, 'product01.png', 0),
(1431, 218, 'product01.png', 0),
(1432, 219, 'product01.png', 0),
(1433, 220, 'product01.png', 0),
(1434, 221, 'product01.png', 0),
(1435, 222, 'product01.png', 0),
(1436, 223, 'product01.png', 0),
(1437, 224, 'product01.png', 0),
(1438, 225, 'product01.png', 0),
(1439, 226, 'product01.png', 0),
(1440, 227, 'product01.png', 0),
(1441, 228, 'product01.png', 0),
(1442, 229, 'product01.png', 0),
(1443, 230, 'product01.png', 0),
(1444, 231, 'product01.png', 0),
(1445, 232, 'product01.png', 0),
(1446, 233, 'product01.png', 0),
(1447, 234, 'product01.png', 0),
(1448, 235, 'product01.png', 0),
(1449, 236, 'product01.png', 0),
(1450, 237, 'product01.png', 0),
(1451, 238, 'product01.png', 0),
(1452, 239, 'product01.png', 0),
(1453, 240, 'product01.png', 0),
(1454, 241, 'product01.png', 0),
(1455, 242, 'product01.png', 0),
(1456, 243, 'product01.png', 0),
(1457, 244, 'product01.png', 0),
(1458, 245, 'product01.png', 0),
(1459, 246, 'product01.png', 0),
(1460, 247, 'product01.png', 0),
(1461, 248, 'product01.png', 0),
(1462, 249, 'product01.png', 0),
(1463, 250, 'product01.png', 0),
(1464, 251, 'product01.png', 0),
(1465, 252, 'product01.png', 0),
(1466, 253, 'product01.png', 0),
(1467, 254, 'product01.png', 0),
(1468, 255, 'product01.png', 0),
(1469, 256, 'product01.png', 0),
(1470, 257, 'product01.png', 0),
(1471, 258, 'product01.png', 0),
(1472, 259, 'product01.png', 0),
(1473, 260, 'product01.png', 0),
(1474, 261, 'product01.png', 0),
(1475, 262, 'product01.png', 0),
(1476, 263, 'product01.png', 0),
(1477, 264, 'product01.png', 0),
(1478, 265, 'product01.png', 0),
(1479, 266, 'product01.png', 0),
(1480, 267, 'product01.png', 0),
(1481, 268, 'product01.png', 0),
(1482, 269, 'product01.png', 0),
(1483, 270, 'product01.png', 0),
(1484, 271, 'product01.png', 0),
(1485, 272, 'product01.png', 0),
(1486, 273, 'product01.png', 0),
(1487, 274, 'product01.png', 0),
(1488, 275, 'product01.png', 0),
(1489, 276, 'product01.png', 0),
(1490, 277, 'product01.png', 0),
(1491, 278, 'product01.png', 0),
(1492, 279, 'product01.png', 0),
(1493, 280, 'product01.png', 0),
(1494, 281, 'product01.png', 0),
(1495, 282, 'product01.png', 0),
(1496, 283, 'product01.png', 0),
(1497, 284, 'product01.png', 0),
(1498, 285, 'product01.png', 0),
(1499, 286, 'product01.png', 0),
(1500, 287, 'product01.png', 0),
(1501, 288, 'product01.png', 0),
(1502, 289, 'product01.png', 0),
(1503, 290, 'product01.png', 0),
(1504, 291, 'product01.png', 0),
(1505, 292, 'product01.png', 0),
(1506, 293, 'product01.png', 0),
(1507, 294, 'product01.png', 0),
(1508, 295, 'product01.png', 0),
(1509, 296, 'product01.png', 0),
(1510, 297, 'product01.png', 0),
(1511, 298, 'product01.png', 0),
(1512, 299, 'product01.png', 0),
(1513, 300, 'product01.png', 0),
(1514, 301, 'product01.png', 0),
(1515, 302, 'product01.png', 0),
(1516, 303, 'product01.png', 0),
(1517, 304, 'product01.png', 0),
(1518, 305, 'product01.png', 0),
(1519, 306, 'product01.png', 0),
(1520, 307, 'product01.png', 0),
(1521, 308, 'product01.png', 0),
(1522, 309, 'product01.png', 0),
(1523, 310, 'product01.png', 0),
(1524, 311, 'product01.png', 0),
(1525, 312, 'product01.png', 0),
(1526, 313, 'product01.png', 0),
(1527, 314, 'product01.png', 0),
(1528, 315, 'product01.png', 0),
(1529, 316, 'product01.png', 0),
(1530, 317, 'product01.png', 0),
(1531, 318, 'product01.png', 0),
(1532, 319, 'product01.png', 0),
(1533, 320, 'product01.png', 0),
(1534, 321, 'product01.png', 0),
(1535, 322, 'product01.png', 0),
(1536, 323, 'product01.png', 0),
(1537, 324, 'product01.png', 0),
(1538, 325, 'product01.png', 0),
(1539, 326, 'product01.png', 0),
(1540, 327, 'product01.png', 0),
(1541, 328, 'product01.png', 0),
(1542, 329, 'product01.png', 0),
(1543, 330, 'product01.png', 0),
(1544, 331, 'product01.png', 0),
(1545, 332, 'product01.png', 0),
(1546, 333, 'product01.png', 0),
(1547, 334, 'product01.png', 0),
(1548, 335, 'product01.png', 0),
(1549, 336, 'product01.png', 0),
(1550, 337, 'product01.png', 0),
(1551, 338, 'product01.png', 0),
(1552, 339, 'product01.png', 0),
(1553, 340, 'product01.png', 0),
(1554, 341, 'product01.png', 0),
(1555, 342, 'product01.png', 0),
(1556, 343, 'product01.png', 0),
(1557, 344, 'product01.png', 0),
(1558, 345, 'product01.png', 0),
(1559, 346, 'product01.png', 0),
(1560, 347, 'product01.png', 0),
(1561, 348, 'product01.png', 0),
(1562, 349, 'product01.png', 0),
(1563, 350, 'product01.png', 0),
(1564, 351, 'product01.png', 0),
(1565, 352, 'product01.png', 0),
(1566, 353, 'product01.png', 0),
(1567, 354, 'product01.png', 0),
(1568, 355, 'product01.png', 0),
(1569, 356, 'product01.png', 0),
(1570, 357, 'product01.png', 0),
(1571, 358, 'product01.png', 0),
(1572, 359, 'product01.png', 0),
(1573, 360, 'product01.png', 0),
(1574, 361, 'product01.png', 0),
(1575, 362, 'product01.png', 0),
(1576, 363, 'product01.png', 0),
(1577, 364, 'product01.png', 0),
(1578, 365, 'product01.png', 0),
(1579, 366, 'product01.png', 0),
(1580, 367, 'product01.png', 0),
(1581, 368, 'product01.png', 0),
(1582, 369, 'product01.png', 0),
(1583, 370, 'product01.png', 0),
(1584, 371, 'product01.png', 0),
(1585, 372, 'product01.png', 0),
(1586, 373, 'product01.png', 0),
(1587, 374, 'product01.png', 0),
(1588, 375, 'product01.png', 0),
(1589, 376, 'product01.png', 0),
(1590, 377, 'product01.png', 0),
(1591, 378, 'product01.png', 0),
(1592, 379, 'product01.png', 0),
(1593, 380, 'product01.png', 0),
(1594, 381, 'product01.png', 0),
(1595, 382, 'product01.png', 0),
(1596, 383, 'product01.png', 0),
(1597, 384, 'product01.png', 0),
(1598, 385, 'product01.png', 0),
(1599, 386, 'product01.png', 0),
(1600, 387, 'product01.png', 0),
(1601, 388, 'product01.png', 0),
(1602, 389, 'product01.png', 0),
(1603, 390, 'product01.png', 0),
(1604, 391, 'product01.png', 0),
(1605, 392, 'product01.png', 0),
(1606, 393, 'product01.png', 0),
(1607, 394, 'product01.png', 0),
(1608, 395, 'product01.png', 0),
(1609, 396, 'product01.png', 0),
(1610, 397, 'product01.png', 0),
(1611, 398, 'product01.png', 0),
(1612, 399, 'product01.png', 0),
(1613, 400, 'product01.png', 0),
(1614, 401, 'product01.png', 0),
(1615, 402, 'product01.png', 0),
(1616, 403, 'product01.png', 0),
(1617, 404, 'product01.png', 0),
(1618, 405, 'product01.png', 0),
(1619, 406, 'product01.png', 0),
(1620, 407, 'product01.png', 0),
(1621, 408, 'product01.png', 0),
(1622, 409, 'product01.png', 0),
(1623, 410, 'product01.png', 0),
(1624, 411, 'product01.png', 0),
(1625, 412, 'product01.png', 0),
(1626, 413, 'product01.png', 0),
(1627, 414, 'product01.png', 0),
(1628, 415, 'product01.png', 0),
(1629, 416, 'product01.png', 0),
(1630, 417, 'product01.png', 0),
(1631, 418, 'product01.png', 0),
(1632, 419, 'product01.png', 0),
(1633, 420, 'product01.png', 0),
(1634, 421, 'product01.png', 0),
(1635, 422, 'product01.png', 0),
(1636, 423, 'product01.png', 0),
(1637, 424, 'product01.png', 0),
(1638, 425, 'product01.png', 0),
(1639, 426, 'product01.png', 0),
(1640, 427, 'product01.png', 0),
(1641, 428, 'product01.png', 0),
(1642, 429, 'product01.png', 0),
(1643, 430, 'product01.png', 0),
(1644, 431, 'product01.png', 0),
(1645, 432, 'product01.png', 0),
(1646, 433, 'product01.png', 0),
(1647, 435, 'product01.png', 0),
(1648, 436, 'product01.png', 0),
(1649, 437, 'product01.png', 0),
(1650, 438, 'product01.png', 0),
(1651, 439, 'product01.png', 0),
(1652, 440, 'product01.png', 0),
(1653, 441, 'product01.png', 0),
(1654, 442, 'product01.png', 0),
(1655, 443, 'product01.png', 0),
(1656, 444, 'product01.png', 0),
(1657, 445, 'product01.png', 0),
(1658, 446, 'product01.png', 0),
(1659, 447, 'product01.png', 0),
(1660, 448, 'product01.png', 0),
(1661, 449, 'product01.png', 0),
(1662, 450, 'product01.png', 0),
(1663, 451, 'product01.png', 0),
(1664, 452, 'product01.png', 0),
(1665, 453, 'product01.png', 0),
(1666, 454, 'product01.png', 0),
(1667, 455, 'product01.png', 0),
(1668, 456, 'product01.png', 0),
(1669, 457, 'product01.png', 0),
(1670, 458, 'product01.png', 0),
(1671, 459, 'product01.png', 0),
(1672, 460, 'product01.png', 0),
(1673, 461, 'product01.png', 0),
(1674, 463, 'product01.png', 0),
(1675, 464, 'product01.png', 0),
(1676, 465, 'product01.png', 0),
(1677, 466, 'product01.png', 0),
(1678, 467, 'product01.png', 0),
(1679, 468, 'product01.png', 0),
(1680, 469, 'product01.png', 0),
(1681, 470, 'product01.png', 0),
(1682, 471, 'product01.png', 0),
(1683, 472, 'product01.png', 0);
INSERT INTO `imagenes` (`idimagen`, `articulo`, `imagen`, `tipo`) VALUES
(1684, 473, 'product01.png', 0),
(1685, 474, 'product01.png', 0),
(1686, 475, 'product01.png', 0),
(1687, 477, 'product01.png', 0),
(1688, 478, 'product01.png', 0),
(1689, 479, 'product01.png', 0),
(1690, 480, 'product01.png', 0),
(1691, 481, 'product01.png', 0),
(1692, 482, 'product01.png', 0),
(1693, 483, 'product01.png', 0),
(1694, 484, 'product01.png', 0),
(1695, 485, 'product01.png', 0),
(1696, 486, 'product01.png', 0),
(1697, 487, 'product01.png', 0),
(1698, 488, 'product01.png', 0),
(1699, 489, 'product01.png', 0),
(1700, 490, 'product01.png', 0),
(1701, 491, 'product01.png', 0),
(1702, 492, 'product01.png', 0),
(1703, 493, 'product01.png', 0),
(1704, 494, 'product01.png', 0),
(1705, 495, 'product01.png', 0),
(1706, 496, 'product01.png', 0),
(1707, 497, 'product01.png', 0),
(1708, 499, 'product01.png', 0),
(1709, 500, 'product01.png', 0),
(1710, 501, 'product01.png', 0),
(1711, 502, 'product01.png', 0),
(1712, 503, 'product01.png', 0),
(1713, 505, 'product01.png', 0),
(1714, 512, 'product01.png', 0),
(1715, 513, 'product01.png', 0),
(1716, 514, 'product01.png', 0),
(1717, 515, 'product01.png', 0),
(1718, 516, 'product01.png', 0),
(1719, 517, 'product01.png', 0),
(1720, 518, 'product01.png', 0),
(1721, 519, 'product01.png', 0),
(1722, 521, 'product01.png', 0),
(1723, 522, 'product01.png', 0),
(1724, 523, 'product01.png', 0),
(1725, 524, 'product01.png', 0),
(1726, 526, 'product01.png', 0),
(1727, 527, 'product01.png', 0),
(1728, 528, 'product01.png', 0),
(1729, 529, 'product01.png', 0),
(1730, 530, 'product01.png', 0),
(1731, 532, 'product01.png', 0),
(1732, 533, 'product01.png', 0),
(1733, 535, 'product01.png', 0),
(1734, 536, 'product01.png', 0),
(1735, 537, 'product01.png', 0),
(1736, 538, 'product01.png', 0),
(1737, 539, 'product01.png', 0),
(1738, 542, 'product01.png', 0),
(1739, 543, 'product01.png', 0),
(1740, 544, 'product01.png', 0),
(1741, 545, 'product01.png', 0),
(1742, 546, 'product01.png', 0),
(1743, 547, 'product01.png', 0),
(1744, 549, 'product01.png', 0),
(1745, 550, 'product01.png', 0),
(1746, 551, 'product01.png', 0),
(1747, 552, 'product01.png', 0),
(1748, 553, 'product01.png', 0),
(1749, 554, 'product01.png', 0),
(1750, 555, 'product01.png', 0),
(1751, 556, 'product01.png', 0),
(1752, 558, 'product01.png', 0),
(1753, 559, 'product01.png', 0),
(1754, 561, 'product01.png', 0),
(1755, 562, 'product01.png', 0),
(1756, 563, 'product01.png', 0),
(1757, 564, 'product01.png', 0),
(1758, 565, 'product01.png', 0),
(1759, 566, 'product01.png', 0),
(1760, 571, 'product01.png', 0),
(1761, 572, 'product01.png', 0),
(1762, 573, 'product01.png', 0),
(1763, 574, 'product01.png', 0),
(1764, 575, 'product01.png', 0),
(1765, 576, 'product01.png', 0),
(1766, 577, 'product01.png', 0),
(1767, 578, 'product01.png', 0),
(1768, 579, 'product01.png', 0),
(1769, 580, 'product01.png', 0),
(1770, 581, 'product01.png', 0),
(1771, 582, 'product01.png', 0),
(1772, 583, 'product01.png', 0),
(1773, 584, 'product01.png', 0),
(1774, 585, 'product01.png', 0),
(1775, 586, 'product01.png', 0),
(1776, 587, 'product01.png', 0),
(1777, 588, 'product01.png', 0),
(1778, 589, 'product01.png', 0),
(1779, 590, 'product01.png', 0),
(1780, 591, 'product01.png', 0),
(1781, 592, 'product01.png', 0),
(1782, 593, 'product01.png', 0),
(1783, 594, 'product01.png', 0),
(1784, 596, 'product01.png', 0),
(1785, 597, 'product01.png', 0),
(1786, 598, 'product01.png', 0),
(1787, 599, 'product01.png', 0),
(1788, 600, 'product01.png', 0),
(1789, 601, 'product01.png', 0),
(1790, 602, 'product01.png', 0),
(1791, 603, 'product01.png', 0),
(1792, 604, 'product01.png', 0),
(1793, 605, 'product01.png', 0),
(1794, 606, 'product01.png', 0),
(1795, 607, 'product01.png', 0),
(1796, 608, 'product01.png', 0),
(1797, 609, 'product01.png', 0),
(1798, 610, 'product01.png', 0),
(1799, 611, 'product01.png', 0),
(1800, 612, 'product01.png', 0),
(1801, 613, 'product01.png', 0),
(1802, 614, 'product01.png', 0),
(1803, 615, 'product01.png', 0),
(1804, 616, 'product01.png', 0),
(1805, 618, 'product01.png', 0),
(1806, 619, 'product01.png', 0),
(1807, 620, 'product01.png', 0),
(1808, 621, 'product01.png', 0),
(1809, 622, 'product01.png', 0),
(1810, 623, 'product01.png', 0),
(1811, 624, 'product01.png', 0),
(1812, 625, 'product01.png', 0),
(1813, 626, 'product01.png', 0),
(1814, 627, 'product01.png', 0),
(1815, 628, 'product01.png', 0),
(1816, 629, 'product01.png', 0),
(1817, 630, 'product01.png', 0),
(1818, 631, 'product01.png', 0),
(1819, 632, 'product01.png', 0),
(1820, 633, 'product01.png', 0),
(1821, 634, 'product01.png', 0),
(1822, 635, 'product01.png', 0),
(1823, 636, 'product01.png', 0),
(1824, 637, 'product01.png', 0),
(1825, 638, 'product01.png', 0),
(1826, 639, 'product01.png', 0),
(1827, 640, 'product01.png', 0),
(1828, 641, 'product01.png', 0),
(1829, 642, 'product01.png', 0),
(1830, 643, 'product01.png', 0),
(1831, 644, 'product01.png', 0),
(1832, 645, 'product01.png', 0),
(1833, 646, 'product01.png', 0),
(1834, 647, 'product01.png', 0),
(1835, 648, 'product01.png', 0),
(1836, 649, 'product01.png', 0),
(1837, 650, 'product01.png', 0),
(1838, 651, 'product01.png', 0),
(1839, 652, 'product01.png', 0),
(1840, 653, 'product01.png', 0),
(1841, 654, 'product01.png', 0),
(1842, 655, 'product01.png', 0),
(1843, 656, 'product01.png', 0),
(1844, 657, 'product01.png', 0),
(1845, 658, 'product01.png', 0),
(1846, 659, 'product01.png', 0),
(1847, 660, 'product01.png', 0),
(1848, 661, 'product01.png', 0),
(1849, 662, 'product01.png', 0),
(1850, 663, 'product01.png', 0),
(1851, 664, 'product01.png', 0),
(1852, 665, 'product01.png', 0),
(1853, 668, 'product01.png', 0),
(1854, 677, 'product01.png', 0),
(1855, 678, 'product01.png', 0),
(1856, 679, 'product01.png', 0),
(1857, 680, 'product01.png', 0),
(1858, 681, 'product01.png', 0),
(1859, 682, 'product01.png', 0),
(1860, 683, 'product01.png', 0),
(1861, 684, 'product01.png', 0),
(1862, 685, 'product01.png', 0),
(1863, 686, 'product01.png', 0),
(1864, 687, 'product01.png', 0),
(1865, 688, 'product01.png', 0),
(1866, 689, 'product01.png', 0),
(1867, 690, 'product01.png', 0),
(1868, 691, 'product01.png', 0),
(1869, 692, 'product01.png', 0),
(1870, 693, 'product01.png', 0),
(1871, 694, 'product01.png', 0),
(1872, 695, 'product01.png', 0),
(1873, 696, 'product01.png', 0),
(1874, 697, 'product01.png', 0),
(1875, 698, 'product01.png', 0),
(1876, 699, 'product01.png', 0),
(1877, 700, 'product01.png', 0),
(1878, 701, 'product01.png', 0),
(1879, 702, 'product01.png', 0),
(1880, 703, 'product01.png', 0),
(1881, 704, 'product01.png', 0),
(1882, 705, 'product01.png', 0),
(1883, 706, 'product01.png', 0),
(1884, 707, 'product01.png', 0),
(1885, 708, 'product01.png', 0),
(1886, 709, 'product01.png', 0),
(1887, 710, 'product01.png', 0),
(1888, 711, 'product01.png', 0),
(1889, 712, 'product01.png', 0),
(1890, 713, 'product01.png', 0),
(1891, 714, 'product01.png', 0),
(1892, 715, 'product01.png', 0),
(1893, 716, 'product01.png', 0),
(1894, 717, 'product01.png', 0),
(1895, 718, 'product01.png', 0),
(1896, 719, 'product01.png', 0),
(1897, 720, 'product01.png', 0),
(1898, 721, 'product01.png', 0),
(1899, 722, 'product01.png', 0),
(1900, 723, 'product01.png', 0),
(1901, 724, 'product01.png', 0),
(1902, 725, 'product01.png', 0),
(1903, 726, 'product01.png', 0),
(1904, 727, 'product01.png', 0),
(1905, 728, 'product01.png', 0),
(1906, 729, 'product01.png', 0),
(1907, 730, 'product01.png', 0),
(1908, 731, 'product01.png', 0),
(1909, 732, 'product01.png', 0),
(1910, 743, 'product01.png', 0),
(1911, 744, 'product01.png', 0),
(1912, 745, 'product01.png', 0),
(1913, 746, 'product01.png', 0),
(1914, 747, 'product01.png', 0),
(1915, 748, 'product01.png', 0),
(1916, 749, 'product01.png', 0),
(1917, 750, 'product01.png', 0),
(1918, 751, 'product01.png', 0),
(1919, 752, 'product01.png', 0),
(1920, 753, 'product01.png', 0),
(1921, 754, 'product01.png', 0),
(1922, 755, 'product01.png', 0),
(1923, 756, 'product01.png', 0),
(1924, 757, 'product01.png', 0),
(1925, 758, 'product01.png', 0),
(1926, 759, 'product01.png', 0),
(1927, 760, 'product01.png', 0),
(1928, 763, 'product01.png', 0),
(1929, 764, 'product01.png', 0),
(1930, 765, 'product01.png', 0),
(1931, 766, 'product01.png', 0),
(1932, 768, 'product01.png', 0),
(1933, 769, 'product01.png', 0),
(1934, 771, 'product01.png', 0),
(1935, 774, 'product01.png', 0),
(1936, 777, 'product01.png', 0),
(1937, 778, 'product01.png', 0),
(1938, 780, 'product01.png', 0),
(1939, 790, 'product01.png', 0),
(1940, 791, 'product01.png', 0),
(1941, 792, 'product01.png', 0),
(1942, 793, 'product01.png', 0),
(1943, 794, 'product01.png', 0),
(1944, 795, 'product01.png', 0),
(1945, 796, 'product01.png', 0),
(1946, 797, 'product01.png', 0),
(1947, 798, 'product01.png', 0),
(1948, 799, 'product01.png', 0),
(1949, 800, 'product01.png', 0),
(1950, 801, 'product01.png', 0),
(1951, 802, 'product01.png', 0),
(1952, 803, 'product01.png', 0),
(1953, 804, 'product01.png', 0),
(1954, 805, 'product01.png', 0),
(1955, 806, 'product01.png', 0),
(1956, 807, 'product01.png', 0),
(1957, 808, 'product01.png', 0),
(1958, 809, 'product01.png', 0),
(1959, 810, 'product01.png', 0),
(1960, 811, 'product01.png', 0),
(1961, 812, 'product01.png', 0),
(1962, 813, 'product01.png', 0),
(1963, 814, 'product01.png', 0),
(1964, 815, 'product01.png', 0),
(1965, 816, 'product01.png', 0),
(1966, 817, 'product01.png', 0),
(1967, 818, 'product01.png', 0),
(1968, 819, 'product01.png', 0),
(1969, 821, 'product01.png', 0),
(1970, 822, 'product01.png', 0),
(1971, 823, 'product01.png', 0),
(1972, 824, 'product01.png', 0),
(1973, 825, 'product01.png', 0),
(1974, 826, 'product01.png', 0),
(1975, 827, 'product01.png', 0),
(1976, 828, 'product01.png', 0),
(1977, 829, 'product01.png', 0),
(1978, 830, 'product01.png', 0),
(1979, 831, 'product01.png', 0),
(1980, 832, 'product01.png', 0),
(1981, 833, 'product01.png', 0),
(1982, 834, 'product01.png', 0),
(1983, 835, 'product01.png', 0),
(1984, 836, 'product01.png', 0),
(1985, 837, 'product01.png', 0),
(1986, 838, 'product01.png', 0),
(1987, 839, 'product01.png', 0),
(1988, 840, 'product01.png', 0),
(1989, 841, 'product01.png', 0),
(1990, 842, 'product01.png', 0),
(1991, 843, 'product01.png', 0),
(1992, 844, 'product01.png', 0),
(1993, 845, 'product01.png', 0),
(1994, 846, 'product01.png', 0),
(1995, 847, 'product01.png', 0),
(1996, 848, 'product01.png', 0),
(1997, 849, 'product01.png', 0),
(1998, 850, 'product01.png', 0),
(1999, 851, 'product01.png', 0),
(2000, 852, 'product01.png', 0),
(2001, 853, 'product01.png', 0),
(2002, 854, 'product01.png', 0),
(2003, 855, 'product01.png', 0),
(2004, 856, 'product01.png', 0),
(2005, 857, 'product01.png', 0),
(2006, 858, 'product01.png', 0),
(2007, 859, 'product01.png', 0),
(2008, 860, 'product01.png', 0),
(2009, 861, 'product01.png', 0),
(2010, 862, 'product01.png', 0),
(2011, 864, 'product01.png', 0),
(2012, 865, 'product01.png', 0),
(2013, 867, 'product01.png', 0),
(2014, 868, 'product01.png', 0),
(2015, 869, 'product01.png', 0),
(2016, 870, 'product01.png', 0),
(2017, 871, 'product01.png', 0),
(2018, 872, 'product01.png', 0),
(2019, 873, 'product01.png', 0),
(2020, 874, 'product01.png', 0),
(2021, 875, 'product01.png', 0),
(2022, 876, 'product01.png', 0),
(2023, 877, 'product01.png', 0),
(2024, 878, 'product01.png', 0),
(2025, 879, 'product01.png', 0),
(2026, 880, 'product01.png', 0),
(2027, 881, 'product01.png', 0),
(2028, 882, 'product01.png', 0),
(2029, 883, 'product01.png', 0),
(2030, 884, 'product01.png', 0),
(2031, 885, 'product01.png', 0),
(2032, 886, 'product01.png', 0),
(2033, 887, 'product01.png', 0),
(2034, 888, 'product01.png', 0),
(2035, 889, 'product01.png', 0),
(2036, 890, 'product01.png', 0),
(2037, 891, 'product01.png', 0),
(2038, 892, 'product01.png', 0),
(2039, 893, 'product01.png', 0),
(2040, 894, 'product01.png', 0),
(2041, 895, 'product01.png', 0),
(2042, 896, 'product01.png', 0),
(2043, 897, 'product01.png', 0),
(2044, 898, 'product01.png', 0),
(2045, 899, 'product01.png', 0),
(2046, 900, 'product01.png', 0),
(2047, 901, 'product01.png', 0),
(2048, 902, 'product01.png', 0),
(2049, 903, 'product01.png', 0),
(2050, 904, 'product01.png', 0),
(2051, 905, 'product01.png', 0),
(2052, 906, 'product01.png', 0),
(2053, 907, 'product01.png', 0),
(2054, 908, 'product01.png', 0),
(2055, 909, 'product01.png', 0),
(2056, 910, 'product01.png', 0),
(2057, 911, 'product01.png', 0),
(2058, 912, 'product01.png', 0),
(2059, 913, 'product01.png', 0),
(2060, 914, 'product01.png', 0),
(2061, 916, 'product01.png', 0),
(2062, 917, 'product01.png', 0),
(2063, 918, 'product01.png', 0),
(2064, 919, 'product01.png', 0),
(2065, 920, 'product01.png', 0),
(2066, 921, 'product01.png', 0),
(2067, 922, 'product01.png', 0),
(2068, 923, 'product01.png', 0),
(2069, 924, 'product01.png', 0),
(2070, 925, 'product01.png', 0),
(2071, 926, 'product01.png', 0),
(2072, 927, 'product01.png', 0),
(2073, 928, 'product01.png', 0),
(2074, 929, 'product01.png', 0),
(2075, 930, 'product01.png', 0),
(2076, 931, 'product01.png', 0),
(2077, 932, 'product01.png', 0),
(2078, 933, 'product01.png', 0),
(2079, 934, 'product01.png', 0),
(2080, 935, 'product01.png', 0),
(2081, 936, 'product01.png', 0),
(2082, 937, 'product01.png', 0),
(2083, 938, 'product01.png', 0),
(2084, 939, 'product01.png', 0),
(2085, 940, 'product01.png', 0),
(2086, 941, 'product01.png', 0),
(2087, 942, 'product01.png', 0),
(2088, 943, 'product01.png', 0),
(2089, 944, 'product01.png', 0),
(2090, 945, 'product01.png', 0),
(2091, 946, 'product01.png', 0),
(2092, 947, 'product01.png', 0),
(2093, 948, 'product01.png', 0),
(2094, 949, 'product01.png', 0),
(2095, 950, 'product01.png', 0),
(2096, 951, 'product01.png', 0),
(2097, 952, 'product01.png', 0),
(2098, 953, 'product01.png', 0),
(2099, 954, 'product01.png', 0),
(2100, 960, 'product01.png', 0),
(2101, 961, 'product01.png', 0),
(2102, 962, 'product01.png', 0),
(2103, 963, 'product01.png', 0),
(2104, 964, 'product01.png', 0),
(2105, 965, 'product01.png', 0),
(2106, 966, 'product01.png', 0),
(2107, 967, 'product01.png', 0),
(2108, 968, 'product01.png', 0),
(2109, 969, 'product01.png', 0),
(2110, 970, 'product01.png', 0),
(2111, 971, 'product01.png', 0),
(2112, 972, 'product01.png', 0),
(2113, 973, 'product01.png', 0),
(2114, 974, 'product01.png', 0),
(2115, 975, 'product01.png', 0),
(2116, 976, 'product01.png', 0),
(2117, 977, 'product01.png', 0),
(2118, 978, 'product01.png', 0),
(2119, 979, 'product01.png', 0),
(2120, 980, 'product01.png', 0),
(2121, 981, 'product01.png', 0),
(2122, 982, 'product01.png', 0),
(2123, 983, 'product01.png', 0),
(2124, 984, 'product01.png', 0),
(2125, 985, 'product01.png', 0),
(2126, 986, 'product01.png', 0),
(2127, 994, 'product01.png', 0),
(2128, 996, 'product01.png', 0),
(2129, 997, 'product01.png', 0),
(2130, 1000, 'product01.png', 0),
(2131, 1001, 'product01.png', 0),
(2132, 1002, 'product01.png', 0),
(2133, 1003, 'product01.png', 0),
(2134, 1004, 'product01.png', 0),
(2135, 1007, 'product01.png', 0),
(2136, 1008, 'product01.png', 0),
(2137, 1009, 'product01.png', 0),
(2138, 1010, 'product01.png', 0),
(2139, 1011, 'product01.png', 0),
(2140, 1012, 'product01.png', 0),
(2141, 1013, 'product01.png', 0),
(2142, 1014, 'product01.png', 0),
(2143, 1015, 'product01.png', 0),
(2144, 1016, 'product01.png', 0),
(2145, 1017, 'product01.png', 0),
(2146, 1018, 'product01.png', 0),
(2147, 1019, 'product01.png', 0),
(2148, 1020, 'product01.png', 0),
(2149, 1021, 'product01.png', 0),
(2150, 1022, 'product01.png', 0),
(2151, 1023, 'product01.png', 0),
(2152, 1024, 'product01.png', 0),
(2153, 1025, 'product01.png', 0),
(2154, 1026, 'product01.png', 0),
(2155, 1027, 'product01.png', 0),
(2156, 1028, 'product01.png', 0),
(2157, 1029, 'product01.png', 0),
(2158, 1030, 'product01.png', 0),
(2159, 1031, 'product01.png', 0),
(2160, 1056, 'product01.png', 0),
(2161, 1059, 'product01.png', 0),
(2162, 1070, 'product01.png', 0),
(2163, 1071, 'product01.png', 0),
(2164, 1072, 'product01.png', 0),
(2165, 1073, 'product01.png', 0),
(2166, 1074, 'product01.png', 0),
(2167, 1075, 'product01.png', 0),
(2168, 1076, 'product01.png', 0),
(2169, 1077, 'product01.png', 0),
(2170, 1078, 'product01.png', 0),
(2171, 1079, 'product01.png', 0),
(2172, 1080, 'product01.png', 0),
(2173, 1081, 'product01.png', 0),
(2174, 1082, 'product01.png', 0),
(2175, 1083, 'product01.png', 0),
(2176, 1084, 'product01.png', 0),
(2177, 1085, 'product01.png', 0),
(2178, 1086, 'product01.png', 0),
(2179, 1090, 'product01.png', 0),
(2180, 1091, 'product01.png', 0),
(2181, 1092, 'product01.png', 0),
(2182, 1093, 'product01.png', 0),
(2183, 1094, 'product01.png', 0),
(2184, 1095, 'product01.png', 0),
(2185, 1096, 'product01.png', 0),
(2186, 1097, 'product01.png', 0),
(2187, 1098, 'product01.png', 0),
(2188, 1099, 'product01.png', 0),
(2189, 1100, 'product01.png', 0),
(2190, 1101, 'product01.png', 0),
(2191, 1102, 'product01.png', 0),
(2192, 1103, 'product01.png', 0),
(2193, 1104, 'product01.png', 0),
(2194, 1105, 'product01.png', 0),
(2195, 1106, 'product01.png', 0),
(2196, 1110, 'product01.png', 0),
(2197, 1111, 'product01.png', 0),
(2198, 1112, 'product01.png', 0),
(2199, 1113, 'product01.png', 0),
(2200, 1114, 'product01.png', 0),
(2201, 1116, 'product01.png', 0),
(2202, 1117, 'product01.png', 0),
(2203, 1118, 'product01.png', 0),
(2204, 1119, 'product01.png', 0),
(2205, 1120, 'product01.png', 0),
(2206, 1121, 'product01.png', 0),
(2207, 1122, 'product01.png', 0),
(2208, 1123, 'product01.png', 0),
(2209, 1124, 'product01.png', 0),
(2210, 1125, 'product01.png', 0),
(2211, 1126, 'product01.png', 0),
(2212, 1127, 'product01.png', 0),
(2213, 1128, 'product01.png', 0),
(2214, 1129, 'product01.png', 0),
(2215, 1130, 'product01.png', 0),
(2216, 1131, 'product01.png', 0),
(2217, 1132, 'product01.png', 0),
(2218, 1133, 'product01.png', 0),
(2219, 1134, 'product01.png', 0),
(2220, 1135, 'product01.png', 0),
(2221, 1136, 'product01.png', 0),
(2222, 1137, 'product01.png', 0),
(2223, 1142, 'product01.png', 0),
(2224, 1143, 'product01.png', 0),
(2225, 1144, 'product01.png', 0),
(2226, 1145, 'product01.png', 0),
(2227, 1146, 'product01.png', 0),
(2228, 1147, 'product01.png', 0),
(2229, 1148, 'product01.png', 0),
(2230, 1149, 'product01.png', 0),
(2231, 1150, 'product01.png', 0),
(2232, 1151, 'product01.png', 0),
(2233, 1152, 'product01.png', 0),
(2234, 1153, 'product01.png', 0),
(2235, 1154, 'product01.png', 0),
(2236, 1155, 'product01.png', 0),
(2237, 1156, 'product01.png', 0),
(2238, 1157, 'product01.png', 0),
(2239, 1158, 'product01.png', 0),
(2240, 1159, 'product01.png', 0),
(2241, 1160, 'product01.png', 0),
(2242, 1161, 'product01.png', 0),
(2243, 1162, 'product01.png', 0),
(2244, 1164, 'product01.png', 0),
(2245, 1165, 'product01.png', 0),
(2246, 1166, 'product01.png', 0),
(2247, 1169, 'product01.png', 0),
(2248, 1170, 'product01.png', 0),
(2249, 1171, 'product01.png', 0),
(2250, 1172, 'product01.png', 0),
(2251, 1173, 'product01.png', 0),
(2252, 1174, 'product01.png', 0),
(2253, 1175, 'product01.png', 0),
(2254, 1176, 'product01.png', 0),
(2255, 1177, 'product01.png', 0),
(2256, 1178, 'product01.png', 0),
(2257, 1179, 'product01.png', 0),
(2258, 1180, 'product01.png', 0),
(2259, 1181, 'product01.png', 0),
(2260, 1182, 'product01.png', 0),
(2261, 1183, 'product01.png', 0),
(2262, 1184, 'product01.png', 0),
(2263, 1185, 'product01.png', 0),
(2264, 1186, 'product01.png', 0),
(2265, 1187, 'product01.png', 0),
(2266, 1188, 'product01.png', 0),
(2267, 1189, 'product01.png', 0),
(2268, 1190, 'product01.png', 0),
(2269, 1191, 'product01.png', 0),
(2270, 1192, 'product01.png', 0),
(2271, 1194, 'product01.png', 0),
(2272, 1195, 'product01.png', 0),
(2273, 1196, 'product01.png', 0),
(2274, 1197, 'product01.png', 0),
(2275, 1198, 'product01.png', 0),
(2276, 1199, 'product01.png', 0),
(2277, 1200, 'product01.png', 0),
(2278, 1201, 'product01.png', 0),
(2279, 1202, 'product01.png', 0),
(2280, 1203, 'product01.png', 0),
(2281, 1205, 'product01.png', 0),
(2282, 1206, 'product01.png', 0),
(2283, 1207, 'product01.png', 0),
(2284, 1208, 'product01.png', 0),
(2285, 1209, 'product01.png', 0),
(2286, 1210, 'product01.png', 0),
(2287, 1213, 'product01.png', 0),
(2288, 1214, 'product01.png', 0),
(2289, 1215, 'product01.png', 0),
(2290, 1217, 'product01.png', 0),
(2291, 1219, 'product01.png', 0),
(2292, 1220, 'product01.png', 0),
(2293, 1228, 'product01.png', 0),
(2294, 1229, 'product01.png', 0),
(2295, 1230, 'product01.png', 0),
(2296, 1237, 'product01.png', 0),
(2297, 1238, 'product01.png', 0),
(2298, 1239, 'product01.png', 0),
(2299, 1240, 'product01.png', 0),
(2300, 1241, 'product01.png', 0),
(2301, 1242, 'product01.png', 0),
(2302, 1243, 'product01.png', 0),
(2303, 1244, 'product01.png', 0),
(2304, 1245, 'product01.png', 0),
(2305, 1246, 'product01.png', 0),
(2306, 1248, 'product01.png', 0),
(2307, 1249, 'product01.png', 0),
(2308, 1250, 'product01.png', 0),
(2309, 1251, 'product01.png', 0),
(2310, 1252, 'product01.png', 0),
(2311, 1253, 'product01.png', 0),
(2312, 1255, 'product01.png', 0),
(2313, 1256, 'product01.png', 0),
(2314, 1257, 'product01.png', 0),
(2315, 1258, 'product01.png', 0),
(2316, 1259, 'product01.png', 0),
(2317, 1260, 'product01.png', 0),
(2318, 1261, 'product01.png', 0),
(2319, 1262, 'product01.png', 0),
(2320, 1263, 'product01.png', 0),
(2321, 1264, 'product01.png', 0),
(2322, 1266, 'product01.png', 0),
(2323, 1268, 'product01.png', 0),
(2324, 1269, 'product01.png', 0),
(2325, 1270, 'product01.png', 0),
(2326, 1271, 'product01.png', 0),
(2327, 1272, 'product01.png', 0),
(2328, 1273, 'product01.png', 0),
(2329, 1274, 'product01.png', 0),
(2330, 1275, 'product01.png', 0),
(2331, 1276, 'product01.png', 0),
(2332, 1278, 'product01.png', 0),
(2333, 1287, 'product01.png', 0),
(2334, 1289, 'product01.png', 0),
(2335, 1290, 'product01.png', 0),
(2336, 1291, 'product01.png', 0),
(2337, 1292, 'product01.png', 0),
(2338, 1293, 'product01.png', 0),
(2339, 1294, 'product01.png', 0),
(2340, 1295, 'product01.png', 0),
(2341, 1296, 'product01.png', 0),
(2342, 1297, 'product01.png', 0),
(2343, 1298, 'product01.png', 0),
(2344, 1299, 'product01.png', 0),
(2345, 1300, 'product01.png', 0),
(2346, 1301, 'product01.png', 0),
(2347, 1302, 'product01.png', 0),
(2348, 1303, 'product01.png', 0),
(2349, 1304, 'product01.png', 0),
(2350, 1305, 'product01.png', 0),
(2351, 1306, 'product01.png', 0),
(2352, 1307, 'product01.png', 0),
(2353, 1308, 'product01.png', 0),
(2354, 1309, 'product01.png', 0),
(2355, 1310, 'product01.png', 0),
(2356, 1312, 'product01.png', 0),
(2357, 1313, 'product01.png', 0),
(2358, 1314, 'product01.png', 0),
(2359, 1315, 'product01.png', 0),
(2360, 1316, 'product01.png', 0),
(2361, 1317, 'product01.png', 0),
(2362, 1318, 'product01.png', 0),
(2363, 1319, 'product01.png', 0),
(2364, 1320, 'product01.png', 0),
(2365, 1321, 'product01.png', 0),
(2366, 1322, 'product01.png', 0),
(2367, 1323, 'product01.png', 0),
(2368, 1324, 'product01.png', 0),
(2369, 1325, 'product01.png', 0),
(2370, 1326, 'product01.png', 0),
(2371, 1327, 'product01.png', 0),
(2372, 1328, 'product01.png', 0),
(2373, 1329, 'product01.png', 0),
(2374, 1330, 'product01.png', 0),
(2375, 1341, 'product01.png', 0),
(2376, 1342, 'product01.png', 0),
(2377, 1343, 'product01.png', 0),
(2378, 1347, 'product01.png', 0),
(2379, 1348, 'product01.png', 0),
(2380, 1349, 'product01.png', 0),
(2381, 1350, 'product01.png', 0),
(2382, 1351, 'product01.png', 0),
(2383, 1352, 'product01.png', 0),
(2384, 1353, 'product01.png', 0),
(2385, 1354, 'product01.png', 0),
(2386, 1355, 'product01.png', 0),
(2387, 1360, 'product01.png', 0),
(2388, 1361, 'product01.png', 0),
(2389, 1362, 'product01.png', 0),
(2390, 1363, 'product01.png', 0),
(2391, 1364, 'product01.png', 0),
(2392, 1365, 'product01.png', 0),
(2393, 1366, 'product01.png', 0),
(2394, 1367, 'product01.png', 0),
(2395, 1368, 'product01.png', 0),
(2396, 1369, 'product01.png', 0),
(2397, 1370, 'product01.png', 0),
(2398, 1371, 'product01.png', 0),
(2399, 1372, 'product01.png', 0),
(2400, 1373, 'product01.png', 0),
(2401, 1374, 'product01.png', 0),
(2402, 1375, 'product01.png', 0),
(2403, 1376, 'product01.png', 0),
(2404, 1377, 'product01.png', 0),
(2405, 1378, 'product01.png', 0),
(2406, 1379, 'product01.png', 0),
(2407, 1380, 'product01.png', 0),
(2408, 1381, 'product01.png', 0),
(2409, 1382, 'product01.png', 0),
(2410, 1383, 'product01.png', 0),
(2411, 1384, 'product01.png', 0),
(2412, 1385, 'product01.png', 0),
(2413, 1402, 'product01.png', 0),
(2414, 11, 'product02.png', 0),
(2415, 12, 'product02.png', 0),
(2416, 13, 'product02.png', 0),
(2417, 14, 'product02.png', 0),
(2418, 15, 'product02.png', 0),
(2419, 16, 'product02.png', 0),
(2420, 17, 'product02.png', 0),
(2421, 18, 'product02.png', 0),
(2422, 19, 'product02.png', 0),
(2423, 20, 'product02.png', 0),
(2424, 23, 'product02.png', 0),
(2425, 24, 'product02.png', 0),
(2426, 25, 'product02.png', 0),
(2427, 26, 'product02.png', 0),
(2428, 27, 'product02.png', 0),
(2429, 28, 'product02.png', 0),
(2430, 29, 'product02.png', 0),
(2431, 30, 'product02.png', 0),
(2432, 31, 'product02.png', 0),
(2433, 32, 'product02.png', 0),
(2434, 33, 'product02.png', 0),
(2435, 34, 'product02.png', 0),
(2436, 35, 'product02.png', 0),
(2437, 36, 'product02.png', 0),
(2438, 37, 'product02.png', 0),
(2439, 38, 'product02.png', 0),
(2440, 39, 'product02.png', 0),
(2441, 40, 'product02.png', 0),
(2442, 41, 'product02.png', 0),
(2443, 42, 'product02.png', 0),
(2444, 43, 'product02.png', 0),
(2445, 44, 'product02.png', 0),
(2446, 45, 'product02.png', 0),
(2447, 46, 'product02.png', 0),
(2448, 47, 'product02.png', 0),
(2449, 48, 'product02.png', 0),
(2450, 49, 'product02.png', 0),
(2451, 50, 'product02.png', 0),
(2452, 51, 'product02.png', 0),
(2453, 52, 'product02.png', 0),
(2454, 53, 'product02.png', 0),
(2455, 54, 'product02.png', 0),
(2456, 55, 'product02.png', 0),
(2457, 56, 'product02.png', 0),
(2458, 57, 'product02.png', 0),
(2459, 58, 'product02.png', 0),
(2460, 59, 'product02.png', 0),
(2461, 60, 'product02.png', 0),
(2462, 62, 'product02.png', 0),
(2463, 63, 'product02.png', 0),
(2464, 64, 'product02.png', 0),
(2465, 65, 'product02.png', 0),
(2466, 66, 'product02.png', 0),
(2467, 67, 'product02.png', 0),
(2468, 68, 'product02.png', 0),
(2469, 69, 'product02.png', 0),
(2470, 70, 'product02.png', 0),
(2471, 71, 'product02.png', 0),
(2472, 72, 'product02.png', 0),
(2473, 73, 'product02.png', 0),
(2474, 74, 'product02.png', 0),
(2475, 75, 'product02.png', 0),
(2476, 76, 'product02.png', 0),
(2477, 77, 'product02.png', 0),
(2478, 78, 'product02.png', 0),
(2479, 79, 'product02.png', 0),
(2480, 80, 'product02.png', 0),
(2481, 81, 'product02.png', 0),
(2482, 82, 'product02.png', 0),
(2483, 83, 'product02.png', 0),
(2484, 84, 'product02.png', 0),
(2485, 85, 'product02.png', 0),
(2486, 86, 'product02.png', 0),
(2487, 87, 'product02.png', 0),
(2488, 88, 'product02.png', 0),
(2489, 89, 'product02.png', 0),
(2490, 90, 'product02.png', 0),
(2491, 91, 'product02.png', 0),
(2492, 92, 'product02.png', 0),
(2493, 93, 'product02.png', 0),
(2494, 94, 'product02.png', 0),
(2495, 95, 'product02.png', 0),
(2496, 96, 'product02.png', 0),
(2497, 97, 'product02.png', 0),
(2498, 98, 'product02.png', 0),
(2499, 99, 'product02.png', 0),
(2500, 100, 'product02.png', 0),
(2501, 101, 'product02.png', 0),
(2502, 102, 'product02.png', 0),
(2503, 103, 'product02.png', 0),
(2504, 104, 'product02.png', 0),
(2505, 105, 'product02.png', 0),
(2506, 106, 'product02.png', 0),
(2507, 107, 'product02.png', 0),
(2508, 108, 'product02.png', 0),
(2509, 109, 'product02.png', 0),
(2510, 110, 'product02.png', 0),
(2511, 111, 'product02.png', 0),
(2512, 112, 'product02.png', 0),
(2513, 113, 'product02.png', 0),
(2514, 114, 'product02.png', 0),
(2515, 115, 'product02.png', 0),
(2516, 116, 'product02.png', 0),
(2517, 117, 'product02.png', 0),
(2518, 118, 'product02.png', 0),
(2519, 119, 'product02.png', 0),
(2520, 120, 'product02.png', 0),
(2521, 121, 'product02.png', 0),
(2522, 122, 'product02.png', 0),
(2523, 123, 'product02.png', 0),
(2524, 124, 'product02.png', 0),
(2525, 125, 'product02.png', 0),
(2526, 126, 'product02.png', 0),
(2527, 127, 'product02.png', 0),
(2528, 128, 'product02.png', 0),
(2529, 129, 'product02.png', 0),
(2530, 130, 'product02.png', 0),
(2531, 131, 'product02.png', 0),
(2532, 132, 'product02.png', 0),
(2533, 133, 'product02.png', 0),
(2534, 134, 'product02.png', 0),
(2535, 135, 'product02.png', 0),
(2536, 136, 'product02.png', 0),
(2537, 137, 'product02.png', 0),
(2538, 138, 'product02.png', 0),
(2539, 139, 'product02.png', 0),
(2540, 140, 'product02.png', 0),
(2541, 141, 'product02.png', 0),
(2542, 142, 'product02.png', 0),
(2543, 143, 'product02.png', 0),
(2544, 144, 'product02.png', 0),
(2545, 145, 'product02.png', 0),
(2546, 146, 'product02.png', 0),
(2547, 147, 'product02.png', 0),
(2548, 148, 'product02.png', 0),
(2549, 149, 'product02.png', 0),
(2550, 150, 'product02.png', 0),
(2551, 151, 'product02.png', 0),
(2552, 152, 'product02.png', 0),
(2553, 153, 'product02.png', 0),
(2554, 154, 'product02.png', 0),
(2555, 155, 'product02.png', 0),
(2556, 156, 'product02.png', 0),
(2557, 157, 'product02.png', 0),
(2558, 158, 'product02.png', 0),
(2559, 159, 'product02.png', 0),
(2560, 160, 'product02.png', 0),
(2561, 161, 'product02.png', 0),
(2562, 162, 'product02.png', 0),
(2563, 163, 'product02.png', 0),
(2564, 164, 'product02.png', 0),
(2565, 165, 'product02.png', 0),
(2566, 167, 'product02.png', 0),
(2567, 168, 'product02.png', 0),
(2568, 169, 'product02.png', 0),
(2569, 170, 'product02.png', 0),
(2570, 171, 'product02.png', 0),
(2571, 172, 'product02.png', 0),
(2572, 173, 'product02.png', 0),
(2573, 174, 'product02.png', 0),
(2574, 175, 'product02.png', 0),
(2575, 176, 'product02.png', 0),
(2576, 178, 'product02.png', 0),
(2577, 179, 'product02.png', 0),
(2578, 180, 'product02.png', 0),
(2579, 181, 'product02.png', 0),
(2580, 182, 'product02.png', 0),
(2581, 183, 'product02.png', 0),
(2582, 184, 'product02.png', 0),
(2583, 185, 'product02.png', 0),
(2584, 186, 'product02.png', 0),
(2585, 187, 'product02.png', 0),
(2586, 188, 'product02.png', 0),
(2587, 189, 'product02.png', 0),
(2588, 190, 'product02.png', 0),
(2589, 191, 'product02.png', 0),
(2590, 192, 'product02.png', 0),
(2591, 193, 'product02.png', 0),
(2592, 194, 'product02.png', 0),
(2593, 195, 'product02.png', 0),
(2594, 196, 'product02.png', 0),
(2595, 197, 'product02.png', 0),
(2596, 198, 'product02.png', 0),
(2597, 199, 'product02.png', 0),
(2598, 200, 'product02.png', 0),
(2599, 201, 'product02.png', 0),
(2600, 202, 'product02.png', 0),
(2601, 203, 'product02.png', 0),
(2602, 204, 'product02.png', 0),
(2603, 205, 'product02.png', 0),
(2604, 206, 'product02.png', 0),
(2605, 207, 'product02.png', 0),
(2606, 208, 'product02.png', 0),
(2607, 209, 'product02.png', 0),
(2608, 210, 'product02.png', 0),
(2609, 211, 'product02.png', 0),
(2610, 212, 'product02.png', 0),
(2611, 213, 'product02.png', 0),
(2612, 214, 'product02.png', 0),
(2613, 215, 'product02.png', 0),
(2614, 216, 'product02.png', 0),
(2615, 217, 'product02.png', 0),
(2616, 218, 'product02.png', 0),
(2617, 219, 'product02.png', 0),
(2618, 220, 'product02.png', 0),
(2619, 221, 'product02.png', 0),
(2620, 222, 'product02.png', 0),
(2621, 223, 'product02.png', 0),
(2622, 224, 'product02.png', 0),
(2623, 225, 'product02.png', 0),
(2624, 226, 'product02.png', 0),
(2625, 227, 'product02.png', 0),
(2626, 228, 'product02.png', 0),
(2627, 229, 'product02.png', 0),
(2628, 230, 'product02.png', 0),
(2629, 231, 'product02.png', 0),
(2630, 232, 'product02.png', 0),
(2631, 233, 'product02.png', 0),
(2632, 234, 'product02.png', 0),
(2633, 235, 'product02.png', 0),
(2634, 236, 'product02.png', 0),
(2635, 237, 'product02.png', 0),
(2636, 238, 'product02.png', 0),
(2637, 239, 'product02.png', 0),
(2638, 240, 'product02.png', 0),
(2639, 241, 'product02.png', 0),
(2640, 242, 'product02.png', 0),
(2641, 243, 'product02.png', 0),
(2642, 244, 'product02.png', 0),
(2643, 245, 'product02.png', 0),
(2644, 246, 'product02.png', 0),
(2645, 247, 'product02.png', 0),
(2646, 248, 'product02.png', 0),
(2647, 249, 'product02.png', 0),
(2648, 250, 'product02.png', 0),
(2649, 251, 'product02.png', 0),
(2650, 252, 'product02.png', 0),
(2651, 253, 'product02.png', 0),
(2652, 254, 'product02.png', 0),
(2653, 255, 'product02.png', 0),
(2654, 256, 'product02.png', 0),
(2655, 257, 'product02.png', 0),
(2656, 258, 'product02.png', 0),
(2657, 259, 'product02.png', 0),
(2658, 260, 'product02.png', 0),
(2659, 261, 'product02.png', 0),
(2660, 262, 'product02.png', 0),
(2661, 263, 'product02.png', 0),
(2662, 264, 'product02.png', 0),
(2663, 265, 'product02.png', 0),
(2664, 266, 'product02.png', 0),
(2665, 267, 'product02.png', 0),
(2666, 268, 'product02.png', 0),
(2667, 269, 'product02.png', 0),
(2668, 270, 'product02.png', 0),
(2669, 271, 'product02.png', 0),
(2670, 272, 'product02.png', 0),
(2671, 273, 'product02.png', 0),
(2672, 274, 'product02.png', 0),
(2673, 275, 'product02.png', 0),
(2674, 276, 'product02.png', 0),
(2675, 277, 'product02.png', 0),
(2676, 278, 'product02.png', 0),
(2677, 279, 'product02.png', 0),
(2678, 280, 'product02.png', 0),
(2679, 281, 'product02.png', 0),
(2680, 282, 'product02.png', 0),
(2681, 283, 'product02.png', 0),
(2682, 284, 'product02.png', 0),
(2683, 285, 'product02.png', 0),
(2684, 286, 'product02.png', 0),
(2685, 287, 'product02.png', 0),
(2686, 288, 'product02.png', 0),
(2687, 289, 'product02.png', 0),
(2688, 290, 'product02.png', 0),
(2689, 291, 'product02.png', 0),
(2690, 292, 'product02.png', 0),
(2691, 293, 'product02.png', 0),
(2692, 294, 'product02.png', 0),
(2693, 295, 'product02.png', 0),
(2694, 296, 'product02.png', 0),
(2695, 297, 'product02.png', 0),
(2696, 298, 'product02.png', 0),
(2697, 299, 'product02.png', 0),
(2698, 300, 'product02.png', 0),
(2699, 301, 'product02.png', 0),
(2700, 302, 'product02.png', 0),
(2701, 303, 'product02.png', 0),
(2702, 304, 'product02.png', 0),
(2703, 305, 'product02.png', 0),
(2704, 306, 'product02.png', 0),
(2705, 307, 'product02.png', 0),
(2706, 308, 'product02.png', 0),
(2707, 309, 'product02.png', 0),
(2708, 310, 'product02.png', 0),
(2709, 311, 'product02.png', 0),
(2710, 312, 'product02.png', 0),
(2711, 313, 'product02.png', 0),
(2712, 314, 'product02.png', 0),
(2713, 315, 'product02.png', 0),
(2714, 316, 'product02.png', 0),
(2715, 317, 'product02.png', 0),
(2716, 318, 'product02.png', 0),
(2717, 319, 'product02.png', 0),
(2718, 320, 'product02.png', 0),
(2719, 321, 'product02.png', 0),
(2720, 322, 'product02.png', 0),
(2721, 323, 'product02.png', 0),
(2722, 324, 'product02.png', 0),
(2723, 325, 'product02.png', 0),
(2724, 326, 'product02.png', 0),
(2725, 327, 'product02.png', 0),
(2726, 328, 'product02.png', 0),
(2727, 329, 'product02.png', 0),
(2728, 330, 'product02.png', 0),
(2729, 331, 'product02.png', 0),
(2730, 332, 'product02.png', 0),
(2731, 333, 'product02.png', 0),
(2732, 334, 'product02.png', 0),
(2733, 335, 'product02.png', 0),
(2734, 336, 'product02.png', 0),
(2735, 337, 'product02.png', 0),
(2736, 338, 'product02.png', 0),
(2737, 339, 'product02.png', 0),
(2738, 340, 'product02.png', 0),
(2739, 341, 'product02.png', 0),
(2740, 342, 'product02.png', 0),
(2741, 343, 'product02.png', 0),
(2742, 344, 'product02.png', 0),
(2743, 345, 'product02.png', 0),
(2744, 346, 'product02.png', 0),
(2745, 347, 'product02.png', 0),
(2746, 348, 'product02.png', 0),
(2747, 349, 'product02.png', 0),
(2748, 350, 'product02.png', 0),
(2749, 351, 'product02.png', 0),
(2750, 352, 'product02.png', 0),
(2751, 353, 'product02.png', 0),
(2752, 354, 'product02.png', 0),
(2753, 355, 'product02.png', 0),
(2754, 356, 'product02.png', 0),
(2755, 357, 'product02.png', 0),
(2756, 358, 'product02.png', 0),
(2757, 359, 'product02.png', 0),
(2758, 360, 'product02.png', 0),
(2759, 361, 'product02.png', 0),
(2760, 362, 'product02.png', 0),
(2761, 363, 'product02.png', 0),
(2762, 364, 'product02.png', 0),
(2763, 365, 'product02.png', 0),
(2764, 366, 'product02.png', 0),
(2765, 367, 'product02.png', 0),
(2766, 368, 'product02.png', 0),
(2767, 369, 'product02.png', 0),
(2768, 370, 'product02.png', 0),
(2769, 371, 'product02.png', 0),
(2770, 372, 'product02.png', 0),
(2771, 373, 'product02.png', 0),
(2772, 374, 'product02.png', 0),
(2773, 375, 'product02.png', 0),
(2774, 376, 'product02.png', 0),
(2775, 377, 'product02.png', 0),
(2776, 378, 'product02.png', 0),
(2777, 379, 'product02.png', 0),
(2778, 380, 'product02.png', 0),
(2779, 381, 'product02.png', 0),
(2780, 382, 'product02.png', 0),
(2781, 383, 'product02.png', 0),
(2782, 384, 'product02.png', 0),
(2783, 385, 'product02.png', 0),
(2784, 386, 'product02.png', 0),
(2785, 387, 'product02.png', 0),
(2786, 388, 'product02.png', 0),
(2787, 389, 'product02.png', 0),
(2788, 390, 'product02.png', 0),
(2789, 391, 'product02.png', 0),
(2790, 392, 'product02.png', 0),
(2791, 393, 'product02.png', 0),
(2792, 394, 'product02.png', 0),
(2793, 395, 'product02.png', 0),
(2794, 396, 'product02.png', 0),
(2795, 397, 'product02.png', 0),
(2796, 398, 'product02.png', 0),
(2797, 399, 'product02.png', 0),
(2798, 400, 'product02.png', 0),
(2799, 401, 'product02.png', 0),
(2800, 402, 'product02.png', 0),
(2801, 403, 'product02.png', 0),
(2802, 404, 'product02.png', 0),
(2803, 405, 'product02.png', 0),
(2804, 406, 'product02.png', 0),
(2805, 407, 'product02.png', 0),
(2806, 408, 'product02.png', 0),
(2807, 409, 'product02.png', 0),
(2808, 410, 'product02.png', 0),
(2809, 411, 'product02.png', 0),
(2810, 412, 'product02.png', 0),
(2811, 413, 'product02.png', 0),
(2812, 414, 'product02.png', 0),
(2813, 415, 'product02.png', 0),
(2814, 416, 'product02.png', 0),
(2815, 417, 'product02.png', 0),
(2816, 418, 'product02.png', 0),
(2817, 419, 'product02.png', 0),
(2818, 420, 'product02.png', 0),
(2819, 421, 'product02.png', 0),
(2820, 422, 'product02.png', 0),
(2821, 423, 'product02.png', 0),
(2822, 424, 'product02.png', 0),
(2823, 425, 'product02.png', 0),
(2824, 426, 'product02.png', 0),
(2825, 427, 'product02.png', 0),
(2826, 428, 'product02.png', 0),
(2827, 429, 'product02.png', 0),
(2828, 430, 'product02.png', 0),
(2829, 431, 'product02.png', 0),
(2830, 432, 'product02.png', 0),
(2831, 433, 'product02.png', 0),
(2832, 435, 'product02.png', 0),
(2833, 436, 'product02.png', 0),
(2834, 437, 'product02.png', 0),
(2835, 438, 'product02.png', 0),
(2836, 439, 'product02.png', 0),
(2837, 440, 'product02.png', 0),
(2838, 441, 'product02.png', 0),
(2839, 442, 'product02.png', 0),
(2840, 443, 'product02.png', 0),
(2841, 444, 'product02.png', 0),
(2842, 445, 'product02.png', 0),
(2843, 446, 'product02.png', 0),
(2844, 447, 'product02.png', 0),
(2845, 448, 'product02.png', 0),
(2846, 449, 'product02.png', 0),
(2847, 450, 'product02.png', 0),
(2848, 451, 'product02.png', 0),
(2849, 452, 'product02.png', 0),
(2850, 453, 'product02.png', 0),
(2851, 454, 'product02.png', 0),
(2852, 455, 'product02.png', 0),
(2853, 456, 'product02.png', 0),
(2854, 457, 'product02.png', 0),
(2855, 458, 'product02.png', 0),
(2856, 459, 'product02.png', 0),
(2857, 460, 'product02.png', 0),
(2858, 461, 'product02.png', 0),
(2859, 463, 'product02.png', 0),
(2860, 464, 'product02.png', 0),
(2861, 465, 'product02.png', 0),
(2862, 466, 'product02.png', 0),
(2863, 467, 'product02.png', 0),
(2864, 468, 'product02.png', 0),
(2865, 469, 'product02.png', 0),
(2866, 470, 'product02.png', 0),
(2867, 471, 'product02.png', 0),
(2868, 472, 'product02.png', 0),
(2869, 473, 'product02.png', 0),
(2870, 474, 'product02.png', 0),
(2871, 475, 'product02.png', 0),
(2872, 477, 'product02.png', 0),
(2873, 478, 'product02.png', 0),
(2874, 479, 'product02.png', 0),
(2875, 480, 'product02.png', 0),
(2876, 481, 'product02.png', 0),
(2877, 482, 'product02.png', 0),
(2878, 483, 'product02.png', 0),
(2879, 484, 'product02.png', 0),
(2880, 485, 'product02.png', 0),
(2881, 486, 'product02.png', 0),
(2882, 487, 'product02.png', 0),
(2883, 488, 'product02.png', 0),
(2884, 489, 'product02.png', 0),
(2885, 490, 'product02.png', 0),
(2886, 491, 'product02.png', 0),
(2887, 492, 'product02.png', 0),
(2888, 493, 'product02.png', 0),
(2889, 494, 'product02.png', 0),
(2890, 495, 'product02.png', 0),
(2891, 496, 'product02.png', 0),
(2892, 497, 'product02.png', 0),
(2893, 499, 'product02.png', 0),
(2894, 500, 'product02.png', 0),
(2895, 501, 'product02.png', 0),
(2896, 502, 'product02.png', 0),
(2897, 503, 'product02.png', 0),
(2898, 505, 'product02.png', 0),
(2899, 512, 'product02.png', 0),
(2900, 513, 'product02.png', 0),
(2901, 514, 'product02.png', 0),
(2902, 515, 'product02.png', 0),
(2903, 516, 'product02.png', 0),
(2904, 517, 'product02.png', 0),
(2905, 518, 'product02.png', 0),
(2906, 519, 'product02.png', 0),
(2907, 521, 'product02.png', 0),
(2908, 522, 'product02.png', 0),
(2909, 523, 'product02.png', 0),
(2910, 524, 'product02.png', 0),
(2911, 526, 'product02.png', 0),
(2912, 527, 'product02.png', 0),
(2913, 528, 'product02.png', 0),
(2914, 529, 'product02.png', 0),
(2915, 530, 'product02.png', 0),
(2916, 532, 'product02.png', 0),
(2917, 533, 'product02.png', 0),
(2918, 535, 'product02.png', 0),
(2919, 536, 'product02.png', 0),
(2920, 537, 'product02.png', 0),
(2921, 538, 'product02.png', 0),
(2922, 539, 'product02.png', 0),
(2923, 542, 'product02.png', 0),
(2924, 543, 'product02.png', 0),
(2925, 544, 'product02.png', 0),
(2926, 545, 'product02.png', 0),
(2927, 546, 'product02.png', 0),
(2928, 547, 'product02.png', 0),
(2929, 549, 'product02.png', 0),
(2930, 550, 'product02.png', 0),
(2931, 551, 'product02.png', 0),
(2932, 552, 'product02.png', 0),
(2933, 553, 'product02.png', 0),
(2934, 554, 'product02.png', 0),
(2935, 555, 'product02.png', 0),
(2936, 556, 'product02.png', 0),
(2937, 558, 'product02.png', 0),
(2938, 559, 'product02.png', 0),
(2939, 561, 'product02.png', 0),
(2940, 562, 'product02.png', 0),
(2941, 563, 'product02.png', 0),
(2942, 564, 'product02.png', 0),
(2943, 565, 'product02.png', 0),
(2944, 566, 'product02.png', 0),
(2945, 571, 'product02.png', 0),
(2946, 572, 'product02.png', 0),
(2947, 573, 'product02.png', 0),
(2948, 574, 'product02.png', 0),
(2949, 575, 'product02.png', 0),
(2950, 576, 'product02.png', 0),
(2951, 577, 'product02.png', 0),
(2952, 578, 'product02.png', 0),
(2953, 579, 'product02.png', 0),
(2954, 580, 'product02.png', 0),
(2955, 581, 'product02.png', 0),
(2956, 582, 'product02.png', 0),
(2957, 583, 'product02.png', 0),
(2958, 584, 'product02.png', 0),
(2959, 585, 'product02.png', 0),
(2960, 586, 'product02.png', 0),
(2961, 587, 'product02.png', 0),
(2962, 588, 'product02.png', 0),
(2963, 589, 'product02.png', 0),
(2964, 590, 'product02.png', 0),
(2965, 591, 'product02.png', 0),
(2966, 592, 'product02.png', 0),
(2967, 593, 'product02.png', 0),
(2968, 594, 'product02.png', 0),
(2969, 596, 'product02.png', 0),
(2970, 597, 'product02.png', 0),
(2971, 598, 'product02.png', 0),
(2972, 599, 'product02.png', 0),
(2973, 600, 'product02.png', 0),
(2974, 601, 'product02.png', 0),
(2975, 602, 'product02.png', 0),
(2976, 603, 'product02.png', 0),
(2977, 604, 'product02.png', 0),
(2978, 605, 'product02.png', 0),
(2979, 606, 'product02.png', 0),
(2980, 607, 'product02.png', 0),
(2981, 608, 'product02.png', 0),
(2982, 609, 'product02.png', 0),
(2983, 610, 'product02.png', 0),
(2984, 611, 'product02.png', 0),
(2985, 612, 'product02.png', 0),
(2986, 613, 'product02.png', 0),
(2987, 614, 'product02.png', 0),
(2988, 615, 'product02.png', 0),
(2989, 616, 'product02.png', 0),
(2990, 618, 'product02.png', 0),
(2991, 619, 'product02.png', 0),
(2992, 620, 'product02.png', 0),
(2993, 621, 'product02.png', 0),
(2994, 622, 'product02.png', 0),
(2995, 623, 'product02.png', 0),
(2996, 624, 'product02.png', 0),
(2997, 625, 'product02.png', 0),
(2998, 626, 'product02.png', 0),
(2999, 627, 'product02.png', 0),
(3000, 628, 'product02.png', 0),
(3001, 629, 'product02.png', 0),
(3002, 630, 'product02.png', 0),
(3003, 631, 'product02.png', 0),
(3004, 632, 'product02.png', 0),
(3005, 633, 'product02.png', 0),
(3006, 634, 'product02.png', 0),
(3007, 635, 'product02.png', 0),
(3008, 636, 'product02.png', 0),
(3009, 637, 'product02.png', 0),
(3010, 638, 'product02.png', 0),
(3011, 639, 'product02.png', 0),
(3012, 640, 'product02.png', 0),
(3013, 641, 'product02.png', 0),
(3014, 642, 'product02.png', 0),
(3015, 643, 'product02.png', 0),
(3016, 644, 'product02.png', 0),
(3017, 645, 'product02.png', 0),
(3018, 646, 'product02.png', 0),
(3019, 647, 'product02.png', 0),
(3020, 648, 'product02.png', 0),
(3021, 649, 'product02.png', 0),
(3022, 650, 'product02.png', 0),
(3023, 651, 'product02.png', 0),
(3024, 652, 'product02.png', 0),
(3025, 653, 'product02.png', 0),
(3026, 654, 'product02.png', 0),
(3027, 655, 'product02.png', 0),
(3028, 656, 'product02.png', 0),
(3029, 657, 'product02.png', 0),
(3030, 658, 'product02.png', 0),
(3031, 659, 'product02.png', 0),
(3032, 660, 'product02.png', 0),
(3033, 661, 'product02.png', 0),
(3034, 662, 'product02.png', 0),
(3035, 663, 'product02.png', 0),
(3036, 664, 'product02.png', 0),
(3037, 665, 'product02.png', 0),
(3038, 668, 'product02.png', 0),
(3039, 677, 'product02.png', 0),
(3040, 678, 'product02.png', 0),
(3041, 679, 'product02.png', 0),
(3042, 680, 'product02.png', 0),
(3043, 681, 'product02.png', 0),
(3044, 682, 'product02.png', 0),
(3045, 683, 'product02.png', 0),
(3046, 684, 'product02.png', 0),
(3047, 685, 'product02.png', 0),
(3048, 686, 'product02.png', 0),
(3049, 687, 'product02.png', 0),
(3050, 688, 'product02.png', 0),
(3051, 689, 'product02.png', 0),
(3052, 690, 'product02.png', 0),
(3053, 691, 'product02.png', 0),
(3054, 692, 'product02.png', 0),
(3055, 693, 'product02.png', 0),
(3056, 694, 'product02.png', 0),
(3057, 695, 'product02.png', 0),
(3058, 696, 'product02.png', 0),
(3059, 697, 'product02.png', 0),
(3060, 698, 'product02.png', 0),
(3061, 699, 'product02.png', 0),
(3062, 700, 'product02.png', 0),
(3063, 701, 'product02.png', 0),
(3064, 702, 'product02.png', 0),
(3065, 703, 'product02.png', 0),
(3066, 704, 'product02.png', 0),
(3067, 705, 'product02.png', 0),
(3068, 706, 'product02.png', 0),
(3069, 707, 'product02.png', 0),
(3070, 708, 'product02.png', 0),
(3071, 709, 'product02.png', 0),
(3072, 710, 'product02.png', 0),
(3073, 711, 'product02.png', 0),
(3074, 712, 'product02.png', 0),
(3075, 713, 'product02.png', 0),
(3076, 714, 'product02.png', 0),
(3077, 715, 'product02.png', 0),
(3078, 716, 'product02.png', 0),
(3079, 717, 'product02.png', 0),
(3080, 718, 'product02.png', 0),
(3081, 719, 'product02.png', 0),
(3082, 720, 'product02.png', 0),
(3083, 721, 'product02.png', 0),
(3084, 722, 'product02.png', 0),
(3085, 723, 'product02.png', 0),
(3086, 724, 'product02.png', 0),
(3087, 725, 'product02.png', 0),
(3088, 726, 'product02.png', 0),
(3089, 727, 'product02.png', 0),
(3090, 728, 'product02.png', 0),
(3091, 729, 'product02.png', 0),
(3092, 730, 'product02.png', 0),
(3093, 731, 'product02.png', 0),
(3094, 732, 'product02.png', 0),
(3095, 743, 'product02.png', 0),
(3096, 744, 'product02.png', 0),
(3097, 745, 'product02.png', 0),
(3098, 746, 'product02.png', 0),
(3099, 747, 'product02.png', 0),
(3100, 748, 'product02.png', 0),
(3101, 749, 'product02.png', 0),
(3102, 750, 'product02.png', 0),
(3103, 751, 'product02.png', 0),
(3104, 752, 'product02.png', 0),
(3105, 753, 'product02.png', 0),
(3106, 754, 'product02.png', 0),
(3107, 755, 'product02.png', 0),
(3108, 756, 'product02.png', 0),
(3109, 757, 'product02.png', 0),
(3110, 758, 'product02.png', 0),
(3111, 759, 'product02.png', 0),
(3112, 760, 'product02.png', 0),
(3113, 763, 'product02.png', 0),
(3114, 764, 'product02.png', 0),
(3115, 765, 'product02.png', 0),
(3116, 766, 'product02.png', 0),
(3117, 768, 'product02.png', 0),
(3118, 769, 'product02.png', 0),
(3119, 771, 'product02.png', 0),
(3120, 774, 'product02.png', 0),
(3121, 777, 'product02.png', 0),
(3122, 778, 'product02.png', 0),
(3123, 780, 'product02.png', 0),
(3124, 790, 'product02.png', 0),
(3125, 791, 'product02.png', 0),
(3126, 792, 'product02.png', 0),
(3127, 793, 'product02.png', 0),
(3128, 794, 'product02.png', 0),
(3129, 795, 'product02.png', 0),
(3130, 796, 'product02.png', 0),
(3131, 797, 'product02.png', 0),
(3132, 798, 'product02.png', 0),
(3133, 799, 'product02.png', 0),
(3134, 800, 'product02.png', 0),
(3135, 801, 'product02.png', 0),
(3136, 802, 'product02.png', 0),
(3137, 803, 'product02.png', 0),
(3138, 804, 'product02.png', 0),
(3139, 805, 'product02.png', 0),
(3140, 806, 'product02.png', 0),
(3141, 807, 'product02.png', 0),
(3142, 808, 'product02.png', 0),
(3143, 809, 'product02.png', 0),
(3144, 810, 'product02.png', 0),
(3145, 811, 'product02.png', 0),
(3146, 812, 'product02.png', 0),
(3147, 813, 'product02.png', 0),
(3148, 814, 'product02.png', 0),
(3149, 815, 'product02.png', 0),
(3150, 816, 'product02.png', 0),
(3151, 817, 'product02.png', 0),
(3152, 818, 'product02.png', 0),
(3153, 819, 'product02.png', 0),
(3154, 821, 'product02.png', 0),
(3155, 822, 'product02.png', 0),
(3156, 823, 'product02.png', 0),
(3157, 824, 'product02.png', 0),
(3158, 825, 'product02.png', 0),
(3159, 826, 'product02.png', 0),
(3160, 827, 'product02.png', 0),
(3161, 828, 'product02.png', 0),
(3162, 829, 'product02.png', 0),
(3163, 830, 'product02.png', 0),
(3164, 831, 'product02.png', 0),
(3165, 832, 'product02.png', 0),
(3166, 833, 'product02.png', 0),
(3167, 834, 'product02.png', 0),
(3168, 835, 'product02.png', 0),
(3169, 836, 'product02.png', 0),
(3170, 837, 'product02.png', 0),
(3171, 838, 'product02.png', 0),
(3172, 839, 'product02.png', 0),
(3173, 840, 'product02.png', 0),
(3174, 841, 'product02.png', 0),
(3175, 842, 'product02.png', 0),
(3176, 843, 'product02.png', 0),
(3177, 844, 'product02.png', 0),
(3178, 845, 'product02.png', 0),
(3179, 846, 'product02.png', 0),
(3180, 847, 'product02.png', 0),
(3181, 848, 'product02.png', 0),
(3182, 849, 'product02.png', 0),
(3183, 850, 'product02.png', 0),
(3184, 851, 'product02.png', 0),
(3185, 852, 'product02.png', 0),
(3186, 853, 'product02.png', 0),
(3187, 854, 'product02.png', 0),
(3188, 855, 'product02.png', 0),
(3189, 856, 'product02.png', 0),
(3190, 857, 'product02.png', 0),
(3191, 858, 'product02.png', 0),
(3192, 859, 'product02.png', 0),
(3193, 860, 'product02.png', 0),
(3194, 861, 'product02.png', 0),
(3195, 862, 'product02.png', 0),
(3196, 864, 'product02.png', 0),
(3197, 865, 'product02.png', 0),
(3198, 867, 'product02.png', 0),
(3199, 868, 'product02.png', 0),
(3200, 869, 'product02.png', 0),
(3201, 870, 'product02.png', 0),
(3202, 871, 'product02.png', 0),
(3203, 872, 'product02.png', 0),
(3204, 873, 'product02.png', 0),
(3205, 874, 'product02.png', 0),
(3206, 875, 'product02.png', 0),
(3207, 876, 'product02.png', 0),
(3208, 877, 'product02.png', 0),
(3209, 878, 'product02.png', 0),
(3210, 879, 'product02.png', 0),
(3211, 880, 'product02.png', 0),
(3212, 881, 'product02.png', 0),
(3213, 882, 'product02.png', 0),
(3214, 883, 'product02.png', 0),
(3215, 884, 'product02.png', 0),
(3216, 885, 'product02.png', 0),
(3217, 886, 'product02.png', 0),
(3218, 887, 'product02.png', 0),
(3219, 888, 'product02.png', 0),
(3220, 889, 'product02.png', 0),
(3221, 890, 'product02.png', 0),
(3222, 891, 'product02.png', 0),
(3223, 892, 'product02.png', 0),
(3224, 893, 'product02.png', 0),
(3225, 894, 'product02.png', 0),
(3226, 895, 'product02.png', 0),
(3227, 896, 'product02.png', 0),
(3228, 897, 'product02.png', 0),
(3229, 898, 'product02.png', 0),
(3230, 899, 'product02.png', 0),
(3231, 900, 'product02.png', 0),
(3232, 901, 'product02.png', 0),
(3233, 902, 'product02.png', 0),
(3234, 903, 'product02.png', 0),
(3235, 904, 'product02.png', 0),
(3236, 905, 'product02.png', 0),
(3237, 906, 'product02.png', 0),
(3238, 907, 'product02.png', 0),
(3239, 908, 'product02.png', 0),
(3240, 909, 'product02.png', 0),
(3241, 910, 'product02.png', 0),
(3242, 911, 'product02.png', 0),
(3243, 912, 'product02.png', 0),
(3244, 913, 'product02.png', 0),
(3245, 914, 'product02.png', 0),
(3246, 916, 'product02.png', 0),
(3247, 917, 'product02.png', 0),
(3248, 918, 'product02.png', 0),
(3249, 919, 'product02.png', 0),
(3250, 920, 'product02.png', 0),
(3251, 921, 'product02.png', 0),
(3252, 922, 'product02.png', 0),
(3253, 923, 'product02.png', 0),
(3254, 924, 'product02.png', 0),
(3255, 925, 'product02.png', 0),
(3256, 926, 'product02.png', 0),
(3257, 927, 'product02.png', 0),
(3258, 928, 'product02.png', 0),
(3259, 929, 'product02.png', 0),
(3260, 930, 'product02.png', 0),
(3261, 931, 'product02.png', 0),
(3262, 932, 'product02.png', 0),
(3263, 933, 'product02.png', 0),
(3264, 934, 'product02.png', 0),
(3265, 935, 'product02.png', 0),
(3266, 936, 'product02.png', 0),
(3267, 937, 'product02.png', 0),
(3268, 938, 'product02.png', 0),
(3269, 939, 'product02.png', 0),
(3270, 940, 'product02.png', 0),
(3271, 941, 'product02.png', 0),
(3272, 942, 'product02.png', 0),
(3273, 943, 'product02.png', 0),
(3274, 944, 'product02.png', 0),
(3275, 945, 'product02.png', 0),
(3276, 946, 'product02.png', 0),
(3277, 947, 'product02.png', 0),
(3278, 948, 'product02.png', 0),
(3279, 949, 'product02.png', 0),
(3280, 950, 'product02.png', 0),
(3281, 951, 'product02.png', 0),
(3282, 952, 'product02.png', 0),
(3283, 953, 'product02.png', 0),
(3284, 954, 'product02.png', 0),
(3285, 960, 'product02.png', 0),
(3286, 961, 'product02.png', 0),
(3287, 962, 'product02.png', 0);
INSERT INTO `imagenes` (`idimagen`, `articulo`, `imagen`, `tipo`) VALUES
(3288, 963, 'product02.png', 0),
(3289, 964, 'product02.png', 0),
(3290, 965, 'product02.png', 0),
(3291, 966, 'product02.png', 0),
(3292, 967, 'product02.png', 0),
(3293, 968, 'product02.png', 0),
(3294, 969, 'product02.png', 0),
(3295, 970, 'product02.png', 0),
(3296, 971, 'product02.png', 0),
(3297, 972, 'product02.png', 0),
(3298, 973, 'product02.png', 0),
(3299, 974, 'product02.png', 0),
(3300, 975, 'product02.png', 0),
(3301, 976, 'product02.png', 0),
(3302, 977, 'product02.png', 0),
(3303, 978, 'product02.png', 0),
(3304, 979, 'product02.png', 0),
(3305, 980, 'product02.png', 0),
(3306, 981, 'product02.png', 0),
(3307, 982, 'product02.png', 0),
(3308, 983, 'product02.png', 0),
(3309, 984, 'product02.png', 0),
(3310, 985, 'product02.png', 0),
(3311, 986, 'product02.png', 0),
(3312, 994, 'product02.png', 0),
(3313, 996, 'product02.png', 0),
(3314, 997, 'product02.png', 0),
(3315, 1000, 'product02.png', 0),
(3316, 1001, 'product02.png', 0),
(3317, 1002, 'product02.png', 0),
(3318, 1003, 'product02.png', 0),
(3319, 1004, 'product02.png', 0),
(3320, 1007, 'product02.png', 0),
(3321, 1008, 'product02.png', 0),
(3322, 1009, 'product02.png', 0),
(3323, 1010, 'product02.png', 0),
(3324, 1011, 'product02.png', 0),
(3325, 1012, 'product02.png', 0),
(3326, 1013, 'product02.png', 0),
(3327, 1014, 'product02.png', 0),
(3328, 1015, 'product02.png', 0),
(3329, 1016, 'product02.png', 0),
(3330, 1017, 'product02.png', 0),
(3331, 1018, 'product02.png', 0),
(3332, 1019, 'product02.png', 0),
(3333, 1020, 'product02.png', 0),
(3334, 1021, 'product02.png', 0),
(3335, 1022, 'product02.png', 0),
(3336, 1023, 'product02.png', 0),
(3337, 1024, 'product02.png', 0),
(3338, 1025, 'product02.png', 0),
(3339, 1026, 'product02.png', 0),
(3340, 1027, 'product02.png', 0),
(3341, 1028, 'product02.png', 0),
(3342, 1029, 'product02.png', 0),
(3343, 1030, 'product02.png', 0),
(3344, 1031, 'product02.png', 0),
(3345, 1056, 'product02.png', 0),
(3346, 1059, 'product02.png', 0),
(3347, 1070, 'product02.png', 0),
(3348, 1071, 'product02.png', 0),
(3349, 1072, 'product02.png', 0),
(3350, 1073, 'product02.png', 0),
(3351, 1074, 'product02.png', 0),
(3352, 1075, 'product02.png', 0),
(3353, 1076, 'product02.png', 0),
(3354, 1077, 'product02.png', 0),
(3355, 1078, 'product02.png', 0),
(3356, 1079, 'product02.png', 0),
(3357, 1080, 'product02.png', 0),
(3358, 1081, 'product02.png', 0),
(3359, 1082, 'product02.png', 0),
(3360, 1083, 'product02.png', 0),
(3361, 1084, 'product02.png', 0),
(3362, 1085, 'product02.png', 0),
(3363, 1086, 'product02.png', 0),
(3364, 1090, 'product02.png', 0),
(3365, 1091, 'product02.png', 0),
(3366, 1092, 'product02.png', 0),
(3367, 1093, 'product02.png', 0),
(3368, 1094, 'product02.png', 0),
(3369, 1095, 'product02.png', 0),
(3370, 1096, 'product02.png', 0),
(3371, 1097, 'product02.png', 0),
(3372, 1098, 'product02.png', 0),
(3373, 1099, 'product02.png', 0),
(3374, 1100, 'product02.png', 0),
(3375, 1101, 'product02.png', 0),
(3376, 1102, 'product02.png', 0),
(3377, 1103, 'product02.png', 0),
(3378, 1104, 'product02.png', 0),
(3379, 1105, 'product02.png', 0),
(3380, 1106, 'product02.png', 0),
(3381, 1110, 'product02.png', 0),
(3382, 1111, 'product02.png', 0),
(3383, 1112, 'product02.png', 0),
(3384, 1113, 'product02.png', 0),
(3385, 1114, 'product02.png', 0),
(3386, 1116, 'product02.png', 0),
(3387, 1117, 'product02.png', 0),
(3388, 1118, 'product02.png', 0),
(3389, 1119, 'product02.png', 0),
(3390, 1120, 'product02.png', 0),
(3391, 1121, 'product02.png', 0),
(3392, 1122, 'product02.png', 0),
(3393, 1123, 'product02.png', 0),
(3394, 1124, 'product02.png', 0),
(3395, 1125, 'product02.png', 0),
(3396, 1126, 'product02.png', 0),
(3397, 1127, 'product02.png', 0),
(3398, 1128, 'product02.png', 0),
(3399, 1129, 'product02.png', 0),
(3400, 1130, 'product02.png', 0),
(3401, 1131, 'product02.png', 0),
(3402, 1132, 'product02.png', 0),
(3403, 1133, 'product02.png', 0),
(3404, 1134, 'product02.png', 0),
(3405, 1135, 'product02.png', 0),
(3406, 1136, 'product02.png', 0),
(3407, 1137, 'product02.png', 0),
(3408, 1142, 'product02.png', 0),
(3409, 1143, 'product02.png', 0),
(3410, 1144, 'product02.png', 0),
(3411, 1145, 'product02.png', 0),
(3412, 1146, 'product02.png', 0),
(3413, 1147, 'product02.png', 0),
(3414, 1148, 'product02.png', 0),
(3415, 1149, 'product02.png', 0),
(3416, 1150, 'product02.png', 0),
(3417, 1151, 'product02.png', 0),
(3418, 1152, 'product02.png', 0),
(3419, 1153, 'product02.png', 0),
(3420, 1154, 'product02.png', 0),
(3421, 1155, 'product02.png', 0),
(3422, 1156, 'product02.png', 0),
(3423, 1157, 'product02.png', 0),
(3424, 1158, 'product02.png', 0),
(3425, 1159, 'product02.png', 0),
(3426, 1160, 'product02.png', 0),
(3427, 1161, 'product02.png', 0),
(3428, 1162, 'product02.png', 0),
(3429, 1164, 'product02.png', 0),
(3430, 1165, 'product02.png', 0),
(3431, 1166, 'product02.png', 0),
(3432, 1169, 'product02.png', 0),
(3433, 1170, 'product02.png', 0),
(3434, 1171, 'product02.png', 0),
(3435, 1172, 'product02.png', 0),
(3436, 1173, 'product02.png', 0),
(3437, 1174, 'product02.png', 0),
(3438, 1175, 'product02.png', 0),
(3439, 1176, 'product02.png', 0),
(3440, 1177, 'product02.png', 0),
(3441, 1178, 'product02.png', 0),
(3442, 1179, 'product02.png', 0),
(3443, 1180, 'product02.png', 0),
(3444, 1181, 'product02.png', 0),
(3445, 1182, 'product02.png', 0),
(3446, 1183, 'product02.png', 0),
(3447, 1184, 'product02.png', 0),
(3448, 1185, 'product02.png', 0),
(3449, 1186, 'product02.png', 0),
(3450, 1187, 'product02.png', 0),
(3451, 1188, 'product02.png', 0),
(3452, 1189, 'product02.png', 0),
(3453, 1190, 'product02.png', 0),
(3454, 1191, 'product02.png', 0),
(3455, 1192, 'product02.png', 0),
(3456, 1194, 'product02.png', 0),
(3457, 1195, 'product02.png', 0),
(3458, 1196, 'product02.png', 0),
(3459, 1197, 'product02.png', 0),
(3460, 1198, 'product02.png', 0),
(3461, 1199, 'product02.png', 0),
(3462, 1200, 'product02.png', 0),
(3463, 1201, 'product02.png', 0),
(3464, 1202, 'product02.png', 0),
(3465, 1203, 'product02.png', 0),
(3466, 1205, 'product02.png', 0),
(3467, 1206, 'product02.png', 0),
(3468, 1207, 'product02.png', 0),
(3469, 1208, 'product02.png', 0),
(3470, 1209, 'product02.png', 0),
(3471, 1210, 'product02.png', 0),
(3472, 1213, 'product02.png', 0),
(3473, 1214, 'product02.png', 0),
(3474, 1215, 'product02.png', 0),
(3475, 1217, 'product02.png', 0),
(3476, 1219, 'product02.png', 0),
(3477, 1220, 'product02.png', 0),
(3478, 1228, 'product02.png', 0),
(3479, 1229, 'product02.png', 0),
(3480, 1230, 'product02.png', 0),
(3481, 1237, 'product02.png', 0),
(3482, 1238, 'product02.png', 0),
(3483, 1239, 'product02.png', 0),
(3484, 1240, 'product02.png', 0),
(3485, 1241, 'product02.png', 0),
(3486, 1242, 'product02.png', 0),
(3487, 1243, 'product02.png', 0),
(3488, 1244, 'product02.png', 0),
(3489, 1245, 'product02.png', 0),
(3490, 1246, 'product02.png', 0),
(3491, 1248, 'product02.png', 0),
(3492, 1249, 'product02.png', 0),
(3493, 1250, 'product02.png', 0),
(3494, 1251, 'product02.png', 0),
(3495, 1252, 'product02.png', 0),
(3496, 1253, 'product02.png', 0),
(3497, 1255, 'product02.png', 0),
(3498, 1256, 'product02.png', 0),
(3499, 1257, 'product02.png', 0),
(3500, 1258, 'product02.png', 0),
(3501, 1259, 'product02.png', 0),
(3502, 1260, 'product02.png', 0),
(3503, 1261, 'product02.png', 0),
(3504, 1262, 'product02.png', 0),
(3505, 1263, 'product02.png', 0),
(3506, 1264, 'product02.png', 0),
(3507, 1266, 'product02.png', 0),
(3508, 1268, 'product02.png', 0),
(3509, 1269, 'product02.png', 0),
(3510, 1270, 'product02.png', 0),
(3511, 1271, 'product02.png', 0),
(3512, 1272, 'product02.png', 0),
(3513, 1273, 'product02.png', 0),
(3514, 1274, 'product02.png', 0),
(3515, 1275, 'product02.png', 0),
(3516, 1276, 'product02.png', 0),
(3517, 1278, 'product02.png', 0),
(3518, 1287, 'product02.png', 0),
(3519, 1289, 'product02.png', 0),
(3520, 1290, 'product02.png', 0),
(3521, 1291, 'product02.png', 0),
(3522, 1292, 'product02.png', 0),
(3523, 1293, 'product02.png', 0),
(3524, 1294, 'product02.png', 0),
(3525, 1295, 'product02.png', 0),
(3526, 1296, 'product02.png', 0),
(3527, 1297, 'product02.png', 0),
(3528, 1298, 'product02.png', 0),
(3529, 1299, 'product02.png', 0),
(3530, 1300, 'product02.png', 0),
(3531, 1301, 'product02.png', 0),
(3532, 1302, 'product02.png', 0),
(3533, 1303, 'product02.png', 0),
(3534, 1304, 'product02.png', 0),
(3535, 1305, 'product02.png', 0),
(3536, 1306, 'product02.png', 0),
(3537, 1307, 'product02.png', 0),
(3538, 1308, 'product02.png', 0),
(3539, 1309, 'product02.png', 0),
(3540, 1310, 'product02.png', 0),
(3541, 1312, 'product02.png', 0),
(3542, 1313, 'product02.png', 0),
(3543, 1314, 'product02.png', 0),
(3544, 1315, 'product02.png', 0),
(3545, 1316, 'product02.png', 0),
(3546, 1317, 'product02.png', 0),
(3547, 1318, 'product02.png', 0),
(3548, 1319, 'product02.png', 0),
(3549, 1320, 'product02.png', 0),
(3550, 1321, 'product02.png', 0),
(3551, 1322, 'product02.png', 0),
(3552, 1323, 'product02.png', 0),
(3553, 1324, 'product02.png', 0),
(3554, 1325, 'product02.png', 0),
(3555, 1326, 'product02.png', 0),
(3556, 1327, 'product02.png', 0),
(3557, 1328, 'product02.png', 0),
(3558, 1329, 'product02.png', 0),
(3559, 1330, 'product02.png', 0),
(3560, 1341, 'product02.png', 0),
(3561, 1342, 'product02.png', 0),
(3562, 1343, 'product02.png', 0),
(3563, 1347, 'product02.png', 0),
(3564, 1348, 'product02.png', 0),
(3565, 1349, 'product02.png', 0),
(3566, 1350, 'product02.png', 0),
(3567, 1351, 'product02.png', 0),
(3568, 1352, 'product02.png', 0),
(3569, 1353, 'product02.png', 0),
(3570, 1354, 'product02.png', 0),
(3571, 1355, 'product02.png', 0),
(3572, 1360, 'product02.png', 0),
(3573, 1361, 'product02.png', 0),
(3574, 1362, 'product02.png', 0),
(3575, 1363, 'product02.png', 0),
(3576, 1364, 'product02.png', 0),
(3577, 1365, 'product02.png', 0),
(3578, 1366, 'product02.png', 0),
(3579, 1367, 'product02.png', 0),
(3580, 1368, 'product02.png', 0),
(3581, 1369, 'product02.png', 0),
(3582, 1370, 'product02.png', 0),
(3583, 1371, 'product02.png', 0),
(3584, 1372, 'product02.png', 0),
(3585, 1373, 'product02.png', 0),
(3586, 1374, 'product02.png', 0),
(3587, 1375, 'product02.png', 0),
(3588, 1376, 'product02.png', 0),
(3589, 1377, 'product02.png', 0),
(3590, 1378, 'product02.png', 0),
(3591, 1379, 'product02.png', 0),
(3592, 1380, 'product02.png', 0),
(3593, 1381, 'product02.png', 0),
(3594, 1382, 'product02.png', 0),
(3595, 1383, 'product02.png', 0),
(3596, 1384, 'product02.png', 0),
(3597, 1385, 'product02.png', 0),
(3598, 1402, 'product02.png', 0),
(3599, 11, 'product03.png', 0),
(3600, 12, 'product03.png', 0),
(3601, 13, 'product03.png', 0),
(3602, 14, 'product03.png', 0),
(3603, 15, 'product03.png', 0),
(3604, 16, 'product03.png', 0),
(3605, 17, 'product03.png', 0),
(3606, 18, 'product03.png', 0),
(3607, 19, 'product03.png', 0),
(3609, 23, 'product03.png', 0),
(3610, 24, 'product03.png', 0),
(3611, 25, 'product03.png', 0),
(3612, 26, 'product03.png', 0),
(3613, 27, 'product03.png', 0),
(3614, 28, 'product03.png', 0),
(3615, 29, 'product03.png', 0),
(3616, 30, 'product03.png', 0),
(3617, 31, 'product03.png', 0),
(3618, 32, 'product03.png', 0),
(3619, 33, 'product03.png', 0),
(3620, 34, 'product03.png', 0),
(3621, 35, 'product03.png', 0),
(3622, 36, 'product03.png', 0),
(3623, 37, 'product03.png', 0),
(3624, 38, 'product03.png', 0),
(3625, 39, 'product03.png', 0),
(3626, 40, 'product03.png', 0),
(3627, 41, 'product03.png', 0),
(3628, 42, 'product03.png', 0),
(3629, 43, 'product03.png', 0),
(3630, 44, 'product03.png', 0),
(3631, 45, 'product03.png', 0),
(3632, 46, 'product03.png', 0),
(3633, 47, 'product03.png', 0),
(3634, 48, 'product03.png', 0),
(3635, 49, 'product03.png', 0),
(3636, 50, 'product03.png', 0),
(3637, 51, 'product03.png', 0),
(3638, 52, 'product03.png', 0),
(3639, 53, 'product03.png', 0),
(3640, 54, 'product03.png', 0),
(3641, 55, 'product03.png', 0),
(3642, 56, 'product03.png', 0),
(3643, 57, 'product03.png', 0),
(3644, 58, 'product03.png', 0),
(3645, 59, 'product03.png', 0),
(3646, 60, 'product03.png', 0),
(3647, 62, 'product03.png', 0),
(3648, 63, 'product03.png', 0),
(3649, 64, 'product03.png', 0),
(3650, 65, 'product03.png', 0),
(3651, 66, 'product03.png', 0),
(3652, 67, 'product03.png', 0),
(3653, 68, 'product03.png', 0),
(3654, 69, 'product03.png', 0),
(3655, 70, 'product03.png', 0),
(3656, 71, 'product03.png', 0),
(3657, 72, 'product03.png', 0),
(3658, 73, 'product03.png', 0),
(3659, 74, 'product03.png', 0),
(3660, 75, 'product03.png', 0),
(3661, 76, 'product03.png', 0),
(3662, 77, 'product03.png', 0),
(3663, 78, 'product03.png', 0),
(3664, 79, 'product03.png', 0),
(3665, 80, 'product03.png', 0),
(3666, 81, 'product03.png', 0),
(3667, 82, 'product03.png', 0),
(3668, 83, 'product03.png', 0),
(3669, 84, 'product03.png', 0),
(3670, 85, 'product03.png', 0),
(3671, 86, 'product03.png', 0),
(3672, 87, 'product03.png', 0),
(3673, 88, 'product03.png', 0),
(3674, 89, 'product03.png', 0),
(3675, 90, 'product03.png', 0),
(3676, 91, 'product03.png', 0),
(3677, 92, 'product03.png', 0),
(3678, 93, 'product03.png', 0),
(3679, 94, 'product03.png', 0),
(3680, 95, 'product03.png', 0),
(3681, 96, 'product03.png', 0),
(3682, 97, 'product03.png', 0),
(3683, 98, 'product03.png', 0),
(3684, 99, 'product03.png', 0),
(3685, 100, 'product03.png', 0),
(3686, 101, 'product03.png', 0),
(3687, 102, 'product03.png', 0),
(3688, 103, 'product03.png', 0),
(3689, 104, 'product03.png', 0),
(3690, 105, 'product03.png', 0),
(3691, 106, 'product03.png', 0),
(3692, 107, 'product03.png', 0),
(3693, 108, 'product03.png', 0),
(3694, 109, 'product03.png', 0),
(3695, 110, 'product03.png', 0),
(3696, 111, 'product03.png', 0),
(3697, 112, 'product03.png', 0),
(3698, 113, 'product03.png', 0),
(3699, 114, 'product03.png', 0),
(3700, 115, 'product03.png', 0),
(3701, 116, 'product03.png', 0),
(3702, 117, 'product03.png', 0),
(3703, 118, 'product03.png', 0),
(3704, 119, 'product03.png', 0),
(3705, 120, 'product03.png', 0),
(3706, 121, 'product03.png', 0),
(3707, 122, 'product03.png', 0),
(3708, 123, 'product03.png', 0),
(3709, 124, 'product03.png', 0),
(3710, 125, 'product03.png', 0),
(3711, 126, 'product03.png', 0),
(3712, 127, 'product03.png', 0),
(3713, 128, 'product03.png', 0),
(3714, 129, 'product03.png', 0),
(3715, 130, 'product03.png', 0),
(3716, 131, 'product03.png', 0),
(3717, 132, 'product03.png', 0),
(3718, 133, 'product03.png', 0),
(3719, 134, 'product03.png', 0),
(3720, 135, 'product03.png', 0),
(3721, 136, 'product03.png', 0),
(3722, 137, 'product03.png', 0),
(3723, 138, 'product03.png', 0),
(3724, 139, 'product03.png', 0),
(3725, 140, 'product03.png', 0),
(3726, 141, 'product03.png', 0),
(3727, 142, 'product03.png', 0),
(3728, 143, 'product03.png', 0),
(3729, 144, 'product03.png', 0),
(3730, 145, 'product03.png', 0),
(3731, 146, 'product03.png', 0),
(3732, 147, 'product03.png', 0),
(3733, 148, 'product03.png', 0),
(3734, 149, 'product03.png', 0),
(3735, 150, 'product03.png', 0),
(3736, 151, 'product03.png', 0),
(3737, 152, 'product03.png', 0),
(3738, 153, 'product03.png', 0),
(3739, 154, 'product03.png', 0),
(3740, 155, 'product03.png', 0),
(3741, 156, 'product03.png', 0),
(3742, 157, 'product03.png', 0),
(3743, 158, 'product03.png', 0),
(3744, 159, 'product03.png', 0),
(3745, 160, 'product03.png', 0),
(3746, 161, 'product03.png', 0),
(3747, 162, 'product03.png', 0),
(3748, 163, 'product03.png', 0),
(3749, 164, 'product03.png', 0),
(3750, 165, 'product03.png', 0),
(3751, 167, 'product03.png', 0),
(3752, 168, 'product03.png', 0),
(3753, 169, 'product03.png', 0),
(3754, 170, 'product03.png', 0),
(3755, 171, 'product03.png', 0),
(3756, 172, 'product03.png', 0),
(3757, 173, 'product03.png', 0),
(3758, 174, 'product03.png', 0),
(3759, 175, 'product03.png', 0),
(3760, 176, 'product03.png', 0),
(3761, 178, 'product03.png', 0),
(3762, 179, 'product03.png', 0),
(3763, 180, 'product03.png', 0),
(3764, 181, 'product03.png', 0),
(3765, 182, 'product03.png', 0),
(3766, 183, 'product03.png', 0),
(3767, 184, 'product03.png', 0),
(3768, 185, 'product03.png', 0),
(3769, 186, 'product03.png', 0),
(3770, 187, 'product03.png', 0),
(3771, 188, 'product03.png', 0),
(3772, 189, 'product03.png', 0),
(3773, 190, 'product03.png', 0),
(3774, 191, 'product03.png', 0),
(3775, 192, 'product03.png', 0),
(3776, 193, 'product03.png', 0),
(3777, 194, 'product03.png', 0),
(3778, 195, 'product03.png', 0),
(3779, 196, 'product03.png', 0),
(3780, 197, 'product03.png', 0),
(3781, 198, 'product03.png', 0),
(3782, 199, 'product03.png', 0),
(3783, 200, 'product03.png', 0),
(3784, 201, 'product03.png', 0),
(3785, 202, 'product03.png', 0),
(3786, 203, 'product03.png', 0),
(3787, 204, 'product03.png', 0),
(3788, 205, 'product03.png', 0),
(3789, 206, 'product03.png', 0),
(3790, 207, 'product03.png', 0),
(3791, 208, 'product03.png', 0),
(3792, 209, 'product03.png', 0),
(3793, 210, 'product03.png', 0),
(3794, 211, 'product03.png', 0),
(3795, 212, 'product03.png', 0),
(3796, 213, 'product03.png', 0),
(3797, 214, 'product03.png', 0),
(3798, 215, 'product03.png', 0),
(3799, 216, 'product03.png', 0),
(3800, 217, 'product03.png', 0),
(3801, 218, 'product03.png', 0),
(3802, 219, 'product03.png', 0),
(3803, 220, 'product03.png', 0),
(3804, 221, 'product03.png', 0),
(3805, 222, 'product03.png', 0),
(3806, 223, 'product03.png', 0),
(3807, 224, 'product03.png', 0),
(3808, 225, 'product03.png', 0),
(3809, 226, 'product03.png', 0),
(3810, 227, 'product03.png', 0),
(3811, 228, 'product03.png', 0),
(3812, 229, 'product03.png', 0),
(3813, 230, 'product03.png', 0),
(3814, 231, 'product03.png', 0),
(3815, 232, 'product03.png', 0),
(3816, 233, 'product03.png', 0),
(3817, 234, 'product03.png', 0),
(3818, 235, 'product03.png', 0),
(3819, 236, 'product03.png', 0),
(3820, 237, 'product03.png', 0),
(3821, 238, 'product03.png', 0),
(3822, 239, 'product03.png', 0),
(3823, 240, 'product03.png', 0),
(3824, 241, 'product03.png', 0),
(3825, 242, 'product03.png', 0),
(3826, 243, 'product03.png', 0),
(3827, 244, 'product03.png', 0),
(3828, 245, 'product03.png', 0),
(3829, 246, 'product03.png', 0),
(3830, 247, 'product03.png', 0),
(3831, 248, 'product03.png', 0),
(3832, 249, 'product03.png', 0),
(3833, 250, 'product03.png', 0),
(3834, 251, 'product03.png', 0),
(3835, 252, 'product03.png', 0),
(3836, 253, 'product03.png', 0),
(3837, 254, 'product03.png', 0),
(3838, 255, 'product03.png', 0),
(3839, 256, 'product03.png', 0),
(3840, 257, 'product03.png', 0),
(3841, 258, 'product03.png', 0),
(3842, 259, 'product03.png', 0),
(3843, 260, 'product03.png', 0),
(3844, 261, 'product03.png', 0),
(3845, 262, 'product03.png', 0),
(3846, 263, 'product03.png', 0),
(3847, 264, 'product03.png', 0),
(3848, 265, 'product03.png', 0),
(3849, 266, 'product03.png', 0),
(3850, 267, 'product03.png', 0),
(3851, 268, 'product03.png', 0),
(3852, 269, 'product03.png', 0),
(3853, 270, 'product03.png', 0),
(3854, 271, 'product03.png', 0),
(3855, 272, 'product03.png', 0),
(3856, 273, 'product03.png', 0),
(3857, 274, 'product03.png', 0),
(3858, 275, 'product03.png', 0),
(3859, 276, 'product03.png', 0),
(3860, 277, 'product03.png', 0),
(3861, 278, 'product03.png', 0),
(3862, 279, 'product03.png', 0),
(3863, 280, 'product03.png', 0),
(3864, 281, 'product03.png', 0),
(3865, 282, 'product03.png', 0),
(3866, 283, 'product03.png', 0),
(3867, 284, 'product03.png', 0),
(3868, 285, 'product03.png', 0),
(3869, 286, 'product03.png', 0),
(3870, 287, 'product03.png', 0),
(3871, 288, 'product03.png', 0),
(3872, 289, 'product03.png', 0),
(3873, 290, 'product03.png', 0),
(3874, 291, 'product03.png', 0),
(3875, 292, 'product03.png', 0),
(3876, 293, 'product03.png', 0),
(3877, 294, 'product03.png', 0),
(3878, 295, 'product03.png', 0),
(3879, 296, 'product03.png', 0),
(3880, 297, 'product03.png', 0),
(3881, 298, 'product03.png', 0),
(3882, 299, 'product03.png', 0),
(3883, 300, 'product03.png', 0),
(3884, 301, 'product03.png', 0),
(3885, 302, 'product03.png', 0),
(3886, 303, 'product03.png', 0),
(3887, 304, 'product03.png', 0),
(3888, 305, 'product03.png', 0),
(3889, 306, 'product03.png', 0),
(3890, 307, 'product03.png', 0),
(3891, 308, 'product03.png', 0),
(3892, 309, 'product03.png', 0),
(3893, 310, 'product03.png', 0),
(3894, 311, 'product03.png', 0),
(3895, 312, 'product03.png', 0),
(3896, 313, 'product03.png', 0),
(3897, 314, 'product03.png', 0),
(3898, 315, 'product03.png', 0),
(3899, 316, 'product03.png', 0),
(3900, 317, 'product03.png', 0),
(3901, 318, 'product03.png', 0),
(3902, 319, 'product03.png', 0),
(3903, 320, 'product03.png', 0),
(3904, 321, 'product03.png', 0),
(3905, 322, 'product03.png', 0),
(3906, 323, 'product03.png', 0),
(3907, 324, 'product03.png', 0),
(3908, 325, 'product03.png', 0),
(3909, 326, 'product03.png', 0),
(3910, 327, 'product03.png', 0),
(3911, 328, 'product03.png', 0),
(3912, 329, 'product03.png', 0),
(3913, 330, 'product03.png', 0),
(3914, 331, 'product03.png', 0),
(3915, 332, 'product03.png', 0),
(3916, 333, 'product03.png', 0),
(3917, 334, 'product03.png', 0),
(3918, 335, 'product03.png', 0),
(3919, 336, 'product03.png', 0),
(3920, 337, 'product03.png', 0),
(3921, 338, 'product03.png', 0),
(3922, 339, 'product03.png', 0),
(3923, 340, 'product03.png', 0),
(3924, 341, 'product03.png', 0),
(3925, 342, 'product03.png', 0),
(3926, 343, 'product03.png', 0),
(3927, 344, 'product03.png', 0),
(3928, 345, 'product03.png', 0),
(3929, 346, 'product03.png', 0),
(3930, 347, 'product03.png', 0),
(3931, 348, 'product03.png', 0),
(3932, 349, 'product03.png', 0),
(3933, 350, 'product03.png', 0),
(3934, 351, 'product03.png', 0),
(3935, 352, 'product03.png', 0),
(3936, 353, 'product03.png', 0),
(3937, 354, 'product03.png', 0),
(3938, 355, 'product03.png', 0),
(3939, 356, 'product03.png', 0),
(3940, 357, 'product03.png', 0),
(3941, 358, 'product03.png', 0),
(3942, 359, 'product03.png', 0),
(3943, 360, 'product03.png', 0),
(3944, 361, 'product03.png', 0),
(3945, 362, 'product03.png', 0),
(3946, 363, 'product03.png', 0),
(3947, 364, 'product03.png', 0),
(3948, 365, 'product03.png', 0),
(3949, 366, 'product03.png', 0),
(3950, 367, 'product03.png', 0),
(3951, 368, 'product03.png', 0),
(3952, 369, 'product03.png', 0),
(3953, 370, 'product03.png', 0),
(3954, 371, 'product03.png', 0),
(3955, 372, 'product03.png', 0),
(3956, 373, 'product03.png', 0),
(3957, 374, 'product03.png', 0),
(3958, 375, 'product03.png', 0),
(3959, 376, 'product03.png', 0),
(3960, 377, 'product03.png', 0),
(3961, 378, 'product03.png', 0),
(3962, 379, 'product03.png', 0),
(3963, 380, 'product03.png', 0),
(3964, 381, 'product03.png', 0),
(3965, 382, 'product03.png', 0),
(3966, 383, 'product03.png', 0),
(3967, 384, 'product03.png', 0),
(3968, 385, 'product03.png', 0),
(3969, 386, 'product03.png', 0),
(3970, 387, 'product03.png', 0),
(3971, 388, 'product03.png', 0),
(3972, 389, 'product03.png', 0),
(3973, 390, 'product03.png', 0),
(3974, 391, 'product03.png', 0),
(3975, 392, 'product03.png', 0),
(3976, 393, 'product03.png', 0),
(3977, 394, 'product03.png', 0),
(3978, 395, 'product03.png', 0),
(3979, 396, 'product03.png', 0),
(3980, 397, 'product03.png', 0),
(3981, 398, 'product03.png', 0),
(3982, 399, 'product03.png', 0),
(3983, 400, 'product03.png', 0),
(3984, 401, 'product03.png', 0),
(3985, 402, 'product03.png', 0),
(3986, 403, 'product03.png', 0),
(3987, 404, 'product03.png', 0),
(3988, 405, 'product03.png', 0),
(3989, 406, 'product03.png', 0),
(3990, 407, 'product03.png', 0),
(3991, 408, 'product03.png', 0),
(3992, 409, 'product03.png', 0),
(3993, 410, 'product03.png', 0),
(3994, 411, 'product03.png', 0),
(3995, 412, 'product03.png', 0),
(3996, 413, 'product03.png', 0),
(3997, 414, 'product03.png', 0),
(3998, 415, 'product03.png', 0),
(3999, 416, 'product03.png', 0),
(4000, 417, 'product03.png', 0),
(4001, 418, 'product03.png', 0),
(4002, 419, 'product03.png', 0),
(4003, 420, 'product03.png', 0),
(4004, 421, 'product03.png', 0),
(4005, 422, 'product03.png', 0),
(4006, 423, 'product03.png', 0),
(4007, 424, 'product03.png', 0),
(4008, 425, 'product03.png', 0),
(4009, 426, 'product03.png', 0),
(4010, 427, 'product03.png', 0),
(4011, 428, 'product03.png', 0),
(4012, 429, 'product03.png', 0),
(4013, 430, 'product03.png', 0),
(4014, 431, 'product03.png', 0),
(4015, 432, 'product03.png', 0),
(4016, 433, 'product03.png', 0),
(4017, 435, 'product03.png', 0),
(4018, 436, 'product03.png', 0),
(4019, 437, 'product03.png', 0),
(4020, 438, 'product03.png', 0),
(4021, 439, 'product03.png', 0),
(4022, 440, 'product03.png', 0),
(4023, 441, 'product03.png', 0),
(4024, 442, 'product03.png', 0),
(4025, 443, 'product03.png', 0),
(4026, 444, 'product03.png', 0),
(4027, 445, 'product03.png', 0),
(4028, 446, 'product03.png', 0),
(4029, 447, 'product03.png', 0),
(4030, 448, 'product03.png', 0),
(4031, 449, 'product03.png', 0),
(4032, 450, 'product03.png', 0),
(4033, 451, 'product03.png', 0),
(4034, 452, 'product03.png', 0),
(4035, 453, 'product03.png', 0),
(4036, 454, 'product03.png', 0),
(4037, 455, 'product03.png', 0),
(4038, 456, 'product03.png', 0),
(4039, 457, 'product03.png', 0),
(4040, 458, 'product03.png', 0),
(4041, 459, 'product03.png', 0),
(4042, 460, 'product03.png', 0),
(4043, 461, 'product03.png', 0),
(4044, 463, 'product03.png', 0),
(4045, 464, 'product03.png', 0),
(4046, 465, 'product03.png', 0),
(4047, 466, 'product03.png', 0),
(4048, 467, 'product03.png', 0),
(4049, 468, 'product03.png', 0),
(4050, 469, 'product03.png', 0),
(4051, 470, 'product03.png', 0),
(4052, 471, 'product03.png', 0),
(4053, 472, 'product03.png', 0),
(4054, 473, 'product03.png', 0),
(4055, 474, 'product03.png', 0),
(4056, 475, 'product03.png', 0),
(4057, 477, 'product03.png', 0),
(4058, 478, 'product03.png', 0),
(4059, 479, 'product03.png', 0),
(4060, 480, 'product03.png', 0),
(4061, 481, 'product03.png', 0),
(4062, 482, 'product03.png', 0),
(4063, 483, 'product03.png', 0),
(4064, 484, 'product03.png', 0),
(4065, 485, 'product03.png', 0),
(4066, 486, 'product03.png', 0),
(4067, 487, 'product03.png', 0),
(4068, 488, 'product03.png', 0),
(4069, 489, 'product03.png', 0),
(4070, 490, 'product03.png', 0),
(4071, 491, 'product03.png', 0),
(4072, 492, 'product03.png', 0),
(4073, 493, 'product03.png', 0),
(4074, 494, 'product03.png', 0),
(4075, 495, 'product03.png', 0),
(4076, 496, 'product03.png', 0),
(4077, 497, 'product03.png', 0),
(4078, 499, 'product03.png', 0),
(4079, 500, 'product03.png', 0),
(4080, 501, 'product03.png', 0),
(4081, 502, 'product03.png', 0),
(4082, 503, 'product03.png', 0),
(4083, 505, 'product03.png', 0),
(4084, 512, 'product03.png', 0),
(4085, 513, 'product03.png', 0),
(4086, 514, 'product03.png', 0),
(4087, 515, 'product03.png', 0),
(4088, 516, 'product03.png', 0),
(4089, 517, 'product03.png', 0),
(4090, 518, 'product03.png', 0),
(4091, 519, 'product03.png', 0),
(4092, 521, 'product03.png', 0),
(4093, 522, 'product03.png', 0),
(4094, 523, 'product03.png', 0),
(4095, 524, 'product03.png', 0),
(4096, 526, 'product03.png', 0),
(4097, 527, 'product03.png', 0),
(4098, 528, 'product03.png', 0),
(4099, 529, 'product03.png', 0),
(4100, 530, 'product03.png', 0),
(4101, 532, 'product03.png', 0),
(4102, 533, 'product03.png', 0),
(4103, 535, 'product03.png', 0),
(4104, 536, 'product03.png', 0),
(4105, 537, 'product03.png', 0),
(4106, 538, 'product03.png', 0),
(4107, 539, 'product03.png', 0),
(4108, 542, 'product03.png', 0),
(4109, 543, 'product03.png', 0),
(4110, 544, 'product03.png', 0),
(4111, 545, 'product03.png', 0),
(4112, 546, 'product03.png', 0),
(4113, 547, 'product03.png', 0),
(4114, 549, 'product03.png', 0),
(4115, 550, 'product03.png', 0),
(4116, 551, 'product03.png', 0),
(4117, 552, 'product03.png', 0),
(4118, 553, 'product03.png', 0),
(4119, 554, 'product03.png', 0),
(4120, 555, 'product03.png', 0),
(4121, 556, 'product03.png', 0),
(4122, 558, 'product03.png', 0),
(4123, 559, 'product03.png', 0),
(4124, 561, 'product03.png', 0),
(4125, 562, 'product03.png', 0),
(4126, 563, 'product03.png', 0),
(4127, 564, 'product03.png', 0),
(4128, 565, 'product03.png', 0),
(4129, 566, 'product03.png', 0),
(4130, 571, 'product03.png', 0),
(4131, 572, 'product03.png', 0),
(4132, 573, 'product03.png', 0),
(4133, 574, 'product03.png', 0),
(4134, 575, 'product03.png', 0),
(4135, 576, 'product03.png', 0),
(4136, 577, 'product03.png', 0),
(4137, 578, 'product03.png', 0),
(4138, 579, 'product03.png', 0),
(4139, 580, 'product03.png', 0),
(4140, 581, 'product03.png', 0),
(4141, 582, 'product03.png', 0),
(4142, 583, 'product03.png', 0),
(4143, 584, 'product03.png', 0),
(4144, 585, 'product03.png', 0),
(4145, 586, 'product03.png', 0),
(4146, 587, 'product03.png', 0),
(4147, 588, 'product03.png', 0),
(4148, 589, 'product03.png', 0),
(4149, 590, 'product03.png', 0),
(4150, 591, 'product03.png', 0),
(4151, 592, 'product03.png', 0),
(4152, 593, 'product03.png', 0),
(4153, 594, 'product03.png', 0),
(4154, 596, 'product03.png', 0),
(4155, 597, 'product03.png', 0),
(4156, 598, 'product03.png', 0),
(4157, 599, 'product03.png', 0),
(4158, 600, 'product03.png', 0),
(4159, 601, 'product03.png', 0),
(4160, 602, 'product03.png', 0),
(4161, 603, 'product03.png', 0),
(4162, 604, 'product03.png', 0),
(4163, 605, 'product03.png', 0),
(4164, 606, 'product03.png', 0),
(4165, 607, 'product03.png', 0),
(4166, 608, 'product03.png', 0),
(4167, 609, 'product03.png', 0),
(4168, 610, 'product03.png', 0),
(4169, 611, 'product03.png', 0),
(4170, 612, 'product03.png', 0),
(4171, 613, 'product03.png', 0),
(4172, 614, 'product03.png', 0),
(4173, 615, 'product03.png', 0),
(4174, 616, 'product03.png', 0),
(4175, 618, 'product03.png', 0),
(4176, 619, 'product03.png', 0),
(4177, 620, 'product03.png', 0),
(4178, 621, 'product03.png', 0),
(4179, 622, 'product03.png', 0),
(4180, 623, 'product03.png', 0),
(4181, 624, 'product03.png', 0),
(4182, 625, 'product03.png', 0),
(4183, 626, 'product03.png', 0),
(4184, 627, 'product03.png', 0),
(4185, 628, 'product03.png', 0),
(4186, 629, 'product03.png', 0),
(4187, 630, 'product03.png', 0),
(4188, 631, 'product03.png', 0),
(4189, 632, 'product03.png', 0),
(4190, 633, 'product03.png', 0),
(4191, 634, 'product03.png', 0),
(4192, 635, 'product03.png', 0),
(4193, 636, 'product03.png', 0),
(4194, 637, 'product03.png', 0),
(4195, 638, 'product03.png', 0),
(4196, 639, 'product03.png', 0),
(4197, 640, 'product03.png', 0),
(4198, 641, 'product03.png', 0),
(4199, 642, 'product03.png', 0),
(4200, 643, 'product03.png', 0),
(4201, 644, 'product03.png', 0),
(4202, 645, 'product03.png', 0),
(4203, 646, 'product03.png', 0),
(4204, 647, 'product03.png', 0),
(4205, 648, 'product03.png', 0),
(4206, 649, 'product03.png', 0),
(4207, 650, 'product03.png', 0),
(4208, 651, 'product03.png', 0),
(4209, 652, 'product03.png', 0),
(4210, 653, 'product03.png', 0),
(4211, 654, 'product03.png', 0),
(4212, 655, 'product03.png', 0),
(4213, 656, 'product03.png', 0),
(4214, 657, 'product03.png', 0),
(4215, 658, 'product03.png', 0),
(4216, 659, 'product03.png', 0),
(4217, 660, 'product03.png', 0),
(4218, 661, 'product03.png', 0),
(4219, 662, 'product03.png', 0),
(4220, 663, 'product03.png', 0),
(4221, 664, 'product03.png', 0),
(4222, 665, 'product03.png', 0),
(4223, 668, 'product03.png', 0),
(4224, 677, 'product03.png', 0),
(4225, 678, 'product03.png', 0),
(4226, 679, 'product03.png', 0),
(4227, 680, 'product03.png', 0),
(4228, 681, 'product03.png', 0),
(4229, 682, 'product03.png', 0),
(4230, 683, 'product03.png', 0),
(4231, 684, 'product03.png', 0),
(4232, 685, 'product03.png', 0),
(4233, 686, 'product03.png', 0),
(4234, 687, 'product03.png', 0),
(4235, 688, 'product03.png', 0),
(4236, 689, 'product03.png', 0),
(4237, 690, 'product03.png', 0),
(4238, 691, 'product03.png', 0),
(4239, 692, 'product03.png', 0),
(4240, 693, 'product03.png', 0),
(4241, 694, 'product03.png', 0),
(4242, 695, 'product03.png', 0),
(4243, 696, 'product03.png', 0),
(4244, 697, 'product03.png', 0),
(4245, 698, 'product03.png', 0),
(4246, 699, 'product03.png', 0),
(4247, 700, 'product03.png', 0),
(4248, 701, 'product03.png', 0),
(4249, 702, 'product03.png', 0),
(4250, 703, 'product03.png', 0),
(4251, 704, 'product03.png', 0),
(4252, 705, 'product03.png', 0),
(4253, 706, 'product03.png', 0),
(4254, 707, 'product03.png', 0),
(4255, 708, 'product03.png', 0),
(4256, 709, 'product03.png', 0),
(4257, 710, 'product03.png', 0),
(4258, 711, 'product03.png', 0),
(4259, 712, 'product03.png', 0),
(4260, 713, 'product03.png', 0),
(4261, 714, 'product03.png', 0),
(4262, 715, 'product03.png', 0),
(4263, 716, 'product03.png', 0),
(4264, 717, 'product03.png', 0),
(4265, 718, 'product03.png', 0),
(4266, 719, 'product03.png', 0),
(4267, 720, 'product03.png', 0),
(4268, 721, 'product03.png', 0),
(4269, 722, 'product03.png', 0),
(4270, 723, 'product03.png', 0),
(4271, 724, 'product03.png', 0),
(4272, 725, 'product03.png', 0),
(4273, 726, 'product03.png', 0),
(4274, 727, 'product03.png', 0),
(4275, 728, 'product03.png', 0),
(4276, 729, 'product03.png', 0),
(4277, 730, 'product03.png', 0),
(4278, 731, 'product03.png', 0),
(4279, 732, 'product03.png', 0),
(4280, 743, 'product03.png', 0),
(4281, 744, 'product03.png', 0),
(4282, 745, 'product03.png', 0),
(4283, 746, 'product03.png', 0),
(4284, 747, 'product03.png', 0),
(4285, 748, 'product03.png', 0),
(4286, 749, 'product03.png', 0),
(4287, 750, 'product03.png', 0),
(4288, 751, 'product03.png', 0),
(4289, 752, 'product03.png', 0),
(4290, 753, 'product03.png', 0),
(4291, 754, 'product03.png', 0),
(4292, 755, 'product03.png', 0),
(4293, 756, 'product03.png', 0),
(4294, 757, 'product03.png', 0),
(4295, 758, 'product03.png', 0),
(4296, 759, 'product03.png', 0),
(4297, 760, 'product03.png', 0),
(4298, 763, 'product03.png', 0),
(4299, 764, 'product03.png', 0),
(4300, 765, 'product03.png', 0),
(4301, 766, 'product03.png', 0),
(4302, 768, 'product03.png', 0),
(4303, 769, 'product03.png', 0),
(4304, 771, 'product03.png', 0),
(4305, 774, 'product03.png', 0),
(4306, 777, 'product03.png', 0),
(4307, 778, 'product03.png', 0),
(4308, 780, 'product03.png', 0),
(4309, 790, 'product03.png', 0),
(4310, 791, 'product03.png', 0),
(4311, 792, 'product03.png', 0),
(4312, 793, 'product03.png', 0),
(4313, 794, 'product03.png', 0),
(4314, 795, 'product03.png', 0),
(4315, 796, 'product03.png', 0),
(4316, 797, 'product03.png', 0),
(4317, 798, 'product03.png', 0),
(4318, 799, 'product03.png', 0),
(4319, 800, 'product03.png', 0),
(4320, 801, 'product03.png', 0),
(4321, 802, 'product03.png', 0),
(4322, 803, 'product03.png', 0),
(4323, 804, 'product03.png', 0),
(4324, 805, 'product03.png', 0),
(4325, 806, 'product03.png', 0),
(4326, 807, 'product03.png', 0),
(4327, 808, 'product03.png', 0),
(4328, 809, 'product03.png', 0),
(4329, 810, 'product03.png', 0),
(4330, 811, 'product03.png', 0),
(4331, 812, 'product03.png', 0),
(4332, 813, 'product03.png', 0),
(4333, 814, 'product03.png', 0),
(4334, 815, 'product03.png', 0),
(4335, 816, 'product03.png', 0),
(4336, 817, 'product03.png', 0),
(4337, 818, 'product03.png', 0),
(4338, 819, 'product03.png', 0),
(4339, 821, 'product03.png', 0),
(4340, 822, 'product03.png', 0),
(4341, 823, 'product03.png', 0),
(4342, 824, 'product03.png', 0),
(4343, 825, 'product03.png', 0),
(4344, 826, 'product03.png', 0),
(4345, 827, 'product03.png', 0),
(4346, 828, 'product03.png', 0),
(4347, 829, 'product03.png', 0),
(4348, 830, 'product03.png', 0),
(4349, 831, 'product03.png', 0),
(4350, 832, 'product03.png', 0),
(4351, 833, 'product03.png', 0),
(4352, 834, 'product03.png', 0),
(4353, 835, 'product03.png', 0),
(4354, 836, 'product03.png', 0),
(4355, 837, 'product03.png', 0),
(4356, 838, 'product03.png', 0),
(4357, 839, 'product03.png', 0),
(4358, 840, 'product03.png', 0),
(4359, 841, 'product03.png', 0),
(4360, 842, 'product03.png', 0),
(4361, 843, 'product03.png', 0),
(4362, 844, 'product03.png', 0),
(4363, 845, 'product03.png', 0),
(4364, 846, 'product03.png', 0),
(4365, 847, 'product03.png', 0),
(4366, 848, 'product03.png', 0),
(4367, 849, 'product03.png', 0),
(4368, 850, 'product03.png', 0),
(4369, 851, 'product03.png', 0),
(4370, 852, 'product03.png', 0),
(4371, 853, 'product03.png', 0),
(4372, 854, 'product03.png', 0),
(4373, 855, 'product03.png', 0),
(4374, 856, 'product03.png', 0),
(4375, 857, 'product03.png', 0),
(4376, 858, 'product03.png', 0),
(4377, 859, 'product03.png', 0),
(4378, 860, 'product03.png', 0),
(4379, 861, 'product03.png', 0),
(4380, 862, 'product03.png', 0),
(4381, 864, 'product03.png', 0),
(4382, 865, 'product03.png', 0),
(4383, 867, 'product03.png', 0),
(4384, 868, 'product03.png', 0),
(4385, 869, 'product03.png', 0),
(4386, 870, 'product03.png', 0),
(4387, 871, 'product03.png', 0),
(4388, 872, 'product03.png', 0),
(4389, 873, 'product03.png', 0),
(4390, 874, 'product03.png', 0),
(4391, 875, 'product03.png', 0),
(4392, 876, 'product03.png', 0),
(4393, 877, 'product03.png', 0),
(4394, 878, 'product03.png', 0),
(4395, 879, 'product03.png', 0),
(4396, 880, 'product03.png', 0),
(4397, 881, 'product03.png', 0),
(4398, 882, 'product03.png', 0),
(4399, 883, 'product03.png', 0),
(4400, 884, 'product03.png', 0),
(4401, 885, 'product03.png', 0),
(4402, 886, 'product03.png', 0),
(4403, 887, 'product03.png', 0),
(4404, 888, 'product03.png', 0),
(4405, 889, 'product03.png', 0),
(4406, 890, 'product03.png', 0),
(4407, 891, 'product03.png', 0),
(4408, 892, 'product03.png', 0),
(4409, 893, 'product03.png', 0),
(4410, 894, 'product03.png', 0),
(4411, 895, 'product03.png', 0),
(4412, 896, 'product03.png', 0),
(4413, 897, 'product03.png', 0),
(4414, 898, 'product03.png', 0),
(4415, 899, 'product03.png', 0),
(4416, 900, 'product03.png', 0),
(4417, 901, 'product03.png', 0),
(4418, 902, 'product03.png', 0),
(4419, 903, 'product03.png', 0),
(4420, 904, 'product03.png', 0),
(4421, 905, 'product03.png', 0),
(4422, 906, 'product03.png', 0),
(4423, 907, 'product03.png', 0),
(4424, 908, 'product03.png', 0),
(4425, 909, 'product03.png', 0),
(4426, 910, 'product03.png', 0),
(4427, 911, 'product03.png', 0),
(4428, 912, 'product03.png', 0),
(4429, 913, 'product03.png', 0),
(4430, 914, 'product03.png', 0),
(4431, 916, 'product03.png', 0),
(4432, 917, 'product03.png', 0),
(4433, 918, 'product03.png', 0),
(4434, 919, 'product03.png', 0),
(4435, 920, 'product03.png', 0),
(4436, 921, 'product03.png', 0),
(4437, 922, 'product03.png', 0),
(4438, 923, 'product03.png', 0),
(4439, 924, 'product03.png', 0),
(4440, 925, 'product03.png', 0),
(4441, 926, 'product03.png', 0),
(4442, 927, 'product03.png', 0),
(4443, 928, 'product03.png', 0),
(4444, 929, 'product03.png', 0),
(4445, 930, 'product03.png', 0),
(4446, 931, 'product03.png', 0),
(4447, 932, 'product03.png', 0),
(4448, 933, 'product03.png', 0),
(4449, 934, 'product03.png', 0),
(4450, 935, 'product03.png', 0),
(4451, 936, 'product03.png', 0),
(4452, 937, 'product03.png', 0),
(4453, 938, 'product03.png', 0),
(4454, 939, 'product03.png', 0),
(4455, 940, 'product03.png', 0),
(4456, 941, 'product03.png', 0),
(4457, 942, 'product03.png', 0),
(4458, 943, 'product03.png', 0),
(4459, 944, 'product03.png', 0),
(4460, 945, 'product03.png', 0),
(4461, 946, 'product03.png', 0),
(4462, 947, 'product03.png', 0),
(4463, 948, 'product03.png', 0),
(4464, 949, 'product03.png', 0),
(4465, 950, 'product03.png', 0),
(4466, 951, 'product03.png', 0),
(4467, 952, 'product03.png', 0),
(4468, 953, 'product03.png', 0),
(4469, 954, 'product03.png', 0),
(4470, 960, 'product03.png', 0),
(4471, 961, 'product03.png', 0),
(4472, 962, 'product03.png', 0),
(4473, 963, 'product03.png', 0),
(4474, 964, 'product03.png', 0),
(4475, 965, 'product03.png', 0),
(4476, 966, 'product03.png', 0),
(4477, 967, 'product03.png', 0),
(4478, 968, 'product03.png', 0),
(4479, 969, 'product03.png', 0),
(4480, 970, 'product03.png', 0),
(4481, 971, 'product03.png', 0),
(4482, 972, 'product03.png', 0),
(4483, 973, 'product03.png', 0),
(4484, 974, 'product03.png', 0),
(4485, 975, 'product03.png', 0),
(4486, 976, 'product03.png', 0),
(4487, 977, 'product03.png', 0),
(4488, 978, 'product03.png', 0),
(4489, 979, 'product03.png', 0),
(4490, 980, 'product03.png', 0),
(4491, 981, 'product03.png', 0),
(4492, 982, 'product03.png', 0),
(4493, 983, 'product03.png', 0),
(4494, 984, 'product03.png', 0),
(4495, 985, 'product03.png', 0),
(4496, 986, 'product03.png', 0),
(4497, 994, 'product03.png', 0),
(4498, 996, 'product03.png', 0),
(4499, 997, 'product03.png', 0),
(4500, 1000, 'product03.png', 0),
(4501, 1001, 'product03.png', 0),
(4502, 1002, 'product03.png', 0),
(4503, 1003, 'product03.png', 0),
(4504, 1004, 'product03.png', 0),
(4505, 1007, 'product03.png', 0),
(4506, 1008, 'product03.png', 0),
(4507, 1009, 'product03.png', 0),
(4508, 1010, 'product03.png', 0),
(4509, 1011, 'product03.png', 0),
(4510, 1012, 'product03.png', 0),
(4511, 1013, 'product03.png', 0),
(4512, 1014, 'product03.png', 0),
(4513, 1015, 'product03.png', 0),
(4514, 1016, 'product03.png', 0),
(4515, 1017, 'product03.png', 0),
(4516, 1018, 'product03.png', 0),
(4517, 1019, 'product03.png', 0),
(4518, 1020, 'product03.png', 0),
(4519, 1021, 'product03.png', 0),
(4520, 1022, 'product03.png', 0),
(4521, 1023, 'product03.png', 0),
(4522, 1024, 'product03.png', 0),
(4523, 1025, 'product03.png', 0),
(4524, 1026, 'product03.png', 0),
(4525, 1027, 'product03.png', 0),
(4526, 1028, 'product03.png', 0),
(4527, 1029, 'product03.png', 0),
(4528, 1030, 'product03.png', 0),
(4529, 1031, 'product03.png', 0),
(4530, 1056, 'product03.png', 0),
(4531, 1059, 'product03.png', 0),
(4532, 1070, 'product03.png', 0),
(4533, 1071, 'product03.png', 0),
(4534, 1072, 'product03.png', 0),
(4535, 1073, 'product03.png', 0),
(4536, 1074, 'product03.png', 0),
(4537, 1075, 'product03.png', 0),
(4538, 1076, 'product03.png', 0),
(4539, 1077, 'product03.png', 0),
(4540, 1078, 'product03.png', 0),
(4541, 1079, 'product03.png', 0),
(4542, 1080, 'product03.png', 0),
(4543, 1081, 'product03.png', 0),
(4544, 1082, 'product03.png', 0),
(4545, 1083, 'product03.png', 0),
(4546, 1084, 'product03.png', 0),
(4547, 1085, 'product03.png', 0),
(4548, 1086, 'product03.png', 0),
(4549, 1090, 'product03.png', 0),
(4550, 1091, 'product03.png', 0),
(4551, 1092, 'product03.png', 0),
(4552, 1093, 'product03.png', 0),
(4553, 1094, 'product03.png', 0),
(4554, 1095, 'product03.png', 0),
(4555, 1096, 'product03.png', 0),
(4556, 1097, 'product03.png', 0),
(4557, 1098, 'product03.png', 0),
(4558, 1099, 'product03.png', 0),
(4559, 1100, 'product03.png', 0),
(4560, 1101, 'product03.png', 0),
(4561, 1102, 'product03.png', 0),
(4562, 1103, 'product03.png', 0),
(4563, 1104, 'product03.png', 0),
(4564, 1105, 'product03.png', 0),
(4565, 1106, 'product03.png', 0),
(4566, 1110, 'product03.png', 0),
(4567, 1111, 'product03.png', 0),
(4568, 1112, 'product03.png', 0),
(4569, 1113, 'product03.png', 0),
(4570, 1114, 'product03.png', 0),
(4571, 1116, 'product03.png', 0),
(4572, 1117, 'product03.png', 0),
(4573, 1118, 'product03.png', 0),
(4574, 1119, 'product03.png', 0),
(4575, 1120, 'product03.png', 0),
(4576, 1121, 'product03.png', 0),
(4577, 1122, 'product03.png', 0),
(4578, 1123, 'product03.png', 0),
(4579, 1124, 'product03.png', 0),
(4580, 1125, 'product03.png', 0),
(4581, 1126, 'product03.png', 0),
(4582, 1127, 'product03.png', 0),
(4583, 1128, 'product03.png', 0),
(4584, 1129, 'product03.png', 0),
(4585, 1130, 'product03.png', 0),
(4586, 1131, 'product03.png', 0),
(4587, 1132, 'product03.png', 0),
(4588, 1133, 'product03.png', 0),
(4589, 1134, 'product03.png', 0),
(4590, 1135, 'product03.png', 0),
(4591, 1136, 'product03.png', 0),
(4592, 1137, 'product03.png', 0),
(4593, 1142, 'product03.png', 0),
(4594, 1143, 'product03.png', 0),
(4595, 1144, 'product03.png', 0),
(4596, 1145, 'product03.png', 0),
(4597, 1146, 'product03.png', 0),
(4598, 1147, 'product03.png', 0),
(4599, 1148, 'product03.png', 0),
(4600, 1149, 'product03.png', 0),
(4601, 1150, 'product03.png', 0),
(4602, 1151, 'product03.png', 0),
(4603, 1152, 'product03.png', 0),
(4604, 1153, 'product03.png', 0),
(4605, 1154, 'product03.png', 0),
(4606, 1155, 'product03.png', 0),
(4607, 1156, 'product03.png', 0),
(4608, 1157, 'product03.png', 0),
(4609, 1158, 'product03.png', 0),
(4610, 1159, 'product03.png', 0),
(4611, 1160, 'product03.png', 0),
(4612, 1161, 'product03.png', 0),
(4613, 1162, 'product03.png', 0),
(4614, 1164, 'product03.png', 0),
(4615, 1165, 'product03.png', 0),
(4616, 1166, 'product03.png', 0),
(4617, 1169, 'product03.png', 0),
(4618, 1170, 'product03.png', 0),
(4619, 1171, 'product03.png', 0),
(4620, 1172, 'product03.png', 0),
(4621, 1173, 'product03.png', 0),
(4622, 1174, 'product03.png', 0),
(4623, 1175, 'product03.png', 0),
(4624, 1176, 'product03.png', 0),
(4625, 1177, 'product03.png', 0),
(4626, 1178, 'product03.png', 0),
(4627, 1179, 'product03.png', 0),
(4628, 1180, 'product03.png', 0),
(4629, 1181, 'product03.png', 0),
(4630, 1182, 'product03.png', 0),
(4631, 1183, 'product03.png', 0),
(4632, 1184, 'product03.png', 0),
(4633, 1185, 'product03.png', 0),
(4634, 1186, 'product03.png', 0),
(4635, 1187, 'product03.png', 0),
(4636, 1188, 'product03.png', 0),
(4637, 1189, 'product03.png', 0),
(4638, 1190, 'product03.png', 0),
(4639, 1191, 'product03.png', 0),
(4640, 1192, 'product03.png', 0),
(4641, 1194, 'product03.png', 0),
(4642, 1195, 'product03.png', 0),
(4643, 1196, 'product03.png', 0),
(4644, 1197, 'product03.png', 0),
(4645, 1198, 'product03.png', 0),
(4646, 1199, 'product03.png', 0),
(4647, 1200, 'product03.png', 0),
(4648, 1201, 'product03.png', 0),
(4649, 1202, 'product03.png', 0),
(4650, 1203, 'product03.png', 0),
(4651, 1205, 'product03.png', 0),
(4652, 1206, 'product03.png', 0),
(4653, 1207, 'product03.png', 0),
(4654, 1208, 'product03.png', 0),
(4655, 1209, 'product03.png', 0),
(4656, 1210, 'product03.png', 0),
(4657, 1213, 'product03.png', 0),
(4658, 1214, 'product03.png', 0),
(4659, 1215, 'product03.png', 0),
(4660, 1217, 'product03.png', 0),
(4661, 1219, 'product03.png', 0),
(4662, 1220, 'product03.png', 0),
(4663, 1228, 'product03.png', 0),
(4664, 1229, 'product03.png', 0),
(4665, 1230, 'product03.png', 0),
(4666, 1237, 'product03.png', 0),
(4667, 1238, 'product03.png', 0),
(4668, 1239, 'product03.png', 0),
(4669, 1240, 'product03.png', 0),
(4670, 1241, 'product03.png', 0),
(4671, 1242, 'product03.png', 0),
(4672, 1243, 'product03.png', 0),
(4673, 1244, 'product03.png', 0),
(4674, 1245, 'product03.png', 0),
(4675, 1246, 'product03.png', 0),
(4676, 1248, 'product03.png', 0),
(4677, 1249, 'product03.png', 0),
(4678, 1250, 'product03.png', 0),
(4679, 1251, 'product03.png', 0),
(4680, 1252, 'product03.png', 0),
(4681, 1253, 'product03.png', 0),
(4682, 1255, 'product03.png', 0),
(4683, 1256, 'product03.png', 0),
(4684, 1257, 'product03.png', 0),
(4685, 1258, 'product03.png', 0),
(4686, 1259, 'product03.png', 0),
(4687, 1260, 'product03.png', 0),
(4688, 1261, 'product03.png', 0),
(4689, 1262, 'product03.png', 0),
(4690, 1263, 'product03.png', 0),
(4691, 1264, 'product03.png', 0),
(4692, 1266, 'product03.png', 0),
(4693, 1268, 'product03.png', 0),
(4694, 1269, 'product03.png', 0),
(4695, 1270, 'product03.png', 0),
(4696, 1271, 'product03.png', 0),
(4697, 1272, 'product03.png', 0),
(4698, 1273, 'product03.png', 0),
(4699, 1274, 'product03.png', 0),
(4700, 1275, 'product03.png', 0),
(4701, 1276, 'product03.png', 0),
(4702, 1278, 'product03.png', 0),
(4703, 1287, 'product03.png', 0),
(4704, 1289, 'product03.png', 0),
(4705, 1290, 'product03.png', 0),
(4706, 1291, 'product03.png', 0),
(4707, 1292, 'product03.png', 0),
(4708, 1293, 'product03.png', 0),
(4709, 1294, 'product03.png', 0),
(4710, 1295, 'product03.png', 0),
(4711, 1296, 'product03.png', 0),
(4712, 1297, 'product03.png', 0),
(4713, 1298, 'product03.png', 0),
(4714, 1299, 'product03.png', 0),
(4715, 1300, 'product03.png', 0),
(4716, 1301, 'product03.png', 0),
(4717, 1302, 'product03.png', 0),
(4718, 1303, 'product03.png', 0),
(4719, 1304, 'product03.png', 0),
(4720, 1305, 'product03.png', 0),
(4721, 1306, 'product03.png', 0),
(4722, 1307, 'product03.png', 0),
(4723, 1308, 'product03.png', 0),
(4724, 1309, 'product03.png', 0),
(4725, 1310, 'product03.png', 0),
(4726, 1312, 'product03.png', 0),
(4727, 1313, 'product03.png', 0),
(4728, 1314, 'product03.png', 0),
(4729, 1315, 'product03.png', 0),
(4730, 1316, 'product03.png', 0),
(4731, 1317, 'product03.png', 0),
(4732, 1318, 'product03.png', 0),
(4733, 1319, 'product03.png', 0),
(4734, 1320, 'product03.png', 0),
(4735, 1321, 'product03.png', 0),
(4736, 1322, 'product03.png', 0),
(4737, 1323, 'product03.png', 0),
(4738, 1324, 'product03.png', 0),
(4739, 1325, 'product03.png', 0),
(4740, 1326, 'product03.png', 0),
(4741, 1327, 'product03.png', 0),
(4742, 1328, 'product03.png', 0),
(4743, 1329, 'product03.png', 0),
(4744, 1330, 'product03.png', 0),
(4745, 1341, 'product03.png', 0),
(4746, 1342, 'product03.png', 0),
(4747, 1343, 'product03.png', 0),
(4748, 1347, 'product03.png', 0),
(4749, 1348, 'product03.png', 0),
(4750, 1349, 'product03.png', 0),
(4751, 1350, 'product03.png', 0),
(4752, 1351, 'product03.png', 0),
(4753, 1352, 'product03.png', 0),
(4754, 1353, 'product03.png', 0),
(4755, 1354, 'product03.png', 0),
(4756, 1355, 'product03.png', 0),
(4757, 1360, 'product03.png', 0),
(4758, 1361, 'product03.png', 0),
(4759, 1362, 'product03.png', 0),
(4760, 1363, 'product03.png', 0),
(4761, 1364, 'product03.png', 0),
(4762, 1365, 'product03.png', 0),
(4763, 1366, 'product03.png', 0),
(4764, 1367, 'product03.png', 0),
(4765, 1368, 'product03.png', 0),
(4766, 1369, 'product03.png', 0),
(4767, 1370, 'product03.png', 0),
(4768, 1371, 'product03.png', 0),
(4769, 1372, 'product03.png', 0),
(4770, 1373, 'product03.png', 0),
(4771, 1374, 'product03.png', 0),
(4772, 1375, 'product03.png', 0),
(4773, 1376, 'product03.png', 0),
(4774, 1377, 'product03.png', 0),
(4775, 1378, 'product03.png', 0),
(4776, 1379, 'product03.png', 0),
(4777, 1380, 'product03.png', 0),
(4778, 1381, 'product03.png', 0),
(4779, 1382, 'product03.png', 0),
(4780, 1383, 'product03.png', 0),
(4781, 1384, 'product03.png', 0),
(4782, 1385, 'product03.png', 0),
(4783, 1402, 'product03.png', 0),
(4784, 1411, '37881324_1933171156770026_8057677960934588416_n.jpg', 0),
(4785, 1411, '55621035_2285456234874848_4885639334876676096_n.jpg', 0),
(4786, 1411, '56208332_2294102020676936_6254508711339884544_n.jpg', 0);

-- --------------------------------------------------------

--
-- Estructura de tabla para la tabla `inventario_cab`
--

CREATE TABLE `inventario_cab` (
  `id_inv` int(11) NOT NULL,
  `sucursal` tinyint(4) DEFAULT NULL,
  `bodega` int(11) DEFAULT NULL,
  `observacion` varchar(100) DEFAULT NULL,
  `total_diferencia` float DEFAULT NULL,
  `fecha` date DEFAULT NULL,
  `hora` time DEFAULT NULL
) ENGINE=InnoDB DEFAULT CHARSET=latin1;

--
-- Volcado de datos para la tabla `inventario_cab`
--

INSERT INTO `inventario_cab` (`id_inv`, `sucursal`, `bodega`, `observacion`, `total_diferencia`, `fecha`, `hora`) VALUES
(3, 1, NULL, 'INVENTARIO DE ESCALERAS', NULL, '2021-03-23', '15:50:53'),
(4, 1, NULL, 'INVENTARIO DE ESCALERAS', NULL, '2021-03-23', '15:53:59'),
(5, 1, NULL, 'INVENTARIO DE ESCALERAS', NULL, '2021-03-23', '16:27:22'),
(6, 1, NULL, 'INVENTARIO DE ESCALERAS', -24, '2021-03-23', '19:39:53'),
(7, 1, NULL, 'INVENTARIO DE ESCALERAS', -10000, '2021-03-23', '19:46:33'),
(8, 1, NULL, 'INVENTARIO DE ESCALERAS', -36000, '2021-04-06', '15:07:48'),
(9, 1, NULL, 'INVENTARIO DE ESCALERAS', -30000, '2021-04-06', '15:11:43'),
(10, 1, NULL, 'INVENTARIO DE ESCALERAS', 20000, '2021-04-06', '15:54:36'),
(11, 1, NULL, '', 0, '2021-04-06', '15:55:13'),
(12, 1, NULL, '', 0, '2021-04-06', '15:56:42'),
(13, 1, NULL, '', 0, '2021-04-06', '15:57:14'),
(14, 1, NULL, '', 0, '2021-04-06', '15:57:25'),
(15, 1, NULL, '', 0, '2021-04-06', '16:36:13'),
(16, 1, NULL, '', 0, '2021-04-06', '16:50:06'),
(17, 1, NULL, '', 0, '2021-04-06', '16:50:23'),
(18, 1, NULL, 'INVENTARIO DE ESCALERAS', 60000, '2021-04-06', '16:50:57'),
(19, 1, NULL, 'INVENTARIO DE ESCALERAS', -30000, '2021-04-06', '16:52:19'),
(20, 1, NULL, 'INVENTARIO DE ESCALERAS', -10000, '2021-04-10', '17:29:43'),
(21, 1, NULL, '', -10000, '2021-04-10', '17:30:25'),
(22, 1, NULL, '', -10000, '2021-04-10', '17:31:44'),
(23, 1, NULL, '', 10000, '2021-04-10', '17:32:00'),
(24, 1, NULL, '', -2000, '2021-04-10', '17:32:11'),
(25, 1, NULL, '', -8000, '2021-04-10', '17:33:02'),
(26, 1, NULL, 'INVENTARIO DE ESCALERAS', -8000, '2021-04-10', '17:33:07'),
(27, 1, NULL, 'INVENTARIO DE ESCALERAS', -8000, '2021-04-10', '17:33:30'),
(28, 1, NULL, 'INVENTARIO DE ESCALERAS', -36000, '2021-04-10', '17:34:22'),
(30, 1, 2, 'compra de mercaderias', -24000, '2021-04-12', '08:21:57'),
(31, 1, 1, 'INVENTARIO DE ESCALERAS', -1090000, '2021-06-06', '17:20:42'),
(32, 1, 1, 'inventario mes marzo', 7800, '2023-03-02', '20:55:36');

-- --------------------------------------------------------

--
-- Estructura de tabla para la tabla `inventario_det`
--

CREATE TABLE `inventario_det` (
  `id_inv` int(11) DEFAULT NULL,
  `articulo` int(11) DEFAULT NULL,
  `cantsis` float DEFAULT NULL,
  `cantfis` float DEFAULT NULL,
  `costo` float DEFAULT NULL,
  `subtotal` float DEFAULT NULL
) ENGINE=InnoDB DEFAULT CHARSET=latin1;

--
-- Volcado de datos para la tabla `inventario_det`
--

INSERT INTO `inventario_det` (`id_inv`, `articulo`, `cantsis`, `cantfis`, `costo`, `subtotal`) VALUES
(3, 20, 20, 25, 2000, 10000),
(4, 20, 20, 10, 2000, -20000),
(4, 20, 20, 52, 2000, 64000),
(5, 20, 20, 25, 2000, 10000),
(5, 20, 20, 20, 2000, 0),
(5, 20, 20, 5, 2000, -30000),
(5, 20, 20, 23, 2000, 6000),
(5, 20, 20, 15, 2000, -10000),
(5, 20, 20, 25, 2000, 10000),
(6, 20, 20, 25, 2000, 10000),
(6, 20, 20, 3, 2000, -34000),
(7, 20, 20, 1, 2000, -38000),
(7, 20, 20, 34, 2000, 28000),
(8, 20, 20, 2, 2000, -36000),
(9, 20, 20, 5, 2000, -30000),
(10, 20, 20, 30, 2000, 20000),
(25, 20, 24, 0, 2000, NULL),
(26, 20, 24, 0, 2000, NULL),
(27, 20, 24, 20, 2000, NULL),
(28, 20, 20, 2, 2000, -36000),
(30, 20, 62, 50, 2000, -24000),
(31, 20, 111, 2, 10000, -1090000),
(32, 11, 55, 56, 7800, 7800);

-- --------------------------------------------------------

--
-- Estructura de tabla para la tabla `itinerario`
--

CREATE TABLE `itinerario` (
  `iditinerario` int(11) NOT NULL,
  `ruta` int(11) DEFAULT NULL,
  `coordenadas` varchar(100) DEFAULT NULL,
  `latitud_act` double DEFAULT NULL,
  `longitud_act` double DEFAULT NULL,
  `fecha` date DEFAULT NULL,
  `hora` time DEFAULT NULL
) ENGINE=InnoDB DEFAULT CHARSET=latin1;

--
-- Volcado de datos para la tabla `itinerario`
--

INSERT INTO `itinerario` (`iditinerario`, `ruta`, `coordenadas`, `latitud_act`, `longitud_act`, `fecha`, `hora`) VALUES
(140, 5, '-25.3462355,-57.62856059999999', NULL, NULL, '2021-07-25', '12:26:17'),
(141, 5, '-25.346252699999997,-57.6285503', NULL, NULL, '2021-07-25', '12:27:21'),
(142, 5, '-25.3462261,-57.628553700000005', NULL, NULL, '2021-07-25', '12:28:24'),
(143, 5, '-25.3462396,-57.6285806', NULL, NULL, '2021-07-25', '12:29:28'),
(144, 5, '-25.3462202,-57.6286982', NULL, NULL, '2021-07-25', '12:29:59'),
(145, 5, '-25.3462343,-57.628573599999996', NULL, NULL, '2021-07-25', '12:30:32'),
(146, 5, '-25.346258000000002,-57.628577099999994', NULL, NULL, '2021-07-25', '12:31:37'),
(147, 5, '-25.346258000000002,-57.628577099999994', NULL, NULL, '2021-07-25', '12:32:42'),
(148, 5, '-25.346228699999998,-57.62858389999999', NULL, NULL, '2021-07-25', '12:33:47'),
(149, 5, '-25.3462498,-57.6285761', NULL, NULL, '2021-07-25', '12:35:31'),
(150, 5, '-25.3462681,-57.6285853', NULL, NULL, '2021-07-25', '12:36:35'),
(151, 5, '-25.3461598,-57.6286748', NULL, NULL, '2021-07-25', '12:55:37'),
(152, 5, '-25.346620599999998,-57.6286841', NULL, NULL, '2021-07-25', '16:07:18'),
(153, 5, '-25.346651899999998,-57.6286436', NULL, NULL, '2021-07-25', '16:08:20'),
(154, 5, '-25.3466143,-57.62869739999999', NULL, NULL, '2021-07-25', '16:09:22'),
(155, 5, '-25.3466412,-57.6286859', NULL, NULL, '2021-07-25', '16:10:46'),
(156, 5, '-25.3466649,-57.628638900000006', NULL, NULL, '2021-07-25', '16:17:48'),
(157, 5, '', NULL, NULL, '2021-07-25', '16:18:55'),
(158, 5, '-25.346623899999997,-57.628680300000006', NULL, NULL, '2021-07-25', '16:19:59'),
(159, 5, '-25.346598999999998,-57.6286812', -25.346598999999998, -57.6286812, '2021-07-25', '17:06:17'),
(160, 5, '-25.346631799999997,-57.628667400000005', -25.346631799999997, -57.628667400000005, '2021-07-25', '17:07:21'),
(161, 5, '-25.3466289,-57.6286807', -25.3466289, -57.6286807, '2021-07-25', '17:08:25'),
(162, 5, '-25.3466192,-57.6287232', -25.3466192, -57.6287232, '2021-07-25', '17:09:28'),
(163, 5, '-25.3466204,-57.6287072', -25.3466204, -57.6287072, '2021-07-25', '17:10:32'),
(164, 5, '-25.346617799999997,-57.628702800000006', -25.346617799999997, -57.628702800000006, '2021-07-25', '17:24:44'),
(165, 2, '-25.3466108,-57.6287503', -25.3466108, -57.6287503, '2021-07-25', '17:26:19'),
(166, 5, '-23.4204746,-57.4399649', -23.4204746, -57.4399649, '2021-12-06', '17:38:08'),
(167, 5, '-23.4204746,-57.4399649', -23.4204746, -57.4399649, '2021-12-06', '17:39:12'),
(168, 5, '-23.40762,-57.4128865', -23.40762, -57.4128865, '2021-12-07', '11:28:18'),
(169, 5, '', 0, 0, '2021-12-07', '11:29:24'),
(170, 5, '-23.4076488,-57.4129158', -23.4076488, -57.4129158, '2021-12-07', '11:30:26'),
(171, 5, '', 0, 0, '2021-12-07', '11:31:30'),
(172, 5, '', 0, 0, '2021-12-07', '11:32:32'),
(173, 5, '', 0, 0, '2021-12-07', '11:33:34'),
(174, 5, '', 0, 0, '2021-12-07', '11:34:36'),
(175, 5, '-23.4076909,-57.4129267', -23.4076909, -57.4129267, '2021-12-07', '11:35:40'),
(176, 5, '', 0, 0, '2021-12-07', '11:36:42'),
(177, 5, '', 0, 0, '2021-12-07', '11:37:44'),
(178, 5, '', 0, 0, '2021-12-07', '11:38:46'),
(179, 5, '', 0, 0, '2021-12-07', '11:39:48'),
(180, 5, '', 0, 0, '2021-12-07', '11:42:22'),
(181, 5, '', 0, 0, '2021-12-07', '11:43:22'),
(182, 5, '', 0, 0, '2021-12-07', '11:44:22'),
(183, 2, '-25.3424981,-57.6253921', -25.3424981, -57.6253921, '2022-10-28', '20:30:11'),
(184, 2, '-25.3424981,-57.6253921', -25.3424981, -57.6253921, '2022-10-28', '20:31:12'),
(185, 2, '', 0, 0, '2022-10-28', '20:32:14');

-- --------------------------------------------------------

--
-- Estructura de tabla para la tabla `mensaje`
--

CREATE TABLE `mensaje` (
  `idmensaje` int(11) NOT NULL,
  `nombres` varchar(100) DEFAULT NULL,
  `apellidos` varchar(100) DEFAULT NULL,
  `telefono` varchar(30) DEFAULT NULL,
  `correo` varchar(60) DEFAULT NULL,
  `desmensaje` longtext DEFAULT NULL,
  `fecha` datetime DEFAULT current_timestamp(),
  `estado` tinyint(4) DEFAULT 0
) ENGINE=InnoDB DEFAULT CHARSET=latin1;

--
-- Volcado de datos para la tabla `mensaje`
--

INSERT INTO `mensaje` (`idmensaje`, `nombres`, `apellidos`, `telefono`, `correo`, `desmensaje`, `fecha`, `estado`) VALUES
(6, 'DAISY BELEN', 'VERA VARGAS', '0981143788', 'dvargas@grupozad.com.py', 'hola amiko\r\n', '2021-08-04 21:15:52', 0);

-- --------------------------------------------------------

--
-- Estructura de tabla para la tabla `motivos_mov`
--

CREATE TABLE `motivos_mov` (
  `idmot` int(11) NOT NULL,
  `desc_motivo` varchar(100) DEFAULT NULL,
  `tipo` varchar(60) DEFAULT NULL
) ENGINE=InnoDB DEFAULT CHARSET=latin1;

--
-- Volcado de datos para la tabla `motivos_mov`
--

INSERT INTO `motivos_mov` (`idmot`, `desc_motivo`, `tipo`) VALUES
(1, 'ENTRADA POR AJUSTE DE STOCK', '1'),
(2, 'SALIDA POR AJUSTE DE STOCK', '2');

-- --------------------------------------------------------

--
-- Estructura de tabla para la tabla `movimientos_cab`
--

CREATE TABLE `movimientos_cab` (
  `id_mov` int(11) NOT NULL,
  `sucursal` tinyint(4) DEFAULT NULL,
  `bodega` int(11) DEFAULT NULL,
  `motivo` int(11) DEFAULT NULL,
  `total_movimiento` float DEFAULT NULL,
  `fecha` date DEFAULT NULL,
  `hora` time DEFAULT NULL
) ENGINE=InnoDB DEFAULT CHARSET=latin1;

--
-- Volcado de datos para la tabla `movimientos_cab`
--

INSERT INTO `movimientos_cab` (`id_mov`, `sucursal`, `bodega`, `motivo`, `total_movimiento`, `fecha`, `hora`) VALUES
(1, 1, 1, 2, 4000, '2021-04-09', '16:48:11'),
(2, 1, 2, 2, 10000, '2021-04-09', '16:49:29'),
(3, 1, 1, 2, 4000, '2021-04-09', '16:51:03'),
(5, 1, 1, 2, 4000, '2021-04-10', '18:31:39'),
(6, 1, 1, 1, 100000, '2021-04-29', '16:43:58'),
(7, 1, 1, 1, 200000, '2021-05-01', '16:39:48'),
(8, 1, 1, 1, 2000000, '2021-05-01', '17:51:14'),
(9, 1, 2, 1, 25000, '2021-06-06', '17:08:43'),
(10, 1, 1, 2, 10200, '2023-01-17', '20:01:20'),
(11, 1, 1, 1, 102000, '2023-03-02', '20:56:11');

-- --------------------------------------------------------

--
-- Estructura de tabla para la tabla `movimientos_det`
--

CREATE TABLE `movimientos_det` (
  `id_mov` int(11) DEFAULT NULL,
  `articulo` int(11) DEFAULT NULL,
  `cantidad` float DEFAULT NULL,
  `costo` float DEFAULT NULL,
  `subtotal` float DEFAULT NULL
) ENGINE=InnoDB DEFAULT CHARSET=latin1;

--
-- Volcado de datos para la tabla `movimientos_det`
--

INSERT INTO `movimientos_det` (`id_mov`, `articulo`, `cantidad`, `costo`, `subtotal`) VALUES
(1, 20, 2, 2000, 4000),
(2, 20, 5, 2000, 10000),
(3, 20, 2, 2000, 4000),
(5, 20, 2, 2000, 4000),
(6, 20, 50, 2000, 100000),
(7, 20, 20, 10000, 200000),
(8, 20, 200, 10000, 2000000),
(9, 15, 5, 5000, 25000),
(10, 12, 1, 10200, 10200),
(11, 12, 10, 10200, 102000);

-- --------------------------------------------------------

--
-- Estructura de tabla para la tabla `niveles`
--

CREATE TABLE `niveles` (
  `idnivel` tinyint(11) NOT NULL,
  `desnivel` varchar(60) DEFAULT NULL
) ENGINE=InnoDB DEFAULT CHARSET=latin1;

--
-- Volcado de datos para la tabla `niveles`
--

INSERT INTO `niveles` (`idnivel`, `desnivel`) VALUES
(1, 'ADMIN'),
(2, 'CAJERO'),
(3, 'RECEPCIONISTA'),
(4, 'DEPOSITO'),
(5, 'LOGISTICA');

-- --------------------------------------------------------

--
-- Estructura de tabla para la tabla `orden_entrega`
--

CREATE TABLE `orden_entrega` (
  `idorden` int(11) NOT NULL,
  `vehiculo` int(11) DEFAULT NULL,
  `fecha_salida` date DEFAULT NULL,
  `hora_salida` time DEFAULT NULL,
  `estado` tinyint(4) DEFAULT 0
) ENGINE=InnoDB DEFAULT CHARSET=latin1;

--
-- Volcado de datos para la tabla `orden_entrega`
--

INSERT INTO `orden_entrega` (`idorden`, `vehiculo`, `fecha_salida`, `hora_salida`, `estado`) VALUES
(10, 1, '2023-03-02', '09:00:00', 0);

-- --------------------------------------------------------

--
-- Estructura de tabla para la tabla `orden_entrega_det_emp`
--

CREATE TABLE `orden_entrega_det_emp` (
  `idorden` int(11) DEFAULT NULL,
  `empleado` int(11) DEFAULT NULL
) ENGINE=InnoDB DEFAULT CHARSET=latin1;

--
-- Volcado de datos para la tabla `orden_entrega_det_emp`
--

INSERT INTO `orden_entrega_det_emp` (`idorden`, `empleado`) VALUES
(2, 4),
(3, 4),
(4, 4),
(5, 4),
(6, 5),
(6, 4),
(7, 5),
(7, 4),
(8, 5),
(8, 4),
(9, 5),
(9, 4),
(10, 5),
(10, 4);

-- --------------------------------------------------------

--
-- Estructura de tabla para la tabla `orden_entrega_det_ped`
--

CREATE TABLE `orden_entrega_det_ped` (
  `idorden` int(11) DEFAULT NULL,
  `pedido` int(11) DEFAULT NULL
) ENGINE=InnoDB DEFAULT CHARSET=latin1;

--
-- Volcado de datos para la tabla `orden_entrega_det_ped`
--

INSERT INTO `orden_entrega_det_ped` (`idorden`, `pedido`) VALUES
(10, 54);

-- --------------------------------------------------------

--
-- Estructura de tabla para la tabla `pedido`
--

CREATE TABLE `pedido` (
  `idpedido` int(11) NOT NULL,
  `cliente` int(11) DEFAULT NULL,
  `tipo_pedido` tinyint(4) DEFAULT NULL,
  `razonsocial_fac` varchar(200) DEFAULT NULL,
  `documento_fac` varchar(60) DEFAULT NULL,
  `barrio_fac` varchar(100) DEFAULT NULL,
  `direccion_fac` varchar(200) DEFAULT NULL,
  `telefono_fac` varchar(60) DEFAULT NULL,
  `latitud` double DEFAULT NULL,
  `longitud` double DEFAULT NULL,
  `fecha` date DEFAULT NULL,
  `hora` time DEFAULT NULL,
  `fecha_entrega` date DEFAULT NULL,
  `hora_entrega` time DEFAULT NULL,
  `total` float DEFAULT NULL,
  `estado` tinyint(4) DEFAULT 0
) ENGINE=InnoDB DEFAULT CHARSET=utf8;

--
-- Volcado de datos para la tabla `pedido`
--

INSERT INTO `pedido` (`idpedido`, `cliente`, `tipo_pedido`, `razonsocial_fac`, `documento_fac`, `barrio_fac`, `direccion_fac`, `telefono_fac`, `latitud`, `longitud`, `fecha`, `hora`, `fecha_entrega`, `hora_entrega`, `total`, `estado`) VALUES
(54, 59, 1, 'KEVIN BARUA', '5790709', 'CENTRO', '25 de mayo e/ Brasil y Estados Unidos', '981143788', -25.3550147, -57.5999829, '2023-03-01', '19:47:00', '2023-03-01', '20:12:53', 8000, 7);

-- --------------------------------------------------------

--
-- Estructura de tabla para la tabla `pedido_det`
--

CREATE TABLE `pedido_det` (
  `idpedido` int(11) NOT NULL,
  `articulo` int(11) NOT NULL,
  `cantidad` int(11) NOT NULL,
  `precio` int(11) NOT NULL,
  `subtotal` int(11) NOT NULL
) ENGINE=InnoDB DEFAULT CHARSET=utf8;

--
-- Volcado de datos para la tabla `pedido_det`
--

INSERT INTO `pedido_det` (`idpedido`, `articulo`, `cantidad`, `precio`, `subtotal`) VALUES
(54, 13, 1, 3000, 3000),
(54, 15, 1, 5000, 5000);

-- --------------------------------------------------------

--
-- Estructura de tabla para la tabla `plazos`
--

CREATE TABLE `plazos` (
  `idplazo` tinyint(4) NOT NULL,
  `plazo` varchar(60) DEFAULT NULL
) ENGINE=InnoDB DEFAULT CHARSET=latin1;

--
-- Volcado de datos para la tabla `plazos`
--

INSERT INTO `plazos` (`idplazo`, `plazo`) VALUES
(1, 'MENSUAL'),
(2, 'SEMANAL'),
(3, 'QUINCENAL');

-- --------------------------------------------------------

--
-- Estructura de tabla para la tabla `precios`
--

CREATE TABLE `precios` (
  `idlista` int(11) DEFAULT NULL,
  `articulo` int(11) DEFAULT NULL,
  `precio` float DEFAULT NULL,
  `fecha_alta` date DEFAULT NULL
) ENGINE=InnoDB DEFAULT CHARSET=latin1;

--
-- Volcado de datos para la tabla `precios`
--

INSERT INTO `precios` (`idlista`, `articulo`, `precio`, `fecha_alta`) VALUES
(1, 11, 1000, '2021-12-07'),
(1, 12, 2000, '2021-12-07'),
(1, 13, 3000, '2021-12-07'),
(1, 14, 4000, '2021-12-07'),
(1, 15, 5000, '2021-12-07'),
(1, 16, 6000, '2021-12-07'),
(1, 17, 7000, '2021-12-07'),
(1, 18, 8000, '2021-12-07'),
(1, 19, 9000, '2021-12-07'),
(1, 20, 10000, '2021-12-07'),
(1, 23, 11000, '2021-12-07'),
(1, 24, 12000, '2021-12-07'),
(1, 25, 13000, '2021-12-07'),
(1, 26, 14000, '2021-12-07'),
(1, 27, 15000, '2021-12-07'),
(1, 28, 16000, '2021-12-07'),
(1, 29, 17000, '2021-12-07'),
(1, 30, 18000, '2021-12-07'),
(1, 31, 19000, '2021-12-07'),
(1, 32, 20000, '2021-12-07'),
(1, 33, 21000, '2021-12-07'),
(1, 34, 22000, '2021-12-07'),
(1, 35, 23000, '2021-12-07'),
(1, 36, 24000, '2021-12-07'),
(1, 37, 25000, '2021-12-07'),
(1, 38, 26000, '2021-12-07'),
(1, 39, 27000, '2021-12-07'),
(1, 40, 28000, '2021-12-07'),
(1, 41, 29000, '2021-12-07'),
(1, 42, 30000, '2021-12-07'),
(1, 43, 31000, '2021-12-07'),
(1, 44, 32000, '2021-12-07'),
(1, 45, 33000, '2021-12-07'),
(1, 46, 34000, '2021-12-07'),
(1, 47, 35000, '2021-12-07'),
(1, 48, 36000, '2021-12-07'),
(1, 49, 37000, '2021-12-07'),
(1, 50, 38000, '2021-12-07'),
(1, 51, 39000, '2021-12-07'),
(1, 52, 40000, '2021-12-07'),
(1, 53, 41000, '2021-12-07'),
(1, 54, 42000, '2021-12-07'),
(1, 55, 43000, '2021-12-07'),
(1, 56, 44000, '2021-12-07'),
(1, 57, 45000, '2021-12-07'),
(1, 58, 46000, '2021-12-07'),
(1, 59, 47000, '2021-12-07'),
(1, 60, 48000, '2021-12-07'),
(1, 62, 49000, '2021-12-07'),
(1, 63, 50000, '2021-12-07'),
(1, 64, 51000, '2021-12-07'),
(1, 65, 52000, '2021-12-07'),
(1, 66, 53000, '2021-12-07'),
(1, 67, 54000, '2021-12-07'),
(1, 68, 55000, '2021-12-07'),
(1, 69, 56000, '2021-12-07'),
(1, 70, 57000, '2021-12-07'),
(1, 71, 58000, '2021-12-07'),
(1, 72, 59000, '2021-12-07'),
(1, 73, 60000, '2021-12-07'),
(1, 74, 61000, '2021-12-07'),
(1, 75, 62000, '2021-12-07'),
(1, 76, 63000, '2021-12-07'),
(1, 77, 64000, '2021-12-07'),
(1, 78, 65000, '2021-12-07'),
(1, 79, 66000, '2021-12-07'),
(1, 80, 67000, '2021-12-07'),
(1, 81, 68000, '2021-12-07'),
(1, 82, 69000, '2021-12-07'),
(1, 83, 70000, '2021-12-07'),
(1, 84, 71000, '2021-12-07'),
(1, 85, 72000, '2021-12-07'),
(1, 86, 73000, '2021-12-07'),
(1, 87, 74000, '2021-12-07'),
(1, 88, 75000, '2021-12-07'),
(1, 89, 76000, '2021-12-07'),
(1, 90, 77000, '2021-12-07'),
(1, 91, 78000, '2021-12-07'),
(1, 92, 79000, '2021-12-07'),
(1, 93, 80000, '2021-12-07'),
(1, 94, 81000, '2021-12-07'),
(1, 95, 82000, '2021-12-07'),
(1, 96, 83000, '2021-12-07'),
(1, 97, 84000, '2021-12-07'),
(1, 98, 85000, '2021-12-07'),
(1, 99, 86000, '2021-12-07'),
(1, 100, 87000, '2021-12-07'),
(1, 101, 88000, '2021-12-07'),
(1, 102, 89000, '2021-12-07'),
(1, 103, 90000, '2021-12-07'),
(1, 104, 91000, '2021-12-07'),
(1, 105, 92000, '2021-12-07'),
(1, 106, 93000, '2021-12-07'),
(1, 107, 94000, '2021-12-07'),
(1, 108, 95000, '2021-12-07'),
(1, 109, 96000, '2021-12-07'),
(1, 110, 97000, '2021-12-07'),
(1, 111, 98000, '2021-12-07'),
(1, 112, 99000, '2021-12-07'),
(1, 113, 100000, '2021-12-07'),
(1, 114, 101000, '2021-12-07'),
(1, 115, 102000, '2021-12-07'),
(1, 116, 103000, '2021-12-07'),
(1, 117, 104000, '2021-12-07'),
(1, 118, 105000, '2021-12-07'),
(1, 119, 106000, '2021-12-07'),
(1, 120, 107000, '2021-12-07'),
(1, 121, 108000, '2021-12-07'),
(1, 122, 109000, '2021-12-07'),
(1, 123, 110000, '2021-12-07'),
(1, 124, 111000, '2021-12-07'),
(1, 125, 112000, '2021-12-07'),
(1, 126, 113000, '2021-12-07'),
(1, 127, 114000, '2021-12-07'),
(1, 128, 115000, '2021-12-07'),
(1, 129, 116000, '2021-12-07'),
(1, 130, 117000, '2021-12-07'),
(1, 131, 118000, '2021-12-07'),
(1, 132, 119000, '2021-12-07'),
(1, 133, 120000, '2021-12-07'),
(1, 134, 121000, '2021-12-07'),
(1, 135, 122000, '2021-12-07'),
(1, 136, 123000, '2021-12-07'),
(1, 137, 124000, '2021-12-07'),
(1, 138, 125000, '2021-12-07'),
(1, 139, 126000, '2021-12-07'),
(1, 140, 127000, '2021-12-07'),
(1, 141, 128000, '2021-12-07'),
(1, 142, 129000, '2021-12-07'),
(1, 143, 130000, '2021-12-07'),
(1, 144, 131000, '2021-12-07'),
(1, 145, 132000, '2021-12-07'),
(1, 146, 133000, '2021-12-07'),
(1, 147, 134000, '2021-12-07'),
(1, 148, 135000, '2021-12-07'),
(1, 149, 136000, '2021-12-07'),
(1, 150, 137000, '2021-12-07'),
(1, 151, 138000, '2021-12-07'),
(1, 152, 139000, '2021-12-07'),
(1, 153, 140000, '2021-12-07'),
(1, 154, 141000, '2021-12-07'),
(1, 155, 142000, '2021-12-07'),
(1, 156, 143000, '2021-12-07'),
(1, 157, 144000, '2021-12-07'),
(1, 158, 145000, '2021-12-07'),
(1, 159, 146000, '2021-12-07'),
(1, 160, 147000, '2021-12-07'),
(1, 161, 148000, '2021-12-07'),
(1, 162, 149000, '2021-12-07'),
(1, 163, 150000, '2021-12-07'),
(1, 164, 151000, '2021-12-07'),
(1, 165, 152000, '2021-12-07'),
(1, 167, 153000, '2021-12-07'),
(1, 168, 154000, '2021-12-07'),
(1, 169, 155000, '2021-12-07'),
(1, 170, 156000, '2021-12-07'),
(1, 171, 157000, '2021-12-07'),
(1, 172, 158000, '2021-12-07'),
(1, 173, 159000, '2021-12-07'),
(1, 174, 160000, '2021-12-07'),
(1, 175, 161000, '2021-12-07'),
(1, 176, 162000, '2021-12-07'),
(1, 178, 163000, '2021-12-07'),
(1, 179, 164000, '2021-12-07'),
(1, 180, 165000, '2021-12-07'),
(1, 181, 166000, '2021-12-07'),
(1, 182, 167000, '2021-12-07'),
(1, 183, 168000, '2021-12-07'),
(1, 184, 169000, '2021-12-07'),
(1, 185, 170000, '2021-12-07'),
(1, 186, 171000, '2021-12-07'),
(1, 187, 172000, '2021-12-07'),
(1, 188, 173000, '2021-12-07'),
(1, 189, 174000, '2021-12-07'),
(1, 190, 175000, '2021-12-07'),
(1, 191, 176000, '2021-12-07'),
(1, 192, 177000, '2021-12-07'),
(1, 193, 178000, '2021-12-07'),
(1, 194, 179000, '2021-12-07'),
(1, 195, 180000, '2021-12-07'),
(1, 196, 181000, '2021-12-07'),
(1, 197, 182000, '2021-12-07'),
(1, 198, 183000, '2021-12-07'),
(1, 199, 184000, '2021-12-07'),
(1, 200, 185000, '2021-12-07'),
(1, 201, 186000, '2021-12-07'),
(1, 202, 187000, '2021-12-07'),
(1, 203, 188000, '2021-12-07'),
(1, 204, 189000, '2021-12-07'),
(1, 205, 190000, '2021-12-07'),
(1, 206, 191000, '2021-12-07'),
(1, 207, 192000, '2021-12-07'),
(1, 208, 193000, '2021-12-07'),
(1, 209, 194000, '2021-12-07'),
(1, 210, 195000, '2021-12-07'),
(1, 211, 196000, '2021-12-07'),
(1, 212, 197000, '2021-12-07'),
(1, 213, 198000, '2021-12-07'),
(1, 214, 199000, '2021-12-07'),
(1, 215, 200000, '2021-12-07'),
(1, 216, 201000, '2021-12-07'),
(1, 217, 202000, '2021-12-07'),
(1, 218, 203000, '2021-12-07'),
(1, 219, 204000, '2021-12-07'),
(1, 220, 205000, '2021-12-07'),
(1, 221, 206000, '2021-12-07'),
(1, 222, 207000, '2021-12-07'),
(1, 223, 208000, '2021-12-07'),
(1, 224, 209000, '2021-12-07'),
(1, 225, 210000, '2021-12-07'),
(1, 226, 211000, '2021-12-07'),
(1, 227, 212000, '2021-12-07'),
(1, 228, 213000, '2021-12-07'),
(1, 229, 214000, '2021-12-07'),
(1, 230, 215000, '2021-12-07'),
(1, 231, 216000, '2021-12-07'),
(1, 232, 217000, '2021-12-07'),
(1, 233, 218000, '2021-12-07'),
(1, 234, 219000, '2021-12-07'),
(1, 235, 220000, '2021-12-07'),
(1, 236, 221000, '2021-12-07'),
(1, 237, 222000, '2021-12-07'),
(1, 238, 223000, '2021-12-07'),
(1, 239, 224000, '2021-12-07'),
(1, 240, 225000, '2021-12-07'),
(1, 241, 226000, '2021-12-07'),
(1, 242, 227000, '2021-12-07'),
(1, 243, 228000, '2021-12-07'),
(1, 244, 229000, '2021-12-07'),
(1, 245, 230000, '2021-12-07'),
(1, 246, 231000, '2021-12-07'),
(1, 247, 232000, '2021-12-07'),
(1, 248, 233000, '2021-12-07'),
(1, 249, 234000, '2021-12-07'),
(1, 250, 235000, '2021-12-07'),
(1, 251, 236000, '2021-12-07'),
(1, 252, 237000, '2021-12-07'),
(1, 253, 238000, '2021-12-07'),
(1, 254, 239000, '2021-12-07'),
(1, 255, 240000, '2021-12-07'),
(1, 256, 241000, '2021-12-07'),
(1, 257, 242000, '2021-12-07'),
(1, 258, 243000, '2021-12-07'),
(1, 259, 244000, '2021-12-07'),
(1, 260, 245000, '2021-12-07'),
(1, 261, 246000, '2021-12-07'),
(1, 262, 247000, '2021-12-07'),
(1, 263, 248000, '2021-12-07'),
(1, 264, 249000, '2021-12-07'),
(1, 265, 250000, '2021-12-07'),
(1, 266, 251000, '2021-12-07'),
(1, 267, 252000, '2021-12-07'),
(1, 268, 253000, '2021-12-07'),
(1, 269, 254000, '2021-12-07'),
(1, 270, 255000, '2021-12-07'),
(1, 271, 256000, '2021-12-07'),
(1, 272, 257000, '2021-12-07'),
(1, 273, 258000, '2021-12-07'),
(1, 274, 259000, '2021-12-07'),
(1, 275, 260000, '2021-12-07'),
(1, 276, 261000, '2021-12-07'),
(1, 277, 262000, '2021-12-07'),
(1, 278, 263000, '2021-12-07'),
(1, 279, 264000, '2021-12-07'),
(1, 280, 265000, '2021-12-07'),
(1, 281, 266000, '2021-12-07'),
(1, 282, 267000, '2021-12-07'),
(1, 283, 268000, '2021-12-07'),
(1, 284, 269000, '2021-12-07'),
(1, 285, 270000, '2021-12-07'),
(1, 286, 271000, '2021-12-07'),
(1, 287, 272000, '2021-12-07'),
(1, 288, 273000, '2021-12-07'),
(1, 289, 274000, '2021-12-07'),
(1, 290, 275000, '2021-12-07'),
(1, 291, 276000, '2021-12-07'),
(1, 292, 277000, '2021-12-07'),
(1, 293, 278000, '2021-12-07'),
(1, 294, 279000, '2021-12-07'),
(1, 295, 280000, '2021-12-07'),
(1, 296, 281000, '2021-12-07'),
(1, 297, 282000, '2021-12-07'),
(1, 298, 283000, '2021-12-07'),
(1, 299, 284000, '2021-12-07'),
(1, 300, 285000, '2021-12-07'),
(1, 301, 286000, '2021-12-07'),
(1, 302, 287000, '2021-12-07'),
(1, 303, 288000, '2021-12-07'),
(1, 304, 289000, '2021-12-07'),
(1, 305, 290000, '2021-12-07'),
(1, 306, 291000, '2021-12-07'),
(1, 307, 292000, '2021-12-07'),
(1, 308, 293000, '2021-12-07'),
(1, 309, 294000, '2021-12-07'),
(1, 310, 295000, '2021-12-07'),
(1, 311, 296000, '2021-12-07'),
(1, 312, 297000, '2021-12-07'),
(1, 313, 298000, '2021-12-07'),
(1, 314, 299000, '2021-12-07'),
(1, 315, 300000, '2021-12-07'),
(1, 316, 301000, '2021-12-07'),
(1, 317, 302000, '2021-12-07'),
(1, 318, 303000, '2021-12-07'),
(1, 319, 304000, '2021-12-07'),
(1, 320, 305000, '2021-12-07'),
(1, 321, 306000, '2021-12-07'),
(1, 322, 307000, '2021-12-07'),
(1, 323, 308000, '2021-12-07'),
(1, 324, 309000, '2021-12-07'),
(1, 325, 310000, '2021-12-07'),
(1, 326, 311000, '2021-12-07'),
(1, 327, 312000, '2021-12-07'),
(1, 328, 313000, '2021-12-07'),
(1, 329, 314000, '2021-12-07'),
(1, 330, 315000, '2021-12-07'),
(1, 331, 316000, '2021-12-07'),
(1, 332, 317000, '2021-12-07'),
(1, 333, 318000, '2021-12-07'),
(1, 334, 319000, '2021-12-07'),
(1, 335, 320000, '2021-12-07'),
(1, 336, 321000, '2021-12-07'),
(1, 337, 322000, '2021-12-07'),
(1, 338, 323000, '2021-12-07'),
(1, 339, 324000, '2021-12-07'),
(1, 340, 325000, '2021-12-07'),
(1, 341, 326000, '2021-12-07'),
(1, 342, 327000, '2021-12-07'),
(1, 343, 328000, '2021-12-07'),
(1, 344, 329000, '2021-12-07'),
(1, 345, 330000, '2021-12-07'),
(1, 346, 331000, '2021-12-07'),
(1, 347, 332000, '2021-12-07'),
(1, 348, 333000, '2021-12-07'),
(1, 349, 334000, '2021-12-07'),
(1, 350, 335000, '2021-12-07'),
(1, 351, 336000, '2021-12-07'),
(1, 352, 337000, '2021-12-07'),
(1, 353, 338000, '2021-12-07'),
(1, 354, 339000, '2021-12-07'),
(1, 355, 340000, '2021-12-07'),
(1, 356, 341000, '2021-12-07'),
(1, 357, 342000, '2021-12-07'),
(1, 358, 343000, '2021-12-07'),
(1, 359, 344000, '2021-12-07'),
(1, 360, 345000, '2021-12-07'),
(1, 361, 346000, '2021-12-07'),
(1, 362, 347000, '2021-12-07'),
(1, 363, 348000, '2021-12-07'),
(1, 364, 349000, '2021-12-07'),
(1, 365, 350000, '2021-12-07'),
(1, 366, 351000, '2021-12-07'),
(1, 367, 352000, '2021-12-07'),
(1, 368, 353000, '2021-12-07'),
(1, 369, 354000, '2021-12-07'),
(1, 370, 355000, '2021-12-07'),
(1, 371, 356000, '2021-12-07'),
(1, 372, 357000, '2021-12-07'),
(1, 373, 358000, '2021-12-07'),
(1, 374, 359000, '2021-12-07'),
(1, 375, 360000, '2021-12-07'),
(1, 376, 361000, '2021-12-07'),
(1, 377, 362000, '2021-12-07'),
(1, 378, 363000, '2021-12-07'),
(1, 379, 364000, '2021-12-07'),
(1, 380, 365000, '2021-12-07'),
(1, 381, 366000, '2021-12-07'),
(1, 382, 367000, '2021-12-07'),
(1, 383, 368000, '2021-12-07'),
(1, 384, 369000, '2021-12-07'),
(1, 385, 370000, '2021-12-07'),
(1, 386, 371000, '2021-12-07'),
(1, 387, 372000, '2021-12-07'),
(1, 388, 373000, '2021-12-07'),
(1, 389, 374000, '2021-12-07'),
(1, 390, 375000, '2021-12-07'),
(1, 391, 376000, '2021-12-07'),
(1, 392, 377000, '2021-12-07'),
(1, 393, 378000, '2021-12-07'),
(1, 394, 379000, '2021-12-07'),
(1, 395, 380000, '2021-12-07'),
(1, 396, 381000, '2021-12-07'),
(1, 397, 382000, '2021-12-07'),
(1, 398, 383000, '2021-12-07'),
(1, 399, 384000, '2021-12-07'),
(1, 400, 385000, '2021-12-07'),
(1, 401, 386000, '2021-12-07'),
(1, 402, 387000, '2021-12-07'),
(1, 403, 388000, '2021-12-07'),
(1, 404, 389000, '2021-12-07'),
(1, 405, 390000, '2021-12-07'),
(1, 406, 391000, '2021-12-07'),
(1, 407, 392000, '2021-12-07'),
(1, 408, 393000, '2021-12-07'),
(1, 409, 394000, '2021-12-07'),
(1, 410, 395000, '2021-12-07'),
(1, 411, 396000, '2021-12-07'),
(1, 412, 397000, '2021-12-07'),
(1, 413, 398000, '2021-12-07'),
(1, 414, 399000, '2021-12-07'),
(1, 415, 400000, '2021-12-07'),
(1, 416, 401000, '2021-12-07'),
(1, 417, 402000, '2021-12-07'),
(1, 418, 403000, '2021-12-07'),
(1, 419, 404000, '2021-12-07'),
(1, 420, 405000, '2021-12-07'),
(1, 421, 406000, '2021-12-07'),
(1, 422, 407000, '2021-12-07'),
(1, 423, 408000, '2021-12-07'),
(1, 424, 409000, '2021-12-07'),
(1, 425, 410000, '2021-12-07'),
(1, 426, 411000, '2021-12-07'),
(1, 427, 412000, '2021-12-07'),
(1, 428, 413000, '2021-12-07'),
(1, 429, 414000, '2021-12-07'),
(1, 430, 415000, '2021-12-07'),
(1, 431, 416000, '2021-12-07'),
(1, 432, 417000, '2021-12-07'),
(1, 433, 418000, '2021-12-07'),
(1, 435, 419000, '2021-12-07'),
(1, 436, 420000, '2021-12-07'),
(1, 437, 421000, '2021-12-07'),
(1, 438, 422000, '2021-12-07'),
(1, 439, 423000, '2021-12-07'),
(1, 440, 424000, '2021-12-07'),
(1, 441, 425000, '2021-12-07'),
(1, 442, 426000, '2021-12-07'),
(1, 443, 427000, '2021-12-07'),
(1, 444, 428000, '2021-12-07'),
(1, 445, 429000, '2021-12-07'),
(1, 446, 430000, '2021-12-07'),
(1, 447, 431000, '2021-12-07'),
(1, 448, 432000, '2021-12-07'),
(1, 449, 433000, '2021-12-07'),
(1, 450, 434000, '2021-12-07'),
(1, 451, 435000, '2021-12-07'),
(1, 452, 436000, '2021-12-07'),
(1, 453, 437000, '2021-12-07'),
(1, 454, 438000, '2021-12-07'),
(1, 455, 439000, '2021-12-07'),
(1, 456, 440000, '2021-12-07'),
(1, 457, 441000, '2021-12-07'),
(1, 458, 442000, '2021-12-07'),
(1, 459, 443000, '2021-12-07'),
(1, 460, 444000, '2021-12-07'),
(1, 461, 445000, '2021-12-07'),
(1, 463, 446000, '2021-12-07'),
(1, 464, 447000, '2021-12-07'),
(1, 465, 448000, '2021-12-07'),
(1, 466, 449000, '2021-12-07'),
(1, 467, 450000, '2021-12-07'),
(1, 468, 451000, '2021-12-07'),
(1, 469, 452000, '2021-12-07'),
(1, 470, 453000, '2021-12-07'),
(1, 471, 454000, '2021-12-07'),
(1, 472, 455000, '2021-12-07'),
(1, 473, 456000, '2021-12-07'),
(1, 474, 457000, '2021-12-07'),
(1, 475, 458000, '2021-12-07'),
(1, 477, 459000, '2021-12-07'),
(1, 478, 460000, '2021-12-07'),
(1, 479, 461000, '2021-12-07'),
(1, 480, 462000, '2021-12-07'),
(1, 481, 463000, '2021-12-07'),
(1, 482, 464000, '2021-12-07'),
(1, 483, 465000, '2021-12-07'),
(1, 484, 466000, '2021-12-07'),
(1, 485, 467000, '2021-12-07'),
(1, 486, 468000, '2021-12-07'),
(1, 487, 469000, '2021-12-07'),
(1, 488, 470000, '2021-12-07'),
(1, 489, 471000, '2021-12-07'),
(1, 490, 472000, '2021-12-07'),
(1, 491, 473000, '2021-12-07'),
(1, 492, 474000, '2021-12-07'),
(1, 493, 475000, '2021-12-07'),
(1, 494, 476000, '2021-12-07'),
(1, 495, 477000, '2021-12-07'),
(1, 496, 478000, '2021-12-07'),
(1, 497, 479000, '2021-12-07'),
(1, 499, 480000, '2021-12-07'),
(1, 500, 481000, '2021-12-07'),
(1, 501, 482000, '2021-12-07'),
(1, 502, 483000, '2021-12-07'),
(1, 503, 484000, '2021-12-07'),
(1, 505, 485000, '2021-12-07'),
(1, 512, 486000, '2021-12-07'),
(1, 513, 487000, '2021-12-07'),
(1, 514, 488000, '2021-12-07'),
(1, 515, 489000, '2021-12-07'),
(1, 516, 490000, '2021-12-07'),
(1, 517, 491000, '2021-12-07'),
(1, 518, 492000, '2021-12-07'),
(1, 519, 493000, '2021-12-07'),
(1, 521, 494000, '2021-12-07'),
(1, 522, 495000, '2021-12-07'),
(1, 523, 496000, '2021-12-07'),
(1, 524, 497000, '2021-12-07'),
(1, 526, 498000, '2021-12-07'),
(1, 527, 499000, '2021-12-07'),
(1, 528, 500000, '2021-12-07'),
(1, 529, 501000, '2021-12-07'),
(1, 530, 502000, '2021-12-07'),
(1, 532, 503000, '2021-12-07'),
(1, 533, 504000, '2021-12-07'),
(1, 535, 505000, '2021-12-07'),
(1, 536, 506000, '2021-12-07'),
(1, 537, 507000, '2021-12-07'),
(1, 538, 508000, '2021-12-07'),
(1, 539, 509000, '2021-12-07'),
(1, 542, 510000, '2021-12-07'),
(1, 543, 511000, '2021-12-07'),
(1, 544, 512000, '2021-12-07'),
(1, 545, 513000, '2021-12-07'),
(1, 546, 514000, '2021-12-07'),
(1, 547, 515000, '2021-12-07'),
(1, 549, 516000, '2021-12-07'),
(1, 550, 517000, '2021-12-07'),
(1, 551, 518000, '2021-12-07'),
(1, 552, 519000, '2021-12-07'),
(1, 553, 520000, '2021-12-07'),
(1, 554, 521000, '2021-12-07'),
(1, 555, 522000, '2021-12-07'),
(1, 556, 523000, '2021-12-07'),
(1, 558, 524000, '2021-12-07'),
(1, 559, 525000, '2021-12-07'),
(1, 561, 526000, '2021-12-07'),
(1, 562, 527000, '2021-12-07'),
(1, 563, 528000, '2021-12-07'),
(1, 564, 529000, '2021-12-07'),
(1, 565, 530000, '2021-12-07'),
(1, 566, 531000, '2021-12-07'),
(1, 571, 532000, '2021-12-07'),
(1, 572, 533000, '2021-12-07'),
(1, 573, 534000, '2021-12-07'),
(1, 574, 535000, '2021-12-07'),
(1, 575, 536000, '2021-12-07'),
(1, 576, 537000, '2021-12-07'),
(1, 577, 538000, '2021-12-07'),
(1, 578, 539000, '2021-12-07'),
(1, 579, 540000, '2021-12-07'),
(1, 580, 541000, '2021-12-07'),
(1, 581, 542000, '2021-12-07'),
(1, 582, 543000, '2021-12-07'),
(1, 583, 544000, '2021-12-07'),
(1, 584, 545000, '2021-12-07'),
(1, 585, 546000, '2021-12-07'),
(1, 586, 547000, '2021-12-07'),
(1, 587, 548000, '2021-12-07'),
(1, 588, 549000, '2021-12-07'),
(1, 589, 550000, '2021-12-07'),
(1, 590, 551000, '2021-12-07'),
(1, 591, 552000, '2021-12-07'),
(1, 592, 553000, '2021-12-07'),
(1, 593, 554000, '2021-12-07'),
(1, 594, 555000, '2021-12-07'),
(1, 596, 556000, '2021-12-07'),
(1, 597, 557000, '2021-12-07'),
(1, 598, 558000, '2021-12-07'),
(1, 599, 559000, '2021-12-07'),
(1, 600, 560000, '2021-12-07'),
(1, 601, 561000, '2021-12-07'),
(1, 602, 562000, '2021-12-07'),
(1, 603, 563000, '2021-12-07'),
(1, 604, 564000, '2021-12-07'),
(1, 605, 565000, '2021-12-07'),
(1, 606, 566000, '2021-12-07'),
(1, 607, 567000, '2021-12-07'),
(1, 608, 568000, '2021-12-07'),
(1, 609, 569000, '2021-12-07'),
(1, 610, 570000, '2021-12-07'),
(1, 611, 571000, '2021-12-07'),
(1, 612, 572000, '2021-12-07'),
(1, 613, 573000, '2021-12-07'),
(1, 614, 574000, '2021-12-07'),
(1, 615, 575000, '2021-12-07'),
(1, 616, 576000, '2021-12-07'),
(1, 618, 577000, '2021-12-07'),
(1, 619, 578000, '2021-12-07'),
(1, 620, 579000, '2021-12-07'),
(1, 621, 580000, '2021-12-07'),
(1, 622, 581000, '2021-12-07'),
(1, 623, 582000, '2021-12-07'),
(1, 624, 583000, '2021-12-07'),
(1, 625, 584000, '2021-12-07'),
(1, 626, 585000, '2021-12-07'),
(1, 627, 586000, '2021-12-07'),
(1, 628, 587000, '2021-12-07'),
(1, 629, 588000, '2021-12-07'),
(1, 630, 589000, '2021-12-07'),
(1, 631, 590000, '2021-12-07'),
(1, 632, 591000, '2021-12-07'),
(1, 633, 592000, '2021-12-07'),
(1, 634, 593000, '2021-12-07'),
(1, 635, 594000, '2021-12-07'),
(1, 636, 595000, '2021-12-07'),
(1, 637, 596000, '2021-12-07'),
(1, 638, 597000, '2021-12-07'),
(1, 639, 598000, '2021-12-07'),
(1, 640, 599000, '2021-12-07'),
(1, 641, 600000, '2021-12-07'),
(1, 642, 601000, '2021-12-07'),
(1, 643, 602000, '2021-12-07'),
(1, 644, 603000, '2021-12-07'),
(1, 645, 604000, '2021-12-07'),
(1, 646, 605000, '2021-12-07'),
(1, 647, 606000, '2021-12-07'),
(1, 648, 607000, '2021-12-07'),
(1, 649, 608000, '2021-12-07'),
(1, 650, 609000, '2021-12-07'),
(1, 651, 610000, '2021-12-07'),
(1, 652, 611000, '2021-12-07'),
(1, 653, 612000, '2021-12-07'),
(1, 654, 613000, '2021-12-07'),
(1, 655, 614000, '2021-12-07'),
(1, 656, 615000, '2021-12-07'),
(1, 657, 616000, '2021-12-07'),
(1, 658, 617000, '2021-12-07'),
(1, 659, 618000, '2021-12-07'),
(1, 660, 619000, '2021-12-07'),
(1, 661, 620000, '2021-12-07'),
(1, 662, 621000, '2021-12-07'),
(1, 663, 622000, '2021-12-07'),
(1, 664, 623000, '2021-12-07'),
(1, 665, 624000, '2021-12-07'),
(1, 668, 625000, '2021-12-07'),
(1, 677, 626000, '2021-12-07'),
(1, 678, 627000, '2021-12-07'),
(1, 679, 628000, '2021-12-07'),
(1, 680, 629000, '2021-12-07'),
(1, 681, 630000, '2021-12-07'),
(1, 682, 631000, '2021-12-07'),
(1, 683, 632000, '2021-12-07'),
(1, 684, 633000, '2021-12-07'),
(1, 685, 634000, '2021-12-07'),
(1, 686, 635000, '2021-12-07'),
(1, 687, 636000, '2021-12-07'),
(1, 688, 637000, '2021-12-07'),
(1, 689, 638000, '2021-12-07'),
(1, 690, 639000, '2021-12-07'),
(1, 691, 640000, '2021-12-07'),
(1, 692, 641000, '2021-12-07'),
(1, 693, 642000, '2021-12-07'),
(1, 694, 643000, '2021-12-07'),
(1, 695, 644000, '2021-12-07'),
(1, 696, 645000, '2021-12-07'),
(1, 697, 646000, '2021-12-07'),
(1, 698, 647000, '2021-12-07'),
(1, 699, 648000, '2021-12-07'),
(1, 700, 649000, '2021-12-07'),
(1, 701, 650000, '2021-12-07'),
(1, 702, 651000, '2021-12-07'),
(1, 703, 652000, '2021-12-07'),
(1, 704, 653000, '2021-12-07'),
(1, 705, 654000, '2021-12-07'),
(1, 706, 655000, '2021-12-07'),
(1, 707, 656000, '2021-12-07'),
(1, 708, 657000, '2021-12-07'),
(1, 709, 658000, '2021-12-07'),
(1, 710, 659000, '2021-12-07'),
(1, 711, 660000, '2021-12-07'),
(1, 712, 661000, '2021-12-07'),
(1, 713, 662000, '2021-12-07'),
(1, 714, 663000, '2021-12-07'),
(1, 715, 664000, '2021-12-07'),
(1, 716, 665000, '2021-12-07'),
(1, 717, 666000, '2021-12-07'),
(1, 718, 667000, '2021-12-07'),
(1, 719, 668000, '2021-12-07'),
(1, 720, 669000, '2021-12-07'),
(1, 721, 670000, '2021-12-07'),
(1, 722, 671000, '2021-12-07'),
(1, 723, 672000, '2021-12-07'),
(1, 724, 673000, '2021-12-07'),
(1, 725, 674000, '2021-12-07'),
(1, 726, 675000, '2021-12-07'),
(1, 727, 676000, '2021-12-07'),
(1, 728, 677000, '2021-12-07'),
(1, 729, 678000, '2021-12-07'),
(1, 730, 679000, '2021-12-07'),
(1, 731, 680000, '2021-12-07'),
(1, 732, 681000, '2021-12-07'),
(1, 743, 682000, '2021-12-07'),
(1, 744, 683000, '2021-12-07'),
(1, 745, 684000, '2021-12-07'),
(1, 746, 685000, '2021-12-07'),
(1, 747, 686000, '2021-12-07'),
(1, 748, 687000, '2021-12-07'),
(1, 749, 688000, '2021-12-07'),
(1, 750, 689000, '2021-12-07'),
(1, 751, 690000, '2021-12-07'),
(1, 752, 691000, '2021-12-07'),
(1, 753, 692000, '2021-12-07'),
(1, 754, 693000, '2021-12-07'),
(1, 755, 694000, '2021-12-07'),
(1, 756, 695000, '2021-12-07'),
(1, 757, 696000, '2021-12-07'),
(1, 758, 697000, '2021-12-07'),
(1, 759, 698000, '2021-12-07'),
(1, 760, 699000, '2021-12-07'),
(1, 763, 700000, '2021-12-07'),
(1, 764, 701000, '2021-12-07'),
(1, 765, 702000, '2021-12-07'),
(1, 766, 703000, '2021-12-07'),
(1, 768, 704000, '2021-12-07'),
(1, 769, 705000, '2021-12-07'),
(1, 771, 706000, '2021-12-07'),
(1, 774, 707000, '2021-12-07'),
(1, 777, 708000, '2021-12-07'),
(1, 778, 709000, '2021-12-07'),
(1, 780, 710000, '2021-12-07'),
(1, 790, 711000, '2021-12-07'),
(1, 791, 712000, '2021-12-07'),
(1, 792, 713000, '2021-12-07'),
(1, 793, 714000, '2021-12-07'),
(1, 794, 715000, '2021-12-07'),
(1, 795, 716000, '2021-12-07'),
(1, 796, 717000, '2021-12-07'),
(1, 797, 718000, '2021-12-07'),
(1, 798, 719000, '2021-12-07'),
(1, 799, 720000, '2021-12-07'),
(1, 800, 721000, '2021-12-07'),
(1, 801, 722000, '2021-12-07'),
(1, 802, 723000, '2021-12-07'),
(1, 803, 724000, '2021-12-07'),
(1, 804, 725000, '2021-12-07'),
(1, 805, 726000, '2021-12-07'),
(1, 806, 727000, '2021-12-07'),
(1, 807, 728000, '2021-12-07'),
(1, 808, 729000, '2021-12-07'),
(1, 809, 730000, '2021-12-07'),
(1, 810, 731000, '2021-12-07'),
(1, 811, 732000, '2021-12-07'),
(1, 812, 733000, '2021-12-07'),
(1, 813, 734000, '2021-12-07'),
(1, 814, 735000, '2021-12-07'),
(1, 815, 736000, '2021-12-07'),
(1, 816, 737000, '2021-12-07'),
(1, 817, 738000, '2021-12-07'),
(1, 818, 739000, '2021-12-07'),
(1, 819, 740000, '2021-12-07'),
(1, 821, 741000, '2021-12-07'),
(1, 822, 742000, '2021-12-07'),
(1, 823, 743000, '2021-12-07'),
(1, 824, 744000, '2021-12-07'),
(1, 825, 745000, '2021-12-07'),
(1, 826, 746000, '2021-12-07'),
(1, 827, 747000, '2021-12-07'),
(1, 828, 748000, '2021-12-07'),
(1, 829, 749000, '2021-12-07'),
(1, 830, 750000, '2021-12-07'),
(1, 831, 751000, '2021-12-07'),
(1, 832, 752000, '2021-12-07'),
(1, 833, 753000, '2021-12-07'),
(1, 834, 754000, '2021-12-07'),
(1, 835, 755000, '2021-12-07'),
(1, 836, 756000, '2021-12-07'),
(1, 837, 757000, '2021-12-07'),
(1, 838, 758000, '2021-12-07'),
(1, 839, 759000, '2021-12-07'),
(1, 840, 760000, '2021-12-07'),
(1, 841, 761000, '2021-12-07'),
(1, 842, 762000, '2021-12-07'),
(1, 843, 763000, '2021-12-07'),
(1, 844, 764000, '2021-12-07'),
(1, 845, 765000, '2021-12-07'),
(1, 846, 766000, '2021-12-07'),
(1, 847, 767000, '2021-12-07'),
(1, 848, 768000, '2021-12-07'),
(1, 849, 769000, '2021-12-07'),
(1, 850, 770000, '2021-12-07'),
(1, 851, 771000, '2021-12-07'),
(1, 852, 772000, '2021-12-07'),
(1, 853, 773000, '2021-12-07'),
(1, 854, 774000, '2021-12-07'),
(1, 855, 775000, '2021-12-07'),
(1, 856, 776000, '2021-12-07'),
(1, 857, 777000, '2021-12-07'),
(1, 858, 778000, '2021-12-07'),
(1, 859, 779000, '2021-12-07'),
(1, 860, 780000, '2021-12-07'),
(1, 861, 781000, '2021-12-07'),
(1, 862, 782000, '2021-12-07'),
(1, 864, 783000, '2021-12-07'),
(1, 865, 784000, '2021-12-07'),
(1, 867, 785000, '2021-12-07'),
(1, 868, 786000, '2021-12-07'),
(1, 869, 787000, '2021-12-07'),
(1, 870, 788000, '2021-12-07'),
(1, 871, 789000, '2021-12-07'),
(1, 872, 790000, '2021-12-07'),
(1, 873, 791000, '2021-12-07'),
(1, 874, 792000, '2021-12-07'),
(1, 875, 793000, '2021-12-07'),
(1, 876, 794000, '2021-12-07'),
(1, 877, 795000, '2021-12-07'),
(1, 878, 796000, '2021-12-07'),
(1, 879, 797000, '2021-12-07'),
(1, 880, 798000, '2021-12-07'),
(1, 881, 799000, '2021-12-07'),
(1, 882, 800000, '2021-12-07'),
(1, 883, 801000, '2021-12-07'),
(1, 884, 802000, '2021-12-07'),
(1, 885, 803000, '2021-12-07'),
(1, 886, 804000, '2021-12-07'),
(1, 887, 805000, '2021-12-07'),
(1, 888, 806000, '2021-12-07'),
(1, 889, 807000, '2021-12-07'),
(1, 890, 808000, '2021-12-07'),
(1, 891, 809000, '2021-12-07'),
(1, 892, 810000, '2021-12-07'),
(1, 893, 811000, '2021-12-07'),
(1, 894, 812000, '2021-12-07'),
(1, 895, 813000, '2021-12-07'),
(1, 896, 814000, '2021-12-07'),
(1, 897, 815000, '2021-12-07'),
(1, 898, 816000, '2021-12-07'),
(1, 899, 817000, '2021-12-07'),
(1, 900, 818000, '2021-12-07'),
(1, 901, 819000, '2021-12-07'),
(1, 902, 820000, '2021-12-07'),
(1, 903, 821000, '2021-12-07'),
(1, 904, 822000, '2021-12-07'),
(1, 905, 823000, '2021-12-07'),
(1, 906, 824000, '2021-12-07'),
(1, 907, 825000, '2021-12-07'),
(1, 908, 826000, '2021-12-07'),
(1, 909, 827000, '2021-12-07'),
(1, 910, 828000, '2021-12-07'),
(1, 911, 829000, '2021-12-07'),
(1, 912, 830000, '2021-12-07'),
(1, 913, 831000, '2021-12-07'),
(1, 914, 832000, '2021-12-07'),
(1, 916, 833000, '2021-12-07'),
(1, 917, 834000, '2021-12-07'),
(1, 918, 835000, '2021-12-07'),
(1, 919, 836000, '2021-12-07'),
(1, 920, 837000, '2021-12-07'),
(1, 921, 838000, '2021-12-07'),
(1, 922, 839000, '2021-12-07'),
(1, 923, 840000, '2021-12-07'),
(1, 924, 841000, '2021-12-07'),
(1, 925, 842000, '2021-12-07'),
(1, 926, 843000, '2021-12-07'),
(1, 927, 844000, '2021-12-07'),
(1, 928, 845000, '2021-12-07'),
(1, 929, 846000, '2021-12-07'),
(1, 930, 847000, '2021-12-07'),
(1, 931, 848000, '2021-12-07'),
(1, 932, 849000, '2021-12-07'),
(1, 933, 850000, '2021-12-07'),
(1, 934, 851000, '2021-12-07'),
(1, 935, 852000, '2021-12-07'),
(1, 936, 853000, '2021-12-07'),
(1, 937, 854000, '2021-12-07'),
(1, 938, 855000, '2021-12-07'),
(1, 939, 856000, '2021-12-07'),
(1, 940, 857000, '2021-12-07'),
(1, 941, 858000, '2021-12-07'),
(1, 942, 859000, '2021-12-07'),
(1, 943, 860000, '2021-12-07'),
(1, 944, 861000, '2021-12-07'),
(1, 945, 862000, '2021-12-07'),
(1, 946, 863000, '2021-12-07'),
(1, 947, 864000, '2021-12-07'),
(1, 948, 865000, '2021-12-07'),
(1, 949, 866000, '2021-12-07'),
(1, 950, 867000, '2021-12-07'),
(1, 951, 868000, '2021-12-07'),
(1, 952, 869000, '2021-12-07'),
(1, 953, 870000, '2021-12-07'),
(1, 954, 871000, '2021-12-07'),
(1, 960, 872000, '2021-12-07'),
(1, 961, 873000, '2021-12-07'),
(1, 962, 874000, '2021-12-07'),
(1, 963, 875000, '2021-12-07'),
(1, 964, 876000, '2021-12-07'),
(1, 965, 877000, '2021-12-07'),
(1, 966, 878000, '2021-12-07'),
(1, 967, 879000, '2021-12-07'),
(1, 968, 880000, '2021-12-07'),
(1, 969, 881000, '2021-12-07'),
(1, 970, 882000, '2021-12-07'),
(1, 971, 883000, '2021-12-07'),
(1, 972, 884000, '2021-12-07'),
(1, 973, 885000, '2021-12-07'),
(1, 974, 886000, '2021-12-07'),
(1, 975, 887000, '2021-12-07'),
(1, 976, 888000, '2021-12-07'),
(1, 977, 889000, '2021-12-07'),
(1, 978, 890000, '2021-12-07'),
(1, 979, 891000, '2021-12-07'),
(1, 980, 892000, '2021-12-07'),
(1, 981, 893000, '2021-12-07'),
(1, 982, 894000, '2021-12-07'),
(1, 983, 895000, '2021-12-07'),
(1, 984, 896000, '2021-12-07'),
(1, 985, 897000, '2021-12-07'),
(1, 986, 898000, '2021-12-07'),
(1, 994, 899000, '2021-12-07'),
(1, 996, 900000, '2021-12-07'),
(1, 997, 901000, '2021-12-07'),
(1, 1000, 902000, '2021-12-07'),
(1, 1001, 903000, '2021-12-07'),
(1, 1002, 904000, '2021-12-07'),
(1, 1003, 905000, '2021-12-07'),
(1, 1004, 906000, '2021-12-07'),
(1, 1007, 907000, '2021-12-07'),
(1, 1008, 908000, '2021-12-07'),
(1, 1009, 909000, '2021-12-07'),
(1, 1010, 910000, '2021-12-07'),
(1, 1011, 911000, '2021-12-07'),
(1, 1012, 912000, '2021-12-07'),
(1, 1013, 913000, '2021-12-07'),
(1, 1014, 914000, '2021-12-07'),
(1, 1015, 915000, '2021-12-07'),
(1, 1016, 916000, '2021-12-07'),
(1, 1017, 917000, '2021-12-07'),
(1, 1018, 918000, '2021-12-07'),
(1, 1019, 919000, '2021-12-07'),
(1, 1020, 920000, '2021-12-07'),
(1, 1021, 921000, '2021-12-07'),
(1, 1022, 922000, '2021-12-07'),
(1, 1023, 923000, '2021-12-07'),
(1, 1024, 924000, '2021-12-07'),
(1, 1025, 925000, '2021-12-07'),
(1, 1026, 926000, '2021-12-07'),
(1, 1027, 927000, '2021-12-07'),
(1, 1028, 928000, '2021-12-07'),
(1, 1029, 929000, '2021-12-07'),
(1, 1030, 930000, '2021-12-07'),
(1, 1031, 931000, '2021-12-07'),
(1, 1056, 932000, '2021-12-07'),
(1, 1059, 933000, '2021-12-07'),
(1, 1070, 934000, '2021-12-07'),
(1, 1071, 935000, '2021-12-07'),
(1, 1072, 936000, '2021-12-07'),
(1, 1073, 937000, '2021-12-07'),
(1, 1074, 938000, '2021-12-07'),
(1, 1075, 939000, '2021-12-07'),
(1, 1076, 940000, '2021-12-07'),
(1, 1077, 941000, '2021-12-07'),
(1, 1078, 942000, '2021-12-07'),
(1, 1079, 943000, '2021-12-07'),
(1, 1080, 944000, '2021-12-07'),
(1, 1081, 945000, '2021-12-07'),
(1, 1082, 946000, '2021-12-07'),
(1, 1083, 947000, '2021-12-07'),
(1, 1084, 948000, '2021-12-07'),
(1, 1085, 949000, '2021-12-07'),
(1, 1086, 950000, '2021-12-07'),
(1, 1090, 951000, '2021-12-07'),
(1, 1091, 952000, '2021-12-07'),
(1, 1092, 953000, '2021-12-07'),
(1, 1093, 954000, '2021-12-07'),
(1, 1094, 955000, '2021-12-07'),
(1, 1095, 956000, '2021-12-07'),
(1, 1096, 957000, '2021-12-07'),
(1, 1097, 958000, '2021-12-07'),
(1, 1098, 959000, '2021-12-07'),
(1, 1099, 960000, '2021-12-07'),
(1, 1100, 961000, '2021-12-07'),
(1, 1101, 962000, '2021-12-07'),
(1, 1102, 963000, '2021-12-07'),
(1, 1103, 964000, '2021-12-07'),
(1, 1104, 965000, '2021-12-07'),
(1, 1105, 966000, '2021-12-07'),
(1, 1106, 967000, '2021-12-07'),
(1, 1110, 968000, '2021-12-07'),
(1, 1111, 969000, '2021-12-07'),
(1, 1112, 970000, '2021-12-07'),
(1, 1113, 971000, '2021-12-07'),
(1, 1114, 972000, '2021-12-07'),
(1, 1116, 973000, '2021-12-07'),
(1, 1117, 974000, '2021-12-07'),
(1, 1118, 975000, '2021-12-07'),
(1, 1119, 976000, '2021-12-07'),
(1, 1120, 977000, '2021-12-07'),
(1, 1121, 978000, '2021-12-07'),
(1, 1122, 979000, '2021-12-07'),
(1, 1123, 980000, '2021-12-07'),
(1, 1124, 981000, '2021-12-07'),
(1, 1125, 982000, '2021-12-07'),
(1, 1126, 983000, '2021-12-07'),
(1, 1127, 984000, '2021-12-07'),
(1, 1128, 985000, '2021-12-07'),
(1, 1129, 986000, '2021-12-07'),
(1, 1130, 987000, '2021-12-07'),
(1, 1131, 988000, '2021-12-07'),
(1, 1132, 989000, '2021-12-07'),
(1, 1133, 990000, '2021-12-07'),
(1, 1134, 991000, '2021-12-07'),
(1, 1135, 992000, '2021-12-07'),
(1, 1136, 993000, '2021-12-07'),
(1, 1137, 994000, '2021-12-07'),
(1, 1142, 995000, '2021-12-07'),
(1, 1143, 996000, '2021-12-07'),
(1, 1144, 997000, '2021-12-07'),
(1, 1145, 998000, '2021-12-07'),
(1, 1146, 999000, '2021-12-07'),
(1, 1147, 1000000, '2021-12-07'),
(1, 1148, 1001000, '2021-12-07'),
(1, 1149, 1002000, '2021-12-07'),
(1, 1150, 1003000, '2021-12-07'),
(1, 1151, 1004000, '2021-12-07'),
(1, 1152, 1005000, '2021-12-07'),
(1, 1153, 1006000, '2021-12-07'),
(1, 1154, 1007000, '2021-12-07'),
(1, 1155, 1008000, '2021-12-07'),
(1, 1156, 1009000, '2021-12-07'),
(1, 1157, 1010000, '2021-12-07'),
(1, 1158, 1011000, '2021-12-07'),
(1, 1159, 1012000, '2021-12-07'),
(1, 1160, 1013000, '2021-12-07'),
(1, 1161, 1014000, '2021-12-07'),
(1, 1162, 1015000, '2021-12-07'),
(1, 1164, 1016000, '2021-12-07'),
(1, 1165, 1017000, '2021-12-07'),
(1, 1166, 1018000, '2021-12-07'),
(1, 1169, 1019000, '2021-12-07'),
(1, 1170, 1020000, '2021-12-07'),
(1, 1171, 1021000, '2021-12-07'),
(1, 1172, 1022000, '2021-12-07'),
(1, 1173, 1023000, '2021-12-07'),
(1, 1174, 1024000, '2021-12-07'),
(1, 1175, 1025000, '2021-12-07'),
(1, 1176, 1026000, '2021-12-07'),
(1, 1177, 1027000, '2021-12-07'),
(1, 1178, 1028000, '2021-12-07'),
(1, 1179, 1029000, '2021-12-07'),
(1, 1180, 1030000, '2021-12-07'),
(1, 1181, 1031000, '2021-12-07'),
(1, 1182, 1032000, '2021-12-07'),
(1, 1183, 1033000, '2021-12-07'),
(1, 1184, 1034000, '2021-12-07'),
(1, 1185, 1035000, '2021-12-07'),
(1, 1186, 1036000, '2021-12-07'),
(1, 1187, 1037000, '2021-12-07'),
(1, 1188, 1038000, '2021-12-07'),
(1, 1189, 1039000, '2021-12-07'),
(1, 1190, 1040000, '2021-12-07'),
(1, 1191, 1041000, '2021-12-07'),
(1, 1192, 1042000, '2021-12-07'),
(1, 1194, 1043000, '2021-12-07'),
(1, 1195, 1044000, '2021-12-07'),
(1, 1196, 1045000, '2021-12-07'),
(1, 1197, 1046000, '2021-12-07'),
(1, 1198, 1047000, '2021-12-07'),
(1, 1199, 1048000, '2021-12-07'),
(1, 1200, 1049000, '2021-12-07'),
(1, 1201, 1050000, '2021-12-07'),
(1, 1202, 1051000, '2021-12-07'),
(1, 1203, 1052000, '2021-12-07'),
(1, 1205, 1053000, '2021-12-07'),
(1, 1206, 1054000, '2021-12-07'),
(1, 1207, 1055000, '2021-12-07'),
(1, 1208, 1056000, '2021-12-07'),
(1, 1209, 1057000, '2021-12-07'),
(1, 1210, 1058000, '2021-12-07'),
(1, 1213, 1059000, '2021-12-07'),
(1, 1214, 1060000, '2021-12-07'),
(1, 1215, 1061000, '2021-12-07'),
(1, 1217, 1062000, '2021-12-07'),
(1, 1219, 1063000, '2021-12-07'),
(1, 1220, 1064000, '2021-12-07'),
(1, 1228, 1065000, '2021-12-07'),
(1, 1229, 1066000, '2021-12-07'),
(1, 1230, 1067000, '2021-12-07'),
(1, 1237, 1068000, '2021-12-07'),
(1, 1238, 1069000, '2021-12-07'),
(1, 1239, 1070000, '2021-12-07'),
(1, 1240, 1071000, '2021-12-07'),
(1, 1241, 1072000, '2021-12-07'),
(1, 1242, 1073000, '2021-12-07'),
(1, 1243, 1074000, '2021-12-07'),
(1, 1244, 1075000, '2021-12-07'),
(1, 1245, 1076000, '2021-12-07'),
(1, 1246, 1077000, '2021-12-07'),
(1, 1248, 1078000, '2021-12-07'),
(1, 1249, 1079000, '2021-12-07'),
(1, 1250, 1080000, '2021-12-07'),
(1, 1251, 1081000, '2021-12-07'),
(1, 1252, 1082000, '2021-12-07'),
(1, 1253, 1083000, '2021-12-07'),
(1, 1255, 1084000, '2021-12-07'),
(1, 1256, 1085000, '2021-12-07'),
(1, 1257, 1086000, '2021-12-07'),
(1, 1258, 1087000, '2021-12-07'),
(1, 1259, 1088000, '2021-12-07'),
(1, 1260, 1089000, '2021-12-07'),
(1, 1261, 1090000, '2021-12-07'),
(1, 1262, 1091000, '2021-12-07'),
(1, 1263, 1092000, '2021-12-07'),
(1, 1264, 1093000, '2021-12-07'),
(1, 1266, 1094000, '2021-12-07'),
(1, 1268, 1095000, '2021-12-07'),
(1, 1269, 1096000, '2021-12-07'),
(1, 1270, 1097000, '2021-12-07'),
(1, 1271, 1098000, '2021-12-07'),
(1, 1272, 1099000, '2021-12-07'),
(1, 1273, 1100000, '2021-12-07'),
(1, 1274, 1101000, '2021-12-07'),
(1, 1275, 1102000, '2021-12-07'),
(1, 1276, 1103000, '2021-12-07'),
(1, 1278, 1104000, '2021-12-07'),
(1, 1287, 1105000, '2021-12-07'),
(1, 1289, 1106000, '2021-12-07'),
(1, 1290, 1107000, '2021-12-07'),
(1, 1291, 1108000, '2021-12-07'),
(1, 1292, 1109000, '2021-12-07'),
(1, 1293, 1110000, '2021-12-07'),
(1, 1294, 1111000, '2021-12-07'),
(1, 1295, 1112000, '2021-12-07'),
(1, 1296, 1113000, '2021-12-07'),
(1, 1297, 1114000, '2021-12-07'),
(1, 1298, 1115000, '2021-12-07'),
(1, 1299, 1116000, '2021-12-07'),
(1, 1300, 1117000, '2021-12-07'),
(1, 1301, 1118000, '2021-12-07'),
(1, 1302, 1119000, '2021-12-07'),
(1, 1303, 1120000, '2021-12-07'),
(1, 1304, 1121000, '2021-12-07'),
(1, 1305, 1122000, '2021-12-07'),
(1, 1306, 1123000, '2021-12-07'),
(1, 1307, 1124000, '2021-12-07'),
(1, 1308, 1125000, '2021-12-07'),
(1, 1309, 1126000, '2021-12-07'),
(1, 1310, 1127000, '2021-12-07'),
(1, 1312, 1128000, '2021-12-07'),
(1, 1313, 1129000, '2021-12-07'),
(1, 1314, 1130000, '2021-12-07'),
(1, 1315, 1131000, '2021-12-07'),
(1, 1316, 1132000, '2021-12-07'),
(1, 1317, 1133000, '2021-12-07'),
(1, 1318, 1134000, '2021-12-07'),
(1, 1319, 1135000, '2021-12-07'),
(1, 1320, 1136000, '2021-12-07'),
(1, 1321, 1137000, '2021-12-07'),
(1, 1322, 1138000, '2021-12-07'),
(1, 1323, 1139000, '2021-12-07'),
(1, 1324, 1140000, '2021-12-07'),
(1, 1325, 1141000, '2021-12-07'),
(1, 1326, 1142000, '2021-12-07'),
(1, 1327, 1143000, '2021-12-07'),
(1, 1328, 1144000, '2021-12-07'),
(1, 1329, 1145000, '2021-12-07'),
(1, 1330, 1146000, '2021-12-07'),
(1, 1341, 1147000, '2021-12-07'),
(1, 1342, 1148000, '2021-12-07'),
(1, 1343, 1149000, '2021-12-07'),
(1, 1347, 1150000, '2021-12-07'),
(1, 1348, 1151000, '2021-12-07'),
(1, 1349, 1152000, '2021-12-07'),
(1, 1350, 1153000, '2021-12-07'),
(1, 1351, 1154000, '2021-12-07'),
(1, 1352, 1155000, '2021-12-07'),
(1, 1353, 1156000, '2021-12-07'),
(1, 1354, 1157000, '2021-12-07'),
(1, 1355, 1158000, '2021-12-07'),
(1, 1360, 1159000, '2021-12-07'),
(1, 1361, 1160000, '2021-12-07'),
(1, 1362, 1161000, '2021-12-07'),
(1, 1363, 1162000, '2021-12-07'),
(1, 1364, 1163000, '2021-12-07'),
(1, 1365, 1164000, '2021-12-07'),
(1, 1366, 1165000, '2021-12-07'),
(1, 1367, 1166000, '2021-12-07'),
(1, 1368, 1167000, '2021-12-07'),
(1, 1369, 1168000, '2021-12-07'),
(1, 1370, 1169000, '2021-12-07'),
(1, 1371, 1170000, '2021-12-07'),
(1, 1372, 1171000, '2021-12-07'),
(1, 1373, 1172000, '2021-12-07'),
(1, 1374, 1173000, '2021-12-07'),
(1, 1375, 1174000, '2021-12-07'),
(1, 1376, 1175000, '2021-12-07'),
(1, 1377, 1176000, '2021-12-07'),
(1, 1378, 1177000, '2021-12-07'),
(1, 1379, 1178000, '2021-12-07'),
(1, 1380, 1179000, '2021-12-07'),
(1, 1381, 1180000, '2021-12-07'),
(1, 1382, 1181000, '2021-12-07'),
(1, 1383, 1182000, '2021-12-07'),
(1, 1384, 1183000, '2021-12-07'),
(1, 1385, 1184000, '2021-12-07'),
(1, 1402, 1185000, '2021-12-07'),
(1, 1403, 1186000, '2021-12-07'),
(1, 1404, 1187000, '2021-12-07'),
(1, 1405, 1188000, '2021-12-07'),
(1, 1406, 1189000, '2021-12-07'),
(1, 1407, 1190000, '2021-12-07'),
(1, 1408, 1191000, '2021-12-07'),
(1, 1409, 1192000, '2021-12-07'),
(1, 1410, 1193000, '2021-12-07'),
(1, 1411, 1194000, '2021-12-07');

-- --------------------------------------------------------

--
-- Estructura de tabla para la tabla `precio_lista`
--

CREATE TABLE `precio_lista` (
  `idlista` int(11) NOT NULL,
  `descripcion` varchar(200) DEFAULT NULL,
  `porcentaje` float DEFAULT NULL,
  `fecha_alta` date DEFAULT NULL,
  `estado` tinyint(4) DEFAULT 0
) ENGINE=InnoDB DEFAULT CHARSET=latin1;

--
-- Volcado de datos para la tabla `precio_lista`
--

INSERT INTO `precio_lista` (`idlista`, `descripcion`, `porcentaje`, `fecha_alta`, `estado`) VALUES
(1, 'PRECIO NORMAL', 30, '2021-04-22', 0),
(2, 'PRECIO MAYORISTA', 20, '2021-04-22', 0);

-- --------------------------------------------------------

--
-- Estructura de tabla para la tabla `presupuesto_cab`
--

CREATE TABLE `presupuesto_cab` (
  `idpresupuesto` int(11) NOT NULL,
  `cliente` int(11) DEFAULT NULL,
  `observacion` varchar(200) DEFAULT NULL,
  `fecha` date DEFAULT NULL,
  `hora` time DEFAULT NULL,
  `total` float DEFAULT NULL,
  `estado` tinyint(4) DEFAULT 0
) ENGINE=InnoDB DEFAULT CHARSET=latin1;

-- --------------------------------------------------------

--
-- Estructura de tabla para la tabla `presupuesto_det`
--

CREATE TABLE `presupuesto_det` (
  `idpresupuesto` int(11) DEFAULT NULL,
  `articulo` int(11) DEFAULT NULL,
  `cantidad` float DEFAULT NULL,
  `costo` float DEFAULT NULL,
  `precio` float DEFAULT NULL,
  `subtotal` float DEFAULT NULL
) ENGINE=InnoDB DEFAULT CHARSET=latin1;

-- --------------------------------------------------------

--
-- Estructura de tabla para la tabla `proveedores`
--

CREATE TABLE `proveedores` (
  `idproveedor` int(11) NOT NULL,
  `ruc` varchar(15) DEFAULT NULL,
  `proveedor` varchar(150) DEFAULT NULL,
  `direccion` varchar(250) DEFAULT NULL,
  `telefono` varchar(15) DEFAULT NULL,
  `ciudad` varchar(100) DEFAULT NULL
) ENGINE=InnoDB DEFAULT CHARSET=utf8;

--
-- Volcado de datos para la tabla `proveedores`
--

INSERT INTO `proveedores` (`idproveedor`, `ruc`, `proveedor`, `direccion`, `telefono`, `ciudad`) VALUES
(1, '46556554-4', 'Kevin Dario', 'Juan Jose Gamarra Y Medina', '098232', 'Concepcion'),
(2, '5547742-9', 'CASA CHACO S.A', 'Juan Jose Gamarra Y Medina', '232423', 'CONCEPCION'),
(3, '2141241-4', 'CASA YASY SA', 'rotonda', '0976828140', 'Concepcion');

-- --------------------------------------------------------

--
-- Estructura de tabla para la tabla `rendimiento`
--

CREATE TABLE `rendimiento` (
  `idrendimiento` int(11) NOT NULL,
  `cargo` tinyint(11) DEFAULT NULL,
  `pedido` int(11) DEFAULT NULL,
  `fecha` date DEFAULT NULL,
  `hora` time DEFAULT NULL,
  `verde` int(11) DEFAULT NULL,
  `amarillo` int(11) DEFAULT NULL,
  `rojo` int(11) DEFAULT NULL
) ENGINE=InnoDB DEFAULT CHARSET=latin1;

--
-- Volcado de datos para la tabla `rendimiento`
--

INSERT INTO `rendimiento` (`idrendimiento`, `cargo`, `pedido`, `fecha`, `hora`, `verde`, `amarillo`, `rojo`) VALUES
(1, 2, NULL, '2021-05-03', '21:11:59', 1, NULL, NULL),
(2, 2, NULL, '2021-05-03', '21:12:26', 1, NULL, NULL),
(3, 2, NULL, '2021-05-03', '21:12:34', 1, NULL, NULL),
(4, 2, NULL, '2021-05-03', '21:13:40', 1, NULL, NULL),
(5, 2, NULL, '2021-05-04', '14:39:54', NULL, NULL, 1),
(6, 2, NULL, '2021-05-04', '14:43:21', 1, NULL, NULL),
(7, 2, NULL, '2021-05-04', '18:59:11', NULL, 1, NULL),
(8, 2, NULL, '2021-05-06', '10:03:42', 1, NULL, NULL),
(9, 2, NULL, '2021-05-06', '10:21:53', 1, NULL, NULL),
(10, 2, NULL, '2021-06-06', '16:49:14', NULL, 1, NULL),
(11, 2, NULL, '2021-06-06', '16:49:59', NULL, 1, NULL),
(12, 2, NULL, '2021-06-06', '17:01:14', 1, NULL, NULL),
(13, 2, NULL, '2021-06-06', '17:25:03', 1, NULL, NULL),
(14, 2, NULL, '2021-06-06', '17:25:42', 1, NULL, NULL),
(15, 2, NULL, '2021-06-12', '01:34:34', 1, NULL, NULL),
(16, 2, NULL, '2021-06-20', '13:51:49', NULL, NULL, 1),
(17, 2, NULL, '2021-06-24', '15:19:35', 1, NULL, NULL),
(18, 2, NULL, '2021-06-24', '15:46:37', NULL, NULL, 1),
(19, 2, NULL, '2021-07-24', '15:16:58', 1, NULL, NULL),
(20, 2, NULL, '2021-07-24', '17:25:47', 1, NULL, NULL),
(21, 2, NULL, '2021-07-24', '17:26:00', 1, NULL, NULL),
(22, 2, NULL, '2021-12-07', '09:00:50', 1, NULL, NULL),
(23, 2, NULL, '2021-12-07', '11:23:55', 1, NULL, NULL),
(24, 2, NULL, '2022-10-28', '20:11:56', 1, NULL, NULL),
(25, 2, NULL, '2022-10-28', '20:13:51', 1, NULL, NULL),
(26, 2, NULL, '2022-10-28', '20:14:37', 1, NULL, NULL),
(27, 2, NULL, '2023-01-16', '22:03:52', 1, NULL, NULL),
(28, 2, NULL, '2023-01-17', '17:46:05', 1, NULL, NULL),
(29, 2, NULL, '2023-01-17', '21:05:25', 1, NULL, NULL),
(30, 2, NULL, '2023-03-01', '19:53:02', 1, NULL, NULL);

-- --------------------------------------------------------

--
-- Estructura de tabla para la tabla `ruta`
--

CREATE TABLE `ruta` (
  `idruta` int(11) NOT NULL,
  `latlong_inic` text DEFAULT NULL,
  `latlong_fin` text DEFAULT NULL,
  `distancia` text DEFAULT NULL,
  `tiempo` text DEFAULT NULL,
  `velocidad` text DEFAULT NULL
) ENGINE=InnoDB DEFAULT CHARSET=latin1;

--
-- Volcado de datos para la tabla `ruta`
--

INSERT INTO `ruta` (`idruta`, `latlong_inic`, `latlong_fin`, `distancia`, `tiempo`, `velocidad`) VALUES
(1, NULL, '-25.2880003,-57.625434399999996', NULL, NULL, NULL),
(2, '-25.3424981,-57.6253921', '-25.2880003,-57.625434399999996', '6.8 km', '8 min', NULL),
(5, '-23.40762,-57.4128865', '-25.341697968800105,-57.59931179881068', '416.8 km', '7 h 5 min', NULL),
(13, NULL, '-25.2880003,-57.625434399999996', NULL, NULL, NULL),
(14, NULL, '-25.2880003,-57.625434399999996', NULL, NULL, NULL),
(15, NULL, '-25.2880003,-57.625434399999996', NULL, NULL, NULL),
(16, NULL, '-25.263739899999997,-57.57592599999999', NULL, NULL, NULL),
(17, NULL, '-25.2880003,-57.625434399999996', NULL, NULL, NULL),
(18, NULL, '-25.2880003,-57.625434399999996', NULL, NULL, NULL),
(19, NULL, '-25.2880003,-57.625434399999996', NULL, NULL, NULL),
(20, NULL, '-25.2880003,-57.625434399999996', NULL, NULL, NULL),
(21, NULL, '-25.2880003,-57.625434399999996', NULL, NULL, NULL),
(22, NULL, '-25.263739899999997,-57.57592599999999', NULL, NULL, NULL),
(23, NULL, '-25.2822,-57.6351', NULL, NULL, NULL),
(24, NULL, '-25.341697968800105,-57.59931179881068', NULL, NULL, NULL),
(25, NULL, '-25.2880003,-57.625434399999996', NULL, NULL, NULL),
(26, NULL, '-25.2880003,-57.625434399999996', NULL, NULL, NULL),
(27, '-25.3424981,-57.6253921', '-25.3550252,-57.5999611', '3.8 km', '4 min', NULL),
(29, '-25.346048,-57.4980096', '-25.295302378582114,-57.620199833934585', '15.2 km', '19 min', NULL),
(30, NULL, '-25.2880003,-57.625434399999996', NULL, NULL, NULL),
(31, NULL, '-25.3550147,-57.5999829', NULL, NULL, NULL),
(32, '-25.3550256,-57.5999923', '-25.3550147,-57.5999829', '1.1 m', '0 s', NULL);

-- --------------------------------------------------------

--
-- Estructura de tabla para la tabla `ruta_detalle`
--

CREATE TABLE `ruta_detalle` (
  `idruta` int(11) DEFAULT NULL,
  `coordenadas` longtext DEFAULT NULL
) ENGINE=InnoDB DEFAULT CHARSET=latin1;

--
-- Volcado de datos para la tabla `ruta_detalle`
--

INSERT INTO `ruta_detalle` (`idruta`, `coordenadas`) VALUES
(1, '-57.6287179,-25.3466095;-57.625434399999996,-25.2880003'),
(2, '-57.6253921,-25.3424981;-57.625434399999996,-25.2880003'),
(5, '-57.4128865,-23.40762;-57.59931179881068,-25.341697968800105'),
(13, '-57.62856439999999,-25.3462765;-57.625434399999996,-25.2880003'),
(14, '-57.6285926,-25.3462864;-57.625434399999996,-25.2880003'),
(15, '-57.628695099999995,-25.346643;-57.625434399999996,-25.2880003'),
(16, '-57.6286817,-25.346620899999998;-57.57592599999999,-25.263739899999997'),
(17, '-57.6332344,-25.2883922;-57.625434399999996,-25.2880003'),
(18, '-57.6332344,-25.2883922;-57.625434399999996,-25.2880003'),
(19, '-57.6332438,-25.2883655;-57.625434399999996,-25.2880003'),
(20, '-57.4288009,-23.4253969;-57.625434399999996,-25.2880003'),
(21, '-57.4288672,-23.4253917;-57.625434399999996,-25.2880003'),
(22, '-57.4288672,-23.4253917;-57.57592599999999,-25.263739899999997'),
(23, '-57.4288672,-23.4253917;-57.6351,-25.2822'),
(24, '-57.4288672,-23.4253917;-57.59931179881068,-25.341697968800105'),
(25, '-57.4129105,-23.407619;-57.625434399999996,-25.2880003'),
(26, '-57.628728,-25.3465732;-57.625434399999996,-25.2880003'),
(27, '-57.6253921,-25.3424981;-57.5999611,-25.3550252'),
(29, '-57.4980096,-25.346048;-57.620199833934585,-25.295302378582114'),
(30, '-57.5999624,-25.3549716;-57.625434399999996,-25.2880003'),
(31, '-57.5999884,-25.355022;-57.5999829,-25.3550147'),
(32, '-57.5999923,-25.3550256;-57.5999829,-25.3550147');

-- --------------------------------------------------------

--
-- Estructura de tabla para la tabla `sucursal`
--

CREATE TABLE `sucursal` (
  `idsucursal` tinyint(4) NOT NULL,
  `desc_suc` varchar(60) DEFAULT NULL
) ENGINE=InnoDB DEFAULT CHARSET=latin1;

--
-- Volcado de datos para la tabla `sucursal`
--

INSERT INTO `sucursal` (`idsucursal`, `desc_suc`) VALUES
(1, 'CENTRO'),
(2, 'ITACURUBI');

-- --------------------------------------------------------

--
-- Estructura de tabla para la tabla `sugerencias`
--

CREATE TABLE `sugerencias` (
  `idsugerencia` int(11) NOT NULL,
  `cliente` int(11) DEFAULT NULL,
  `descripcion` longtext DEFAULT NULL,
  `fecha` date DEFAULT NULL,
  `estado` tinyint(4) DEFAULT 0
) ENGINE=InnoDB DEFAULT CHARSET=latin1;

-- --------------------------------------------------------

--
-- Estructura de tabla para la tabla `tipo_factura`
--

CREATE TABLE `tipo_factura` (
  `idtipo` tinyint(4) NOT NULL,
  `factura` varchar(20) DEFAULT NULL
) ENGINE=InnoDB DEFAULT CHARSET=utf8;

--
-- Volcado de datos para la tabla `tipo_factura`
--

INSERT INTO `tipo_factura` (`idtipo`, `factura`) VALUES
(1, 'CONTADO'),
(2, 'CREDITO');

-- --------------------------------------------------------

--
-- Estructura de tabla para la tabla `tipo_pedido`
--

CREATE TABLE `tipo_pedido` (
  `idtipo_ped` tinyint(4) NOT NULL,
  `desc_tip_ped` varchar(100) DEFAULT NULL
) ENGINE=InnoDB DEFAULT CHARSET=latin1;

--
-- Volcado de datos para la tabla `tipo_pedido`
--

INSERT INTO `tipo_pedido` (`idtipo_ped`, `desc_tip_ped`) VALUES
(1, 'Entrega a domicilio'),
(2, 'Retiro de local');

-- --------------------------------------------------------

--
-- Estructura de tabla para la tabla `transferencia_cab`
--

CREATE TABLE `transferencia_cab` (
  `idtransferencia` int(11) NOT NULL,
  `sucursalorigen` tinyint(4) DEFAULT NULL,
  `sucursaldestino` tinyint(4) DEFAULT NULL,
  `bodegaorigen` int(11) DEFAULT NULL,
  `bodegadestino` int(11) DEFAULT NULL,
  `observacion` longtext DEFAULT NULL,
  `total` float DEFAULT NULL,
  `fecha` date DEFAULT NULL,
  `hora` time DEFAULT NULL
) ENGINE=InnoDB DEFAULT CHARSET=utf8;

--
-- Volcado de datos para la tabla `transferencia_cab`
--

INSERT INTO `transferencia_cab` (`idtransferencia`, `sucursalorigen`, `sucursaldestino`, `bodegaorigen`, `bodegadestino`, `observacion`, `total`, `fecha`, `hora`) VALUES
(5, 1, 2, 1, 1, 'compra de mercaderias', 10000, '2021-04-05', '16:52:57'),
(6, 1, 2, 1, 1, 'reposicion', 10000, '2021-04-06', '15:08:55'),
(7, 1, 1, 2, 1, '', 10000, '2021-04-08', '16:21:29'),
(8, 1, 2, 1, 1, '', 4000, '2021-04-08', '16:25:09'),
(9, 1, 2, 1, 1, 'REPOSICION', 200000, '2021-12-07', '09:20:14'),
(10, 1, 2, 2, 2, 'reposicion', 161800, '2021-12-07', '11:37:08');

-- --------------------------------------------------------

--
-- Estructura de tabla para la tabla `transferencia_det`
--

CREATE TABLE `transferencia_det` (
  `idtransferencia` int(11) DEFAULT NULL,
  `articulo` int(11) DEFAULT NULL,
  `cantidad` float DEFAULT NULL,
  `costo` float DEFAULT NULL,
  `subtotal` float DEFAULT NULL
) ENGINE=InnoDB DEFAULT CHARSET=utf8;

--
-- Volcado de datos para la tabla `transferencia_det`
--

INSERT INTO `transferencia_det` (`idtransferencia`, `articulo`, `cantidad`, `costo`, `subtotal`) VALUES
(5, 20, 5, 2000, 10000),
(6, 20, 5, 2000, 10000),
(7, 20, 5, 2000, 10000),
(8, 20, 2, 2000, 4000),
(8, 20, 3, 10000, 30000),
(9, 20, 20, 10000, 200000),
(10, 16, 4, 1450, 5800),
(10, 11, 20, 7800, 156000);

-- --------------------------------------------------------

--
-- Estructura de tabla para la tabla `usuarios`
--

CREATE TABLE `usuarios` (
  `idusuario` int(11) NOT NULL,
  `idsucursal` tinyint(4) DEFAULT NULL,
  `nrocaja` int(11) NOT NULL,
  `nivel` tinyint(4) DEFAULT NULL,
  `empleado` int(11) DEFAULT NULL,
  `usuario` varchar(20) NOT NULL,
  `contrasena` varchar(100) NOT NULL,
  `estado` tinyint(4) DEFAULT 0
) ENGINE=InnoDB DEFAULT CHARSET=latin1;

--
-- Volcado de datos para la tabla `usuarios`
--

INSERT INTO `usuarios` (`idusuario`, `idsucursal`, `nrocaja`, `nivel`, `empleado`, `usuario`, `contrasena`, `estado`) VALUES
(1, 1, 1, 1, 2, 'admin', '827ccb0eea8a706c4c34a16891f84e7b', 0),
(2, 1, 1, 3, 5, 'recepcion', '827ccb0eea8a706c4c34a16891f84e7b', 0),
(6, 1, 6, 5, 4, 'logistica', '827ccb0eea8a706c4c34a16891f84e7b', 0),
(7, 1, 6, 1, 6, 'FERMIN', '827ccb0eea8a706c4c34a16891f84e7b', 0);

-- --------------------------------------------------------

--
-- Estructura de tabla para la tabla `vehiculos`
--

CREATE TABLE `vehiculos` (
  `idvehiculo` int(11) NOT NULL,
  `sucursal` tinyint(4) DEFAULT NULL,
  `marca` varchar(60) DEFAULT NULL,
  `modelo` varchar(60) DEFAULT NULL,
  `año` int(11) DEFAULT NULL,
  `matricula` varchar(60) DEFAULT NULL,
  `estado` tinyint(4) DEFAULT 0
) ENGINE=InnoDB DEFAULT CHARSET=latin1;

--
-- Volcado de datos para la tabla `vehiculos`
--

INSERT INTO `vehiculos` (`idvehiculo`, `sucursal`, `marca`, `modelo`, `año`, `matricula`, `estado`) VALUES
(1, 1, 'JMC', 'NRH2', 2020, 'HHG2312', 0),
(2, 2, 'JMC', 'N720', 2021, 'ASJDH65', 0);

-- --------------------------------------------------------

--
-- Estructura de tabla para la tabla `ventas_cab`
--

CREATE TABLE `ventas_cab` (
  `idventa` int(11) NOT NULL,
  `sucursal` tinyint(4) DEFAULT NULL,
  `id_caja` int(11) DEFAULT NULL,
  `nrofactura` int(7) UNSIGNED ZEROFILL NOT NULL,
  `cliente` int(11) DEFAULT NULL,
  `documento` varchar(20) DEFAULT NULL,
  `nombre_ocacional` varchar(200) DEFAULT NULL,
  `tipofactura` tinyint(4) DEFAULT NULL,
  `fecha` date NOT NULL,
  `fecha_alta` date DEFAULT NULL,
  `hora` time DEFAULT NULL,
  `total_comprobante` float DEFAULT NULL,
  `total_iva` float DEFAULT NULL,
  `total_gravada5` float DEFAULT NULL,
  `total_gravada10` float DEFAULT NULL,
  `total_exenta` float DEFAULT NULL,
  `total_comprobante_c_iva` float DEFAULT NULL,
  `lista_precio` int(11) DEFAULT NULL,
  `estado` tinyint(4) DEFAULT 0,
  `usuario` int(11) DEFAULT NULL,
  `idhabilitacion` int(11) DEFAULT NULL
) ENGINE=InnoDB DEFAULT CHARSET=utf8;

--
-- Volcado de datos para la tabla `ventas_cab`
--

INSERT INTO `ventas_cab` (`idventa`, `sucursal`, `id_caja`, `nrofactura`, `cliente`, `documento`, `nombre_ocacional`, `tipofactura`, `fecha`, `fecha_alta`, `hora`, `total_comprobante`, `total_iva`, `total_gravada5`, `total_gravada10`, `total_exenta`, `total_comprobante_c_iva`, `lista_precio`, `estado`, `usuario`, `idhabilitacion`) VALUES
(1, 1, 1, 0000001, 59, '', '', 1, '2023-01-16', '2023-01-16', '22:04:01', 332727, 33273, 0, 332727, 0, 366000, 1, 0, 1, 1),
(2, 1, 1, 0000002, 59, '', '', 1, '2023-01-16', '2023-01-16', '22:04:17', 332727, 33273, 0, 332727, 0, 366000, 1, 0, 1, 1),
(3, 1, 1, 0000003, 59, '', '', 1, '2023-01-17', '2023-01-17', '21:06:10', 37727, 3773, 0, 37727, 0, 41500, 1, 0, 1, 1),
(4, 1, 1, 0000004, 1, '6860012', 'BEPA S.A', 1, '2023-03-03', '2023-03-03', '20:36:19', 14545, 1455, 0, 14545, 0, 16000, 1, 0, 1, 1),
(5, 1, 1, 0000005, 1, '', '', 1, '2023-03-03', '2023-03-03', '20:38:31', 63636, 6364, 0, 63636, 0, 70000, 1, 0, 1, 1),
(6, 1, 1, 0000006, 1, '', '', 1, '2023-03-03', '2023-03-03', '20:41:42', 118182, 11818, 0, 118182, 0, 130000, 1, 0, 1, 1),
(7, 1, 1, 0000007, 1, '', '', 1, '2023-03-03', '2023-03-03', '20:42:58', 145455, 14545, 0, 145455, 0, 160000, 1, 1, 1, 1),
(8, 1, 1, 0000008, 1, '', '', 1, '2023-03-03', '2023-03-03', '20:43:59', 181818, 18182, 0, 181818, 0, 200000, 1, 0, 1, 1);

-- --------------------------------------------------------

--
-- Estructura de tabla para la tabla `ventas_det`
--

CREATE TABLE `ventas_det` (
  `idventa` int(11) NOT NULL,
  `articulo` int(11) NOT NULL,
  `precio` float DEFAULT NULL,
  `costo` float DEFAULT NULL,
  `cantidad` int(11) DEFAULT NULL,
  `subtotal` float DEFAULT NULL,
  `total_iva` float DEFAULT NULL,
  `subtotal_c_iva` float DEFAULT NULL,
  `total_gravada10` float DEFAULT NULL,
  `total_gravada5` float DEFAULT NULL,
  `total_exenta` float DEFAULT NULL
) ENGINE=InnoDB DEFAULT CHARSET=utf8;

--
-- Volcado de datos para la tabla `ventas_det`
--

INSERT INTO `ventas_det` (`idventa`, `articulo`, `precio`, `costo`, `cantidad`, `subtotal`, `total_iva`, `subtotal_c_iva`, `total_gravada10`, `total_gravada5`, `total_exenta`) VALUES
(1, 135, 122000, 0, 3, 332727, 33273, 366000, 332727, NULL, NULL),
(2, 135, 122000, 0, 3, 332727, 33273, 366000, 332727, NULL, NULL),
(3, 20, 16500, 10000, 1, 15000, 1500, 16500, 15000, NULL, NULL),
(3, 12, 25000, 10200, 1, 22727, 2273, 25000, 22727, NULL, NULL),
(4, 11, 1000, 0, 16, 14545, 1455, 16000, 14545, NULL, NULL),
(5, 17, 7000, 0, 10, 63636, 6364, 70000, 63636, NULL, NULL),
(6, 25, 13000, 0, 10, 118182, 11818, 130000, 118182, NULL, NULL),
(7, 28, 16000, 0, 10, 145455, 14545, 160000, 145455, NULL, NULL),
(8, 32, 20000, 0, 10, 181818, 18182, 200000, 181818, NULL, NULL);

-- --------------------------------------------------------

--
-- Estructura de tabla para la tabla `viajes`
--

CREATE TABLE `viajes` (
  `idviaje` int(11) NOT NULL,
  `pedido` int(11) DEFAULT NULL,
  `ruta` int(11) DEFAULT NULL,
  `fecha_salida` date DEFAULT NULL,
  `hora_salida` time DEFAULT NULL
) ENGINE=InnoDB DEFAULT CHARSET=latin1;

--
-- Volcado de datos para la tabla `viajes`
--

INSERT INTO `viajes` (`idviaje`, `pedido`, `ruta`, `fecha_salida`, `hora_salida`) VALUES
(15, 54, 32, '2023-03-01', '20:05:56');

--
-- Índices para tablas volcadas
--

--
-- Indices de la tabla `articulos`
--
ALTER TABLE `articulos`
  ADD PRIMARY KEY (`idarticulo`),
  ADD KEY `clasificacion` (`clasificacion`),
  ADD KEY `proveedor` (`proveedor`);

--
-- Indices de la tabla `bancos`
--
ALTER TABLE `bancos`
  ADD PRIMARY KEY (`idbanco`),
  ADD KEY `ciudad` (`ciudad`);

--
-- Indices de la tabla `bodegas`
--
ALTER TABLE `bodegas`
  ADD PRIMARY KEY (`idbodega`),
  ADD KEY `sucursal` (`sucursal`);

--
-- Indices de la tabla `bodegas_det`
--
ALTER TABLE `bodegas_det`
  ADD KEY `articulo` (`articulo`),
  ADD KEY `bodegas_det_ibfk_1` (`bodega`);

--
-- Indices de la tabla `cajas`
--
ALTER TABLE `cajas`
  ADD PRIMARY KEY (`idcaja`);

--
-- Indices de la tabla `cargos`
--
ALTER TABLE `cargos`
  ADD PRIMARY KEY (`idcargo`);

--
-- Indices de la tabla `ciudades`
--
ALTER TABLE `ciudades`
  ADD PRIMARY KEY (`idciudad`);

--
-- Indices de la tabla `clasificaciones`
--
ALTER TABLE `clasificaciones`
  ADD PRIMARY KEY (`idclasificacion`);

--
-- Indices de la tabla `clientes`
--
ALTER TABLE `clientes`
  ADD PRIMARY KEY (`idcliente`),
  ADD KEY `ciudad` (`ciudad`);

--
-- Indices de la tabla `compras_pagos_cab`
--
ALTER TABLE `compras_pagos_cab`
  ADD PRIMARY KEY (`idpago`),
  ADD KEY `usuario` (`usuario`),
  ADD KEY `proveedor` (`proveedor`);

--
-- Indices de la tabla `compras_pagos_det`
--
ALTER TABLE `compras_pagos_det`
  ADD KEY `credito` (`credito`),
  ADD KEY `idpago` (`idpago`);

--
-- Indices de la tabla `compras_pagos_obs`
--
ALTER TABLE `compras_pagos_obs`
  ADD KEY `idpago` (`idpago`),
  ADD KEY `banco` (`banco`),
  ADD KEY `formapago` (`formapago`);

--
-- Indices de la tabla `compra_cab`
--
ALTER TABLE `compra_cab`
  ADD PRIMARY KEY (`idcompra`),
  ADD KEY `proveedor` (`proveedor`),
  ADD KEY `tipofactura` (`tipofactura`),
  ADD KEY `proveedor_2` (`proveedor`),
  ADD KEY `sucursal` (`sucursal`);

--
-- Indices de la tabla `compra_det`
--
ALTER TABLE `compra_det`
  ADD KEY `idcompra` (`idcompra`),
  ADD KEY `articulo` (`articulo`);

--
-- Indices de la tabla `credito_compra`
--
ALTER TABLE `credito_compra`
  ADD PRIMARY KEY (`idcredito`),
  ADD KEY `cliente` (`proveedor`),
  ADD KEY `venta` (`compra`),
  ADD KEY `plazo` (`plazo`);

--
-- Indices de la tabla `empleados`
--
ALTER TABLE `empleados`
  ADD PRIMARY KEY (`idempleado`),
  ADD KEY `ciudad` (`ciudad`),
  ADD KEY `cargo` (`cargo`);

--
-- Indices de la tabla `especificaciones`
--
ALTER TABLE `especificaciones`
  ADD PRIMARY KEY (`idesp`),
  ADD KEY `articulo` (`articulo`);

--
-- Indices de la tabla `ficha_cab`
--
ALTER TABLE `ficha_cab`
  ADD PRIMARY KEY (`idficha`);

--
-- Indices de la tabla `ficha_detalle`
--
ALTER TABLE `ficha_detalle`
  ADD KEY `ficha_detalle_ibfk_1` (`idficha`),
  ADD KEY `ficha_detalle_ibfk_2` (`articulo`);

--
-- Indices de la tabla `formapago`
--
ALTER TABLE `formapago`
  ADD PRIMARY KEY (`idpago`);

--
-- Indices de la tabla `habilitaciones`
--
ALTER TABLE `habilitaciones`
  ADD PRIMARY KEY (`idhabilitacion`),
  ADD KEY `sucursal` (`sucursal`),
  ADD KEY `usuario` (`usuario`);

--
-- Indices de la tabla `imagenes`
--
ALTER TABLE `imagenes`
  ADD PRIMARY KEY (`idimagen`),
  ADD KEY `nrohabitacion` (`articulo`);

--
-- Indices de la tabla `inventario_cab`
--
ALTER TABLE `inventario_cab`
  ADD PRIMARY KEY (`id_inv`),
  ADD KEY `motivo` (`observacion`),
  ADD KEY `sucursal` (`sucursal`),
  ADD KEY `bodega` (`bodega`);

--
-- Indices de la tabla `inventario_det`
--
ALTER TABLE `inventario_det`
  ADD KEY `articulo` (`articulo`),
  ADD KEY `id_inv` (`id_inv`);

--
-- Indices de la tabla `itinerario`
--
ALTER TABLE `itinerario`
  ADD PRIMARY KEY (`iditinerario`),
  ADD KEY `itinerario_ibfk_1` (`ruta`);

--
-- Indices de la tabla `mensaje`
--
ALTER TABLE `mensaje`
  ADD PRIMARY KEY (`idmensaje`);

--
-- Indices de la tabla `motivos_mov`
--
ALTER TABLE `motivos_mov`
  ADD PRIMARY KEY (`idmot`);

--
-- Indices de la tabla `movimientos_cab`
--
ALTER TABLE `movimientos_cab`
  ADD PRIMARY KEY (`id_mov`),
  ADD KEY `sucursal` (`sucursal`),
  ADD KEY `bodega` (`bodega`),
  ADD KEY `motivo` (`motivo`);

--
-- Indices de la tabla `movimientos_det`
--
ALTER TABLE `movimientos_det`
  ADD KEY `id_mov` (`id_mov`),
  ADD KEY `movimientos_det_ibfk_1` (`articulo`);

--
-- Indices de la tabla `niveles`
--
ALTER TABLE `niveles`
  ADD PRIMARY KEY (`idnivel`);

--
-- Indices de la tabla `orden_entrega`
--
ALTER TABLE `orden_entrega`
  ADD PRIMARY KEY (`idorden`),
  ADD KEY `vehiculo` (`vehiculo`);

--
-- Indices de la tabla `orden_entrega_det_emp`
--
ALTER TABLE `orden_entrega_det_emp`
  ADD KEY `empleado` (`empleado`),
  ADD KEY `orden_entrega_det_id_orden` (`idorden`);

--
-- Indices de la tabla `orden_entrega_det_ped`
--
ALTER TABLE `orden_entrega_det_ped`
  ADD KEY `idorden` (`idorden`),
  ADD KEY `orden_entrega_det_ped_ibfk_2` (`pedido`);

--
-- Indices de la tabla `pedido`
--
ALTER TABLE `pedido`
  ADD PRIMARY KEY (`idpedido`),
  ADD KEY `pedido_clientes_fk` (`cliente`),
  ADD KEY `tipo_pedido` (`tipo_pedido`);

--
-- Indices de la tabla `pedido_det`
--
ALTER TABLE `pedido_det`
  ADD KEY `idpedido` (`idpedido`),
  ADD KEY `articulo` (`articulo`);

--
-- Indices de la tabla `plazos`
--
ALTER TABLE `plazos`
  ADD PRIMARY KEY (`idplazo`);

--
-- Indices de la tabla `precios`
--
ALTER TABLE `precios`
  ADD KEY `idlista` (`idlista`),
  ADD KEY `articulo` (`articulo`);

--
-- Indices de la tabla `precio_lista`
--
ALTER TABLE `precio_lista`
  ADD PRIMARY KEY (`idlista`);

--
-- Indices de la tabla `presupuesto_cab`
--
ALTER TABLE `presupuesto_cab`
  ADD PRIMARY KEY (`idpresupuesto`),
  ADD KEY `cliente` (`cliente`);

--
-- Indices de la tabla `presupuesto_det`
--
ALTER TABLE `presupuesto_det`
  ADD KEY `idpresupuesto` (`idpresupuesto`);

--
-- Indices de la tabla `proveedores`
--
ALTER TABLE `proveedores`
  ADD PRIMARY KEY (`idproveedor`);

--
-- Indices de la tabla `rendimiento`
--
ALTER TABLE `rendimiento`
  ADD PRIMARY KEY (`idrendimiento`);

--
-- Indices de la tabla `ruta`
--
ALTER TABLE `ruta`
  ADD PRIMARY KEY (`idruta`);

--
-- Indices de la tabla `ruta_detalle`
--
ALTER TABLE `ruta_detalle`
  ADD KEY `ruta_detalle_id_ruta` (`idruta`);

--
-- Indices de la tabla `sucursal`
--
ALTER TABLE `sucursal`
  ADD PRIMARY KEY (`idsucursal`);

--
-- Indices de la tabla `sugerencias`
--
ALTER TABLE `sugerencias`
  ADD PRIMARY KEY (`idsugerencia`),
  ADD KEY `cliente` (`cliente`);

--
-- Indices de la tabla `tipo_factura`
--
ALTER TABLE `tipo_factura`
  ADD PRIMARY KEY (`idtipo`);

--
-- Indices de la tabla `tipo_pedido`
--
ALTER TABLE `tipo_pedido`
  ADD PRIMARY KEY (`idtipo_ped`);

--
-- Indices de la tabla `transferencia_cab`
--
ALTER TABLE `transferencia_cab`
  ADD PRIMARY KEY (`idtransferencia`),
  ADD KEY `bodegasalida` (`bodegaorigen`),
  ADD KEY `bodegadestino` (`bodegadestino`),
  ADD KEY `sucursalorigen` (`sucursalorigen`),
  ADD KEY `sucursaldestino` (`sucursaldestino`);

--
-- Indices de la tabla `transferencia_det`
--
ALTER TABLE `transferencia_det`
  ADD KEY `articulo` (`articulo`),
  ADD KEY `idtransferencia` (`idtransferencia`);

--
-- Indices de la tabla `usuarios`
--
ALTER TABLE `usuarios`
  ADD PRIMARY KEY (`idusuario`),
  ADD KEY `idsucursal` (`idsucursal`),
  ADD KEY `nivel` (`nivel`),
  ADD KEY `empleado` (`empleado`);

--
-- Indices de la tabla `vehiculos`
--
ALTER TABLE `vehiculos`
  ADD PRIMARY KEY (`idvehiculo`),
  ADD KEY `sucursal` (`sucursal`);

--
-- Indices de la tabla `ventas_cab`
--
ALTER TABLE `ventas_cab`
  ADD PRIMARY KEY (`idventa`),
  ADD UNIQUE KEY `nro_factura` (`nrofactura`),
  ADD KEY `cliente` (`cliente`),
  ADD KEY `tipofactura` (`tipofactura`),
  ADD KEY `caja_fk` (`id_caja`);

--
-- Indices de la tabla `ventas_det`
--
ALTER TABLE `ventas_det`
  ADD KEY `idventa` (`idventa`),
  ADD KEY `articulo` (`articulo`);

--
-- Indices de la tabla `viajes`
--
ALTER TABLE `viajes`
  ADD PRIMARY KEY (`idviaje`),
  ADD KEY `pedido` (`pedido`),
  ADD KEY `viajes_ibfk_1` (`ruta`);

--
-- AUTO_INCREMENT de las tablas volcadas
--

--
-- AUTO_INCREMENT de la tabla `articulos`
--
ALTER TABLE `articulos`
  MODIFY `idarticulo` int(11) NOT NULL AUTO_INCREMENT, AUTO_INCREMENT=1412;

--
-- AUTO_INCREMENT de la tabla `bancos`
--
ALTER TABLE `bancos`
  MODIFY `idbanco` int(11) NOT NULL AUTO_INCREMENT, AUTO_INCREMENT=6;

--
-- AUTO_INCREMENT de la tabla `bodegas`
--
ALTER TABLE `bodegas`
  MODIFY `idbodega` int(11) NOT NULL AUTO_INCREMENT, AUTO_INCREMENT=5;

--
-- AUTO_INCREMENT de la tabla `cajas`
--
ALTER TABLE `cajas`
  MODIFY `idcaja` int(11) NOT NULL AUTO_INCREMENT, AUTO_INCREMENT=8;

--
-- AUTO_INCREMENT de la tabla `cargos`
--
ALTER TABLE `cargos`
  MODIFY `idcargo` int(11) NOT NULL AUTO_INCREMENT, AUTO_INCREMENT=7;

--
-- AUTO_INCREMENT de la tabla `ciudades`
--
ALTER TABLE `ciudades`
  MODIFY `idciudad` int(11) NOT NULL AUTO_INCREMENT, AUTO_INCREMENT=3;

--
-- AUTO_INCREMENT de la tabla `clasificaciones`
--
ALTER TABLE `clasificaciones`
  MODIFY `idclasificacion` int(11) NOT NULL AUTO_INCREMENT, AUTO_INCREMENT=6;

--
-- AUTO_INCREMENT de la tabla `clientes`
--
ALTER TABLE `clientes`
  MODIFY `idcliente` int(11) NOT NULL AUTO_INCREMENT, AUTO_INCREMENT=68;

--
-- AUTO_INCREMENT de la tabla `credito_compra`
--
ALTER TABLE `credito_compra`
  MODIFY `idcredito` int(1) NOT NULL AUTO_INCREMENT, AUTO_INCREMENT=5;

--
-- AUTO_INCREMENT de la tabla `empleados`
--
ALTER TABLE `empleados`
  MODIFY `idempleado` int(11) NOT NULL AUTO_INCREMENT, AUTO_INCREMENT=7;

--
-- AUTO_INCREMENT de la tabla `especificaciones`
--
ALTER TABLE `especificaciones`
  MODIFY `idesp` int(11) NOT NULL AUTO_INCREMENT, AUTO_INCREMENT=3;

--
-- AUTO_INCREMENT de la tabla `ficha_cab`
--
ALTER TABLE `ficha_cab`
  MODIFY `idficha` int(11) NOT NULL AUTO_INCREMENT, AUTO_INCREMENT=6;

--
-- AUTO_INCREMENT de la tabla `formapago`
--
ALTER TABLE `formapago`
  MODIFY `idpago` tinyint(4) NOT NULL AUTO_INCREMENT, AUTO_INCREMENT=7;

--
-- AUTO_INCREMENT de la tabla `habilitaciones`
--
ALTER TABLE `habilitaciones`
  MODIFY `idhabilitacion` int(11) NOT NULL AUTO_INCREMENT, AUTO_INCREMENT=2;

--
-- AUTO_INCREMENT de la tabla `imagenes`
--
ALTER TABLE `imagenes`
  MODIFY `idimagen` int(11) NOT NULL AUTO_INCREMENT, AUTO_INCREMENT=4787;

--
-- AUTO_INCREMENT de la tabla `inventario_cab`
--
ALTER TABLE `inventario_cab`
  MODIFY `id_inv` int(11) NOT NULL AUTO_INCREMENT, AUTO_INCREMENT=33;

--
-- AUTO_INCREMENT de la tabla `itinerario`
--
ALTER TABLE `itinerario`
  MODIFY `iditinerario` int(11) NOT NULL AUTO_INCREMENT, AUTO_INCREMENT=186;

--
-- AUTO_INCREMENT de la tabla `mensaje`
--
ALTER TABLE `mensaje`
  MODIFY `idmensaje` int(11) NOT NULL AUTO_INCREMENT, AUTO_INCREMENT=7;

--
-- AUTO_INCREMENT de la tabla `motivos_mov`
--
ALTER TABLE `motivos_mov`
  MODIFY `idmot` int(11) NOT NULL AUTO_INCREMENT, AUTO_INCREMENT=3;

--
-- AUTO_INCREMENT de la tabla `movimientos_cab`
--
ALTER TABLE `movimientos_cab`
  MODIFY `id_mov` int(11) NOT NULL AUTO_INCREMENT, AUTO_INCREMENT=12;

--
-- AUTO_INCREMENT de la tabla `niveles`
--
ALTER TABLE `niveles`
  MODIFY `idnivel` tinyint(11) NOT NULL AUTO_INCREMENT, AUTO_INCREMENT=6;

--
-- AUTO_INCREMENT de la tabla `orden_entrega`
--
ALTER TABLE `orden_entrega`
  MODIFY `idorden` int(11) NOT NULL AUTO_INCREMENT, AUTO_INCREMENT=11;

--
-- AUTO_INCREMENT de la tabla `pedido`
--
ALTER TABLE `pedido`
  MODIFY `idpedido` int(11) NOT NULL AUTO_INCREMENT, AUTO_INCREMENT=55;

--
-- AUTO_INCREMENT de la tabla `plazos`
--
ALTER TABLE `plazos`
  MODIFY `idplazo` tinyint(4) NOT NULL AUTO_INCREMENT, AUTO_INCREMENT=4;

--
-- AUTO_INCREMENT de la tabla `precio_lista`
--
ALTER TABLE `precio_lista`
  MODIFY `idlista` int(11) NOT NULL AUTO_INCREMENT, AUTO_INCREMENT=3;

--
-- AUTO_INCREMENT de la tabla `presupuesto_cab`
--
ALTER TABLE `presupuesto_cab`
  MODIFY `idpresupuesto` int(11) NOT NULL AUTO_INCREMENT;

--
-- AUTO_INCREMENT de la tabla `proveedores`
--
ALTER TABLE `proveedores`
  MODIFY `idproveedor` int(11) NOT NULL AUTO_INCREMENT, AUTO_INCREMENT=5;

--
-- AUTO_INCREMENT de la tabla `rendimiento`
--
ALTER TABLE `rendimiento`
  MODIFY `idrendimiento` int(11) NOT NULL AUTO_INCREMENT, AUTO_INCREMENT=31;

--
-- AUTO_INCREMENT de la tabla `ruta`
--
ALTER TABLE `ruta`
  MODIFY `idruta` int(11) NOT NULL AUTO_INCREMENT, AUTO_INCREMENT=33;

--
-- AUTO_INCREMENT de la tabla `sucursal`
--
ALTER TABLE `sucursal`
  MODIFY `idsucursal` tinyint(4) NOT NULL AUTO_INCREMENT, AUTO_INCREMENT=3;

--
-- AUTO_INCREMENT de la tabla `sugerencias`
--
ALTER TABLE `sugerencias`
  MODIFY `idsugerencia` int(11) NOT NULL AUTO_INCREMENT;

--
-- AUTO_INCREMENT de la tabla `tipo_factura`
--
ALTER TABLE `tipo_factura`
  MODIFY `idtipo` tinyint(4) NOT NULL AUTO_INCREMENT, AUTO_INCREMENT=3;

--
-- AUTO_INCREMENT de la tabla `tipo_pedido`
--
ALTER TABLE `tipo_pedido`
  MODIFY `idtipo_ped` tinyint(4) NOT NULL AUTO_INCREMENT, AUTO_INCREMENT=3;

--
-- AUTO_INCREMENT de la tabla `transferencia_cab`
--
ALTER TABLE `transferencia_cab`
  MODIFY `idtransferencia` int(11) NOT NULL AUTO_INCREMENT, AUTO_INCREMENT=11;

--
-- AUTO_INCREMENT de la tabla `usuarios`
--
ALTER TABLE `usuarios`
  MODIFY `idusuario` int(11) NOT NULL AUTO_INCREMENT, AUTO_INCREMENT=8;

--
-- AUTO_INCREMENT de la tabla `vehiculos`
--
ALTER TABLE `vehiculos`
  MODIFY `idvehiculo` int(11) NOT NULL AUTO_INCREMENT, AUTO_INCREMENT=3;

--
-- AUTO_INCREMENT de la tabla `viajes`
--
ALTER TABLE `viajes`
  MODIFY `idviaje` int(11) NOT NULL AUTO_INCREMENT, AUTO_INCREMENT=16;

--
-- Restricciones para tablas volcadas
--

--
-- Filtros para la tabla `articulos`
--
ALTER TABLE `articulos`
  ADD CONSTRAINT `articulos_clasificacion_fk` FOREIGN KEY (`clasificacion`) REFERENCES `clasificaciones` (`idclasificacion`),
  ADD CONSTRAINT `articulos_proveedor_fk` FOREIGN KEY (`proveedor`) REFERENCES `proveedores` (`idproveedor`);

--
-- Filtros para la tabla `bodegas`
--
ALTER TABLE `bodegas`
  ADD CONSTRAINT `bodegas_fk_sucursal` FOREIGN KEY (`sucursal`) REFERENCES `sucursal` (`idsucursal`);

--
-- Filtros para la tabla `bodegas_det`
--
ALTER TABLE `bodegas_det`
  ADD CONSTRAINT `bodegas_det_ibfk_1` FOREIGN KEY (`bodega`) REFERENCES `bodegas` (`idbodega`),
  ADD CONSTRAINT `bodegas_det_ibfk_2` FOREIGN KEY (`articulo`) REFERENCES `articulos` (`idarticulo`);

--
-- Filtros para la tabla `clientes`
--
ALTER TABLE `clientes`
  ADD CONSTRAINT `clientes_fk_ciudad` FOREIGN KEY (`ciudad`) REFERENCES `ciudades` (`idciudad`);

--
-- Filtros para la tabla `compras_pagos_cab`
--
ALTER TABLE `compras_pagos_cab`
  ADD CONSTRAINT `compras_pagos_cab_ibfk_2` FOREIGN KEY (`usuario`) REFERENCES `usuarios` (`idusuario`),
  ADD CONSTRAINT `compras_pagos_cab_proveedor` FOREIGN KEY (`proveedor`) REFERENCES `proveedores` (`idproveedor`);

--
-- Filtros para la tabla `compras_pagos_det`
--
ALTER TABLE `compras_pagos_det`
  ADD CONSTRAINT `compras_pagos_obs_credito` FOREIGN KEY (`credito`) REFERENCES `credito_compra` (`idcredito`),
  ADD CONSTRAINT `compras_pagos_obs_pago` FOREIGN KEY (`idpago`) REFERENCES `compras_pagos_cab` (`idpago`);

--
-- Filtros para la tabla `compras_pagos_obs`
--
ALTER TABLE `compras_pagos_obs`
  ADD CONSTRAINT `compras_pagos_obs_forma` FOREIGN KEY (`formapago`) REFERENCES `formapago` (`idpago`),
  ADD CONSTRAINT `compras_pagos_obs_idpago` FOREIGN KEY (`idpago`) REFERENCES `compras_pagos_cab` (`idpago`);

--
-- Filtros para la tabla `compra_det`
--
ALTER TABLE `compra_det`
  ADD CONSTRAINT `compra_det_idcompra_fk` FOREIGN KEY (`idcompra`) REFERENCES `compra_cab` (`idcompra`) ON DELETE CASCADE ON UPDATE CASCADE;

--
-- Filtros para la tabla `credito_compra`
--
ALTER TABLE `credito_compra`
  ADD CONSTRAINT `credito_compra_id` FOREIGN KEY (`compra`) REFERENCES `compra_cab` (`idcompra`) ON DELETE CASCADE ON UPDATE CASCADE,
  ADD CONSTRAINT `credito_compra_proveedor` FOREIGN KEY (`proveedor`) REFERENCES `proveedores` (`idproveedor`);

--
-- Filtros para la tabla `empleados`
--
ALTER TABLE `empleados`
  ADD CONSTRAINT `empleados_cargo_fk` FOREIGN KEY (`cargo`) REFERENCES `cargos` (`idcargo`),
  ADD CONSTRAINT `empleados_ibfk_1` FOREIGN KEY (`ciudad`) REFERENCES `ciudades` (`idciudad`);

--
-- Filtros para la tabla `especificaciones`
--
ALTER TABLE `especificaciones`
  ADD CONSTRAINT `especificaciones_ibfk_1` FOREIGN KEY (`articulo`) REFERENCES `articulos` (`idarticulo`);

--
-- Filtros para la tabla `habilitaciones`
--
ALTER TABLE `habilitaciones`
  ADD CONSTRAINT `habilitaciones_sucursal_fk` FOREIGN KEY (`sucursal`) REFERENCES `sucursal` (`idsucursal`),
  ADD CONSTRAINT `habilitaciones_usuario_fk` FOREIGN KEY (`usuario`) REFERENCES `usuarios` (`idusuario`);

--
-- Filtros para la tabla `imagenes`
--
ALTER TABLE `imagenes`
  ADD CONSTRAINT `imagenes_fk_articulo` FOREIGN KEY (`articulo`) REFERENCES `articulos` (`idarticulo`);

--
-- Filtros para la tabla `inventario_cab`
--
ALTER TABLE `inventario_cab`
  ADD CONSTRAINT `inventario_cab_bodega` FOREIGN KEY (`bodega`) REFERENCES `bodegas` (`idbodega`),
  ADD CONSTRAINT `inventario_cab_sucursal` FOREIGN KEY (`sucursal`) REFERENCES `sucursal` (`idsucursal`);

--
-- Filtros para la tabla `inventario_det`
--
ALTER TABLE `inventario_det`
  ADD CONSTRAINT `inventario_det_ibfk_1` FOREIGN KEY (`articulo`) REFERENCES `articulos` (`idarticulo`),
  ADD CONSTRAINT `inventario_det_ibfk_2` FOREIGN KEY (`id_inv`) REFERENCES `inventario_cab` (`id_inv`) ON DELETE CASCADE ON UPDATE CASCADE;

--
-- Filtros para la tabla `itinerario`
--
ALTER TABLE `itinerario`
  ADD CONSTRAINT `itinerario_ibfk_1` FOREIGN KEY (`ruta`) REFERENCES `ruta` (`idruta`) ON DELETE CASCADE ON UPDATE CASCADE;

--
-- Filtros para la tabla `movimientos_cab`
--
ALTER TABLE `movimientos_cab`
  ADD CONSTRAINT `movimientos_bodega` FOREIGN KEY (`bodega`) REFERENCES `bodegas` (`idbodega`),
  ADD CONSTRAINT `movimientos_motivo` FOREIGN KEY (`motivo`) REFERENCES `motivos_mov` (`idmot`),
  ADD CONSTRAINT `movimientos_sucursal` FOREIGN KEY (`sucursal`) REFERENCES `sucursal` (`idsucursal`);

--
-- Filtros para la tabla `movimientos_det`
--
ALTER TABLE `movimientos_det`
  ADD CONSTRAINT `movimientos_det_ibfk_1` FOREIGN KEY (`articulo`) REFERENCES `articulos` (`idarticulo`) ON DELETE CASCADE ON UPDATE CASCADE,
  ADD CONSTRAINT `movimientos_det_ibfk_2` FOREIGN KEY (`id_mov`) REFERENCES `movimientos_cab` (`id_mov`) ON DELETE CASCADE ON UPDATE CASCADE;

--
-- Filtros para la tabla `orden_entrega_det_emp`
--
ALTER TABLE `orden_entrega_det_emp`
  ADD CONSTRAINT `orden_entrega_det_emp_ibfk_2` FOREIGN KEY (`empleado`) REFERENCES `empleados` (`idempleado`),
  ADD CONSTRAINT `orden_entrega_det_id_orden` FOREIGN KEY (`idorden`) REFERENCES `orden_entrega` (`idorden`);

--
-- Filtros para la tabla `orden_entrega_det_ped`
--
ALTER TABLE `orden_entrega_det_ped`
  ADD CONSTRAINT `orden_entrega_det_ped_ibfk_2` FOREIGN KEY (`pedido`) REFERENCES `pedido` (`idpedido`) ON DELETE CASCADE ON UPDATE CASCADE;

--
-- Filtros para la tabla `pedido`
--
ALTER TABLE `pedido`
  ADD CONSTRAINT `pedido_clientes_fk` FOREIGN KEY (`cliente`) REFERENCES `clientes` (`idcliente`),
  ADD CONSTRAINT `pedido_tipo_fk` FOREIGN KEY (`tipo_pedido`) REFERENCES `tipo_pedido` (`idtipo_ped`);

--
-- Filtros para la tabla `pedido_det`
--
ALTER TABLE `pedido_det`
  ADD CONSTRAINT `pedido_det_articulo_fk` FOREIGN KEY (`articulo`) REFERENCES `articulos` (`idarticulo`) ON DELETE CASCADE ON UPDATE CASCADE,
  ADD CONSTRAINT `pedido_det_idpedido_fk` FOREIGN KEY (`idpedido`) REFERENCES `pedido` (`idpedido`) ON DELETE CASCADE ON UPDATE CASCADE;

--
-- Filtros para la tabla `precios`
--
ALTER TABLE `precios`
  ADD CONSTRAINT `precios_articulo_fk` FOREIGN KEY (`articulo`) REFERENCES `articulos` (`idarticulo`),
  ADD CONSTRAINT `precios_lista_fk` FOREIGN KEY (`idlista`) REFERENCES `precio_lista` (`idlista`);

--
-- Filtros para la tabla `presupuesto_cab`
--
ALTER TABLE `presupuesto_cab`
  ADD CONSTRAINT `presupuesto_cab_ibfk_1` FOREIGN KEY (`cliente`) REFERENCES `clientes` (`idcliente`);

--
-- Filtros para la tabla `presupuesto_det`
--
ALTER TABLE `presupuesto_det`
  ADD CONSTRAINT `presupuesto_det_ibfk_1` FOREIGN KEY (`idpresupuesto`) REFERENCES `presupuesto_cab` (`idpresupuesto`);

--
-- Filtros para la tabla `ruta_detalle`
--
ALTER TABLE `ruta_detalle`
  ADD CONSTRAINT `ruta_detalle_id_ruta` FOREIGN KEY (`idruta`) REFERENCES `ruta` (`idruta`) ON DELETE CASCADE ON UPDATE CASCADE;

--
-- Filtros para la tabla `sugerencias`
--
ALTER TABLE `sugerencias`
  ADD CONSTRAINT `sug_clientes_fk` FOREIGN KEY (`cliente`) REFERENCES `clientes` (`idcliente`) ON DELETE CASCADE ON UPDATE CASCADE;

--
-- Filtros para la tabla `transferencia_cab`
--
ALTER TABLE `transferencia_cab`
  ADD CONSTRAINT `transferencia_cab_fk1` FOREIGN KEY (`sucursalorigen`) REFERENCES `sucursal` (`idsucursal`),
  ADD CONSTRAINT `transferencia_cab_fk2` FOREIGN KEY (`sucursaldestino`) REFERENCES `sucursal` (`idsucursal`),
  ADD CONSTRAINT `transferencia_cab_fk3` FOREIGN KEY (`bodegaorigen`) REFERENCES `bodegas` (`idbodega`),
  ADD CONSTRAINT `transferencia_cab_fk4` FOREIGN KEY (`bodegadestino`) REFERENCES `bodegas` (`idbodega`);

--
-- Filtros para la tabla `transferencia_det`
--
ALTER TABLE `transferencia_det`
  ADD CONSTRAINT `transferencia_det_fk1` FOREIGN KEY (`idtransferencia`) REFERENCES `transferencia_cab` (`idtransferencia`) ON DELETE CASCADE ON UPDATE CASCADE,
  ADD CONSTRAINT `transferencia_det_fk2` FOREIGN KEY (`articulo`) REFERENCES `articulos` (`idarticulo`);

--
-- Filtros para la tabla `usuarios`
--
ALTER TABLE `usuarios`
  ADD CONSTRAINT `usuarios_empleado` FOREIGN KEY (`empleado`) REFERENCES `empleados` (`idempleado`),
  ADD CONSTRAINT `usuarios_nivel` FOREIGN KEY (`nivel`) REFERENCES `niveles` (`idnivel`),
  ADD CONSTRAINT `usuarios_sucursal` FOREIGN KEY (`idsucursal`) REFERENCES `sucursal` (`idsucursal`);

--
-- Filtros para la tabla `vehiculos`
--
ALTER TABLE `vehiculos`
  ADD CONSTRAINT `vehiculo_sucursal` FOREIGN KEY (`sucursal`) REFERENCES `sucursal` (`idsucursal`);

--
-- Filtros para la tabla `ventas_cab`
--
ALTER TABLE `ventas_cab`
  ADD CONSTRAINT `caja_fk` FOREIGN KEY (`id_caja`) REFERENCES `cajas` (`idcaja`),
  ADD CONSTRAINT `cliente_fk` FOREIGN KEY (`cliente`) REFERENCES `clientes` (`idcliente`),
  ADD CONSTRAINT `tipo_factura_fk` FOREIGN KEY (`tipofactura`) REFERENCES `tipo_factura` (`idtipo`);

--
-- Filtros para la tabla `ventas_det`
--
ALTER TABLE `ventas_det`
  ADD CONSTRAINT `ventas_det_idventa_fk` FOREIGN KEY (`idventa`) REFERENCES `ventas_cab` (`idventa`) ON DELETE CASCADE ON UPDATE CASCADE;

--
-- Filtros para la tabla `viajes`
--
ALTER TABLE `viajes`
  ADD CONSTRAINT `viajes_ibfk_1` FOREIGN KEY (`ruta`) REFERENCES `ruta` (`idruta`) ON DELETE CASCADE ON UPDATE CASCADE,
  ADD CONSTRAINT `viajes_pedido_fk` FOREIGN KEY (`pedido`) REFERENCES `pedido` (`idpedido`) ON DELETE CASCADE ON UPDATE CASCADE;
COMMIT;

/*!40101 SET CHARACTER_SET_CLIENT=@OLD_CHARACTER_SET_CLIENT */;
/*!40101 SET CHARACTER_SET_RESULTS=@OLD_CHARACTER_SET_RESULTS */;
/*!40101 SET COLLATION_CONNECTION=@OLD_COLLATION_CONNECTION */;
